clip_id,variant,frame,n_valid,s_frame,mad_log,moge_mask_fraction,lingbot_conf_fraction
08_000000_000020_s5,G51-D,0,35584,30.411833620509608,0.07323772933599071,0.928550345758138,0.7558610220947883
08_000000_000020_s5,G51-D,1,34548,32.239975175233646,0.08076017987006057,0.9262523191094619,0.7357269354022601
08_000000_000020_s5,G51-D,2,35118,32.423468806921676,0.06716932941300557,0.929562320796087,0.7448768763703829
08_000000_000020_s5,G51-D,3,34218,31.782930938088516,0.06544834118385823,0.9226049924101872,0.7265769944341373
08_000000_000020_s5,G51-D,4,33765,32.81456335427689,0.07805602757136265,0.9198853094956991,0.7162464159217405
08_000025_000045_s5,G51-D,0,32058,25.345725414586312,0.08762296507448353,0.9179035250463822,0.6758728284702311
08_000025_000045_s5,G51-D,1,31615,24.42669323549257,0.0795216755995547,0.9140032045876202,0.6665331421824928
08_000025_000045_s5,G51-D,2,31114,25.094075520833325,0.06662177343540954,0.9089433293978748,0.6559706527238994
08_000025_000045_s5,G51-D,3,28480,24.432783269557817,0.0722818787527264,0.9047478495530443,0.6004385225164446
08_000025_000045_s5,G51-D,4,27746,25.99847617118444,0.08014546410338363,0.9006788665879575,0.5849637375611402
08_000050_000070_s5,G51-D,0,32034,29.389550501432666,0.07455276670344646,0.8986338336987688,0.6760625737898465
08_000050_000070_s5,G51-D,1,29708,29.204403592139187,0.07043792838958107,0.9068982965086861,0.6271926125822229
08_000050_000070_s5,G51-D,2,30286,29.359103355354648,0.06320807521955607,0.9920728622027324,0.638788159892056
08_000050_000070_s5,G51-D,3,36178,29.442259557038838,0.06787611508294367,0.9992621015348289,0.7627551020408163
08_000050_000070_s5,G51-D,4,31135,26.25773704234052,0.04317366541314627,0.9641592174059707,0.6604191263282172
08_000075_000095_s5,G51-D,0,34439,35.33851267545981,0.09874711360698551,0.9352125147579693,0.7399856636869624
08_000075_000095_s5,G51-D,1,32582,34.18923310225304,0.06086596470008998,0.9062658121099679,0.7105540563332771
08_000075_000095_s5,G51-D,2,31525,36.82468831663762,0.05271764019380054,0.9102293810086017,0.6808062067802327
08_000075_000095_s5,G51-D,3,31358,36.23433656641325,0.053653473755208125,0.9083319278124473,0.6792460785967279
08_000075_000095_s5,G51-D,4,31228,36.36960510524372,0.08863774165673122,0.9234483049418114,0.6775805363467701
08_000100_000120_s5,G51-D,0,35219,40.4862921274355,0.10494150443724903,0.9422541743970315,0.7539424860853432
08_000100_000120_s5,G51-D,1,34611,41.45708414713542,0.09086058343629233,0.9538075560802833,0.7353896103896104
08_000100_000120_s5,G51-D,2,35760,42.25030595008275,0.10710877169370381,0.9682492831843481,0.7593607691010288
08_000100_000120_s5,G51-D,3,33772,42.72607850191887,0.13165653096205832,0.969324506662169,0.715635014336313
08_000100_000120_s5,G51-D,4,35913,42.1020265296979,0.12678502362509692,0.980920053972002,0.7573368190251307
08_000125_000145_s5,G51-D,0,37247,38.521252349624056,0.12050210802137817,0.980013493000506,0.7933462641254849
08_000125_000145_s5,G51-D,1,37376,39.71527910915132,0.11715224059055163,0.9776943835385394,0.7940419969640748
08_000125_000145_s5,G51-D,2,36943,39.740545949179584,0.10534070071184498,0.9699359082475966,0.7837535840782595
08_000125_000145_s5,G51-D,3,35855,36.98993114151398,0.11511928054649623,0.9517203575645135,0.7722423680215889
08_000125_000145_s5,G51-D,4,35891,37.45215312800191,0.11774890349169453,0.9580873671782763,0.7728326867937257
08_000150_000170_s5,G51-D,0,34104,37.85651146991911,0.10779284138280332,0.95195226851071,0.7265137459942654
08_000150_000170_s5,G51-D,1,34679,37.71752121274834,0.15057252140319788,0.9512987012987013,0.7449612076235453
08_000150_000170_s5,G51-D,2,36160,38.44526367187499,0.14464656690932376,0.95334373418789,0.7656223646483387
08_000150_000170_s5,G51-D,3,37090,37.220673329826404,0.11754945363016689,0.9569910608871648,0.7860937763535166
08_000150_000170_s5,G51-D,4,37321,37.108424554273725,0.13829799822864564,0.9621563501433631,0.8026016191600607
08_000175_000195_s5,G51-D,0,37282,42.2842101722282,0.12156922668546377,0.9647706189913983,0.8023486254005735
08_000175_000195_s5,G51-D,1,38952,42.01176682049224,0.15027125581532363,0.957033226513746,0.8304941811435318
08_000175_000195_s5,G51-D,2,38640,42.83754485645933,0.14862231493423916,0.9670897284533648,0.8249704840613932
08_000175_000195_s5,G51-D,3,38272,45.90858505564387,0.15153617754618431,0.9716857817507168,0.8255186372069488
08_000175_000195_s5,G51-D,4,37995,44.884750669984676,0.12298870901652093,0.9805616461460618,0.8109714960364311
08_000200_000220_s5,G51-D,0,36712,42.082919237944886,0.1608890875197495,0.9776943835385394,0.7923975375274076
08_000200_000220_s5,G51-D,1,36090,41.746303575425245,0.1386458452840842,0.9705473098330241,0.7819404621352674
08_000200_000220_s5,G51-D,2,33463,38.38554437633262,0.09125365553682352,0.9604697250801147,0.7194088379153314
08_000200_000220_s5,G51-D,3,32031,37.29292616896155,0.09889844925534641,0.9397031539888683,0.703934052960027
08_000200_000220_s5,G51-D,4,32279,36.577735900878906,0.07733990421554138,0.9561899139821217,0.6872997132737393
08_000225_000245_s5,G51-D,0,35268,38.11923654649947,0.08599201242376764,0.9648127846179794,0.7458677685950413
08_000225_000245_s5,G51-D,1,37643,36.62218765140504,0.06959838268081597,0.9903019058863215,0.7942106594703997
08_000225_000245_s5,G51-D,2,37457,39.00024780884808,0.0886349942224145,0.9949190419969641,0.7899097655591162
08_000225_000245_s5,G51-D,3,36534,39.72801993806877,0.08995286192508067,0.9998102546803845,0.7704292460785968
08_000225_000245_s5,G51-D,4,34771,40.63654401714711,0.07750483503343464,0.9994518468544442,0.7333867431270029
08_000250_000270_s5,G51-D,0,36960,33.60728348351817,0.07731501397867624,0.9972381514589307,0.7805489964580874
08_000250_000270_s5,G51-D,1,34556,32.46988799099838,0.10465269210961337,0.9902386574464497,0.7297815820543093
08_000250_000270_s5,G51-D,2,35009,32.51807339932603,0.14102695601843562,0.9789382695226851,0.7383622870635858
08_000250_000270_s5,G51-D,3,29796,33.31557998717442,0.12884036298642032,0.9666048237476809,0.631092933040985
08_000250_000270_s5,G51-D,4,29295,30.29713394300726,0.10399918548967779,0.9539129701467364,0.6176631809748693
08_000275_000295_s5,G51-D,0,35029,38.05187290916109,0.10140375945979407,0.9502656434474617,0.748988024962051
08_000275_000295_s5,G51-D,1,36106,42.838053629435294,0.12223815728453902,0.9516149434980604,0.7708087367178277
08_000275_000295_s5,G51-D,2,35721,39.05933697455751,0.08997197305039073,0.943561308821049,0.7627129364142351
08_000275_000295_s5,G51-D,3,33598,38.43178856064237,0.11321128823876592,0.943350480688143,0.7132104908078934
08_000275_000295_s5,G51-D,4,31036,41.12565898541114,0.12962724663786296,0.9420433462641254,0.6565398886827458
08_000300_000320_s5,G51-D,0,35309,43.928144142419605,0.1195869685855957,0.9480097824253668,0.756092933040985
08_000300_000320_s5,G51-D,1,36335,39.47422236689816,0.10697582534054328,0.9477567886658795,0.7770070838252656
08_000300_000320_s5,G51-D,2,35444,43.17080146269457,0.1676132450020691,0.946449654241862,0.7570205768257716
08_000300_000320_s5,G51-D,3,36337,40.35219399538105,0.13632824706559932,0.9488952605835723,0.7745614774835554
08_000300_000320_s5,G51-D,4,36160,43.50188809076263,0.14052633717345908,0.9690504300893912,0.7735073368190252
08_000325_000345_s5,G51-D,0,36442,39.69602309641371,0.1069257248341875,0.9782636194973857,0.7700497554393658
08_000325_000345_s5,G51-D,1,37235,40.25565176728586,0.11178155209269347,0.981995277449823,0.7860094451003542
08_000325_000345_s5,G51-D,2,36815,38.484299111707585,0.1162290375271291,0.9866334963737561,0.7768384213189408
08_000325_000345_s5,G51-D,3,37546,36.948206612365304,0.07765402557615331,0.9941178950919211,0.7920391297014674
08_000325_000345_s5,G51-D,4,37909,39.42555383133561,0.08546258524786277,0.9972170686456401,0.7992283690335639
08_000350_000370_s5,G51-D,0,36408,39.84014423076923,0.09852459241373723,0.9993885984145724,0.7679625569235958
08_000350_000370_s5,G51-D,1,34146,39.76445922291092,0.10013429844925081,0.9996626749873503,0.7201678191937932
08_000350_000370_s5,G51-D,2,33545,39.13811968838527,0.15124356563391128,0.9997048406139315,0.7072229718333615
08_000350_000370_s5,G51-D,3,34910,38.429136668321746,0.10951150097354989,1.0,0.736001011975038
08_000350_000370_s5,G51-D,4,31742,37.21448863636364,0.11106384740583941,0.9999789171867094,0.6692106594703997
08_000375_000395_s5,G51-D,0,34753,37.31171724470136,0.11438529073813797,0.9998313374936751,0.7376243885984146
08_000375_000395_s5,G51-D,1,36322,35.302953036053125,0.12740291920966573,0.9998102546803845,0.7659596896609884
08_000375_000395_s5,G51-D,2,33056,36.8774442985999,0.10668411245981524,0.9991777702816664,0.6980097824253668
08_000375_000395_s5,G51-D,3,31751,36.67596084770114,0.09014275389660131,0.9977652217911959,0.6700961376286052
08_000375_000395_s5,G51-D,4,27768,36.18352594623914,0.08892158397596739,0.9959731826614944,0.5854275594535335
08_000400_000420_s5,G51-D,0,31101,33.50149106019296,0.04078508500660094,0.9992199359082476,0.6558652386574465
08_000400_000420_s5,G51-D,1,29999,37.263113079019064,0.09884038176582477,0.9999789171867094,0.6324633159048744
08_000400_000420_s5,G51-D,2,31650,37.55632537759243,0.1471766759022226,1.0,0.6672710406476641
08_000400_000420_s5,G51-D,3,33993,38.95190018821967,0.15180108308388096,1.0,0.7166680721875527
08_000400_000420_s5,G51-D,4,30300,36.43523473173515,0.13120461820818696,0.9588885140833193,0.652091415078428
08_000425_000445_s5,G51-D,0,33845,32.561300274223036,0.10446042435906033,0.9117262607522347,0.7349468713105076
08_000425_000445_s5,G51-D,1,31663,33.279553345959606,0.10660474350804439,0.8781624219935908,0.7002234778208805
08_000425_000445_s5,G51-D,2,30831,33.49720879373848,0.07380445245904221,0.8523570585258897,0.6854022600775848
08_000425_000445_s5,G51-D,3,29573,33.81278672819518,0.06932448101155675,0.8237476808905381,0.6314513408669253
08_000425_000445_s5,G51-D,4,26972,32.17531427893738,0.062168143991200964,0.8326024624725924,0.5686456400742115
08_000450_000470_s5,G51-D,0,32216,32.89167864494605,0.0608786283821956,0.8370087704503288,0.6928234103558779
08_000450_000470_s5,G51-D,1,31524,34.15887627334464,0.09184423042088286,0.8433125316242199,0.6829988193624558
08_000450_000470_s5,G51-D,2,31572,34.037226159793825,0.1037954918243893,0.8468755270703323,0.6680300219261258
08_000450_000470_s5,G51-D,3,32276,34.18424606323243,0.11291367588336998,0.8445985832349469,0.6867726429414741
08_000450_000470_s5,G51-D,4,32679,35.39058792601381,0.13593173391170454,0.8447883285545623,0.6992536684095125
08_000475_000495_s5,G51-D,0,33533,29.497604519375475,0.09795011157020639,0.8381683251813122,0.7194510035419126
08_000475_000495_s5,G51-D,1,33245,29.097445446647587,0.06768166749590865,0.8423216393995615,0.7211797942317423
08_000475_000495_s5,G51-D,2,34261,30.577408640008223,0.06105273805785627,0.862603305785124,0.7400699949401248
08_000475_000495_s5,G51-D,3,40650,30.70733642578124,0.07302192853429013,0.9403145555742959,0.8780359251138472
08_000475_000495_s5,G51-D,4,43300,29.3496317903596,0.033649096469458906,0.9392182492831843,0.9432872322482712
08_000500_000520_s5,G51-D,0,40301,23.518148797023375,0.03355068222309221,0.9090909090909091,0.8548659133074717
08_000500_000520_s5,G51-D,1,37484,24.55264455590622,0.049810435785325735,0.8829903862371394,0.7961502782931354
08_000500_000520_s5,G51-D,2,35419,25.850459528001327,0.06308061167146972,0.8588927306459774,0.7528672626075223
08_000500_000520_s5,G51-D,3,35821,25.979197833554963,0.05508485139888197,0.8659554730983302,0.7579693034238488
08_000500_000520_s5,G51-D,4,35359,25.90406402068127,0.07335214370451748,0.8799122954967111,0.7475754764715804
08_000525_000545_s5,G51-D,0,37118,26.342562717517392,0.08481261003638663,0.8891254849047057,0.7902049249451847
08_000525_000545_s5,G51-D,1,37354,25.865750418060205,0.06030362749906781,0.8968207117557767,0.7987645471411705
08_000525_000545_s5,G51-D,2,36712,26.35733570772059,0.07237613508561669,0.8886194973857312,0.7896989374262101
08_000525_000545_s5,G51-D,3,35998,27.16387226901267,0.05757534756383187,0.9032298869961207,0.7633875864395345
08_000525_000545_s5,G51-D,4,34017,24.698804178639854,0.04758608817829213,0.9016065103727441,0.7240470568392646
08_000550_000570_s5,G51-D,0,37641,25.834076062887515,0.050520914134028594,0.895682239838084,0.8009360769101029
08_000550_000570_s5,G51-D,1,37506,25.884932620817843,0.039460022480636514,0.8895049755439366,0.7995867768595041
08_000550_000570_s5,G51-D,2,37701,26.859064046364026,0.052344472706311596,0.8911494349806038,0.8009571597233935
08_000550_000570_s5,G51-D,3,38174,27.49095027881041,0.04471487008256059,0.8906223646483387,0.8068392646314724
08_000550_000570_s5,G51-D,4,36090,26.503708132293543,0.05813666353366198,0.886384719176927,0.761384719176927
08_000575_000595_s5,G51-D,0,38223,23.939084854181957,0.03862556550362273,0.8893363130376117,0.8114353179288244
08_000575_000595_s5,G51-D,1,37800,23.492161039373418,0.04371658439070614,0.8951762523191095,0.8008306628436499
08_000575_000595_s5,G51-D,2,35400,22.925164473684216,0.054021338488943416,0.8912126834204757,0.7536473266992747
08_000575_000595_s5,G51-D,3,36055,22.885203010484535,0.051728653779115064,0.8897368864901333,0.7691642772811604
08_000575_000595_s5,G51-D,4,34810,24.12772195229682,0.05283422804508309,0.8898844661831675,0.7368864901332434
08_000600_000620_s5,G51-D,0,34438,28.32490139563107,0.04944297149060972,0.8746415921740597,0.7269564850733682
08_000600_000620_s5,G51-D,1,34214,28.273274058577393,0.05849301922344008,0.8779094282341036,0.721411705177939
08_000600_000620_s5,G51-D,2,33440,27.435029468201748,0.05877737150007123,0.8799544611232923,0.7050092764378478
08_000600_000620_s5,G51-D,3,34654,27.811807753164558,0.06667409749302866,0.8895260583572272,0.7325855962219598
08_000600_000620_s5,G51-D,4,33914,26.19978980019909,0.04655614008177156,0.8965677179962894,0.7152133580705009
08_000625_000645_s5,G51-D,0,37085,26.571770346573217,0.046238577619963195,0.911072693540226,0.7872954967110811
08_000625_000645_s5,G51-D,1,36360,26.7355906705631,0.054803419393578245,0.9199274751222803,0.7861359419800978
08_000625_000645_s5,G51-D,2,37019,27.362293397760116,0.0429412823691222,0.9282341035587789,0.8035292629448474
08_000625_000645_s5,G51-D,3,38509,26.716778427538372,0.06506261979944128,0.9404199696407488,0.8255186372069488
08_000625_000645_s5,G51-D,4,35730,27.004180859992108,0.057388330774796215,0.9386911789509192,0.7646947208635521
08_000650_000670_s5,G51-D,0,37343,25.514010313326718,0.025970758693377505,0.9323663349637376,0.7877382357901839
08_000650_000670_s5,G51-D,1,37578,26.312221751493563,0.042721133143858614,0.9387333445775005,0.792966773486254
08_000650_000670_s5,G51-D,2,37000,26.069572156157818,0.047865859133289,0.9386068476977568,0.7802116714454377
08_000650_000670_s5,G51-D,3,34928,26.846676806784668,0.05054334597043075,0.9367515601281835,0.7371605667060213
08_000650_000670_s5,G51-D,4,35866,25.599994013409955,0.044821962812951144,0.9411157024793388,0.7570627424523528
08_000675_000695_s5,G51-D,0,38988,26.082743034788674,0.04772825839332828,0.9449949401248102,0.8412042502951594
08_000675_000695_s5,G51-D,1,39286,29.13511307210709,0.04659719896940562,0.9467448136279305,0.848920559959521
08_000675_000695_s5,G51-D,2,40054,29.802013444467374,0.042483849569977084,0.9487687637038287,0.8607901838421319
08_000675_000695_s5,G51-D,3,39474,30.030156120546813,0.0690907279141717,0.9428866587957497,0.8555616461460618
08_000675_000695_s5,G51-D,4,38747,30.945929616418535,0.06738222746326272,0.9391128352167313,0.8432914488109293
08_000700_000720_s5,G51-D,0,35374,24.98108076780416,0.03667536805826055,0.9298574801821555,0.7642941474110305
08_000700_000720_s5,G51-D,1,38551,23.835606610757125,0.023693958305146534,0.953449148254343,0.822841119919042
08_000700_000720_s5,G51-D,2,43290,24.379530684169687,0.032052073759991195,0.9814260414909766,0.9239121268342048
08_000700_000720_s5,G51-D,3,43163,24.999692661411405,0.02815691371503437,0.9626412548490471,0.9261047394164277
08_000700_000720_s5,G51-D,4,36706,25.038653661334326,0.03657278106652462,0.8981489289930848,0.7815609714960364
08_000725_000745_s5,G51-D,0,36376,30.560669251253127,0.08759227560136407,0.8590403103390116,0.7762481025468039
08_000725_000745_s5,G51-D,1,35508,31.419947322882745,0.10531782598084916,0.8333614437510541,0.7635562489458594
08_000725_000745_s5,G51-D,2,35742,31.142641528107685,0.0744708266474492,0.8538539382695227,0.7774919885309496
08_000725_000745_s5,G51-D,3,36348,32.07769589386958,0.07090662322389951,0.8823157362118401,0.799059706527239
08_000725_000745_s5,G51-D,4,34503,31.969672613090474,0.0678577327624672,0.8707834373418789,0.754385225164446
08_000750_000770_s5,G51-D,0,38179,32.08071235009226,0.0716320482685262,0.8907488615280823,0.8275636700961376
08_000750_000770_s5,G51-D,1,37401,33.0666298635957,0.11002262159190668,0.8793219767245741,0.8062700286726261
08_000750_000770_s5,G51-D,2,37964,33.40343908361487,0.09303660754165288,0.8817043346264125,0.8260246247259234
08_000750_000770_s5,G51-D,3,38894,32.57872264392745,0.10381837150079543,0.909364985663687,0.8337198515769945
08_000750_000770_s5,G51-D,4,39491,32.479352175383234,0.09518043407882182,0.9257463315904875,0.8376834204756283
08_000775_000795_s5,G51-D,0,40717,27.096999207949313,0.0483810054157221,0.9337999662674987,0.869602799797605
08_000775_000795_s5,G51-D,1,39392,26.47952611502348,0.05255915519709631,0.92897200202395,0.8410988362287064
08_000775_000795_s5,G51-D,2,37266,27.58215079471983,0.0749250063388125,0.912674987350312,0.8052791364479677
08_000775_000795_s5,G51-D,3,37778,29.98067943191865,0.10566168504268925,0.8970104570753922,0.8127213695395513
08_000775_000795_s5,G51-D,4,44959,28.150623057282413,0.08617910946873408,0.9889315230224321,0.9559580030359252
08_000800_000820_s5,G51-D,0,45168,24.540568468268095,0.06026753316029754,0.9844198009782426,0.9567591499409681
08_000800_000820_s5,G51-D,1,38407,24.379309864904982,0.049387793066669516,0.910967279473773,0.8131008601787822
08_000800_000820_s5,G51-D,2,32935,25.193827024647888,0.04618154225238991,0.8647748355540563,0.7040605498397706
08_000800_000820_s5,G51-D,3,31636,25.544543545702172,0.06834151049306914,0.8687594872659807,0.6747765221791195
08_000800_000820_s5,G51-D,4,29527,25.022669242588574,0.048354781634907695,0.8646694214876033,0.6244307640411536
08_000825_000845_s5,G51-D,0,37213,28.68954165951237,0.0828252595064023,0.8729549671108112,0.8060170349131388
08_000825_000845_s5,G51-D,1,37585,29.411024932310468,0.07256007785064522,0.8862371394838927,0.8255397200202395
08_000825_000845_s5,G51-D,2,37781,31.235196473894128,0.0812804216328491,0.8907488615280823,0.8186667228875021
08_000825_000845_s5,G51-D,3,37009,28.68277955946699,0.04925021416337749,0.9093228200371057,0.7976049924101872
08_000825_000845_s5,G51-D,4,36382,28.402425642033535,0.04423488350570848,0.9131598920559959,0.774582560296846
08_000850_000870_s5,G51-D,0,39109,26.258780012636894,0.07287079967064436,0.9156265812109968,0.8328976218586608
08_000850_000870_s5,G51-D,1,39553,26.656270676404727,0.08304767681739866,0.9206232079608703,0.8465592848709732
08_000850_000870_s5,G51-D,2,39356,24.26092794248224,0.03153152506114765,0.9244181143531793,0.8428908753584078
08_000850_000870_s5,G51-D,3,36543,25.134239824019343,0.05582752395951429,0.9139399561477484,0.7802960026986001
08_000850_000870_s5,G51-D,4,34832,25.00481441191983,0.034614599995723916,0.9031666385562489,0.7437594872659807
08_000875_000895_s5,G51-D,0,35439,23.64658822469571,0.05636341803182976,0.9027028166638557,0.7576530612244898
08_000875_000895_s5,G51-D,1,35194,25.145081967213113,0.04009074568512161,0.8952184179456907,0.7530570079271378
08_000875_000895_s5,G51-D,2,35758,25.14906652113971,0.040755290769877384,0.8890622364648338,0.7646314724236802
08_000875_000895_s5,G51-D,3,32902,24.60729991678145,0.05811001882741729,0.8827584752909429,0.7007716309664361
08_000875_000895_s5,G51-D,4,32943,25.708168548829548,0.05286573571654696,0.8607058525889695,0.6962809917355371
08_000900_000920_s5,G51-D,0,36271,30.26874204678935,0.09537895749710357,0.8731236296171361,0.7690377804014168
08_000900_000920_s5,G51-D,1,36552,27.995821616473144,0.04716607038917453,0.8767498735031203,0.7772179119581717
08_000900_000920_s5,G51-D,2,35809,28.039313218106184,0.020181211626871143,0.8667355371900827,0.7614690504300894
08_000900_000920_s5,G51-D,3,34608,29.027765071263477,0.03910585264994326,0.8607269354022601,0.7314471243042672
08_000900_000920_s5,G51-D,4,33778,29.201263985803656,0.054630606510232216,0.8678740091077753,0.7181860347444763
08_000925_000945_s5,G51-D,0,35293,29.079779373972052,0.0482783301094063,0.8667566200033733,0.7565778377466689
08_000925_000945_s5,G51-D,1,34229,26.443674597855228,0.037017224143618854,0.8789635688986338,0.7335554056333277
08_000925_000945_s5,G51-D,2,35163,28.145039886773038,0.062053795758446384,0.8886194973857312,0.7470484061393152
08_000925_000945_s5,G51-D,3,35083,28.177511261899372,0.07420883280279389,0.8852673300725249,0.757104908078934
08_000925_000945_s5,G51-D,4,35918,29.65842361111111,0.08010434138451528,0.9164277281160398,0.7660651037274414
08_000950_000970_s5,G51-D,0,36290,29.35234138078091,0.05928396840697081,0.9130966436161241,0.792165626581211
08_000950_000970_s5,G51-D,1,35286,29.232409487315014,0.05451795563684869,0.9143616124135605,0.7621015348288076
08_000950_000970_s5,G51-D,2,33571,29.316542356271764,0.05717937880193569,0.9267372238151459,0.7111865407319953
08_000950_000970_s5,G51-D,3,32079,29.153376293789815,0.05174456698123153,0.933947545960533,0.6874894585933548
08_000950_000970_s5,G51-D,4,32048,28.282421234980877,0.02854571126583605,0.9573494687131051,0.6756830831506156
08_000975_000995_s5,G51-D,0,35811,28.639523630184982,0.026673780963865745,0.9656982627761849,0.7562615955473099
08_000975_000995_s5,G51-D,1,36661,32.851971255274265,0.08565853449196448,0.9761764209816158,0.7747090571765897
08_000975_000995_s5,G51-D,2,37985,30.931976078901496,0.04105916039621649,0.9892899308483724,0.8011258222297183
08_000975_000995_s5,G51-D,3,40846,32.94228367980562,0.04727624572472422,1.0,0.8611485916680722
08_000975_000995_s5,G51-D,4,41166,31.80898725429976,0.05643393545872555,1.0,0.867895091921066
08_001000_001020_s5,G51-D,0,40553,30.268192280453256,0.06703610208043731,0.9972592342722213,0.8553929836397369
08_001000_001020_s5,G51-D,1,36267,31.034716194058642,0.07186474920783592,0.993801652892562,0.7672246584584247
08_001000_001020_s5,G51-D,2,35328,29.77480412625718,0.07235048672469402,0.9805194805194806,0.7560086017878226
08_001000_001020_s5,G51-D,3,33112,29.857020382534767,0.087995658180414,0.920159386068477,0.7094155844155844
08_001000_001020_s5,G51-D,4,30095,29.229548972541284,0.07706204064401767,0.8884930005059876,0.6404747849553044
08_001025_001045_s5,G51-D,0,36060,34.25648107394367,0.07820951001265697,0.8968628773823579,0.7899519311856974
08_001025_001045_s5,G51-D,1,34992,34.32847059316354,0.07453766628663305,0.8916765053128689,0.7703449148254343
08_001025_001045_s5,G51-D,2,34471,34.216997907949796,0.07398085764463813,0.8741777702816664,0.768595041322314
08_001025_001045_s5,G51-D,3,35891,32.97631231319386,0.06809313171876097,0.8673469387755102,0.802854612919548
08_001025_001045_s5,G51-D,4,34565,31.92196116727942,0.04694081575295961,0.8602209478832855,0.7695859335469725
08_001050_001070_s5,G51-D,0,34483,33.28992979074889,0.04774962653109549,0.8325813796593018,0.7904157530780908
08_001050_001070_s5,G51-D,1,35414,31.62838168643689,0.048410328081662124,0.8351534828807556,0.8102546803845505
08_001050_001070_s5,G51-D,2,37108,32.182901457759414,0.04520066041456827,0.8720484061393152,0.8278799122954967
08_001050_001070_s5,G51-D,3,39096,32.72723922598627,0.06740376383678792,0.903377466689155,0.857416933715635
08_001050_001070_s5,G51-D,4,41695,30.86824909300792,0.10248224834373154,0.9639905548996458,0.8943118569741947
08_001075_001095_s5,G51-D,0,41890,28.261921053884233,0.07350783753786061,0.9599848203744308,0.8943540226007759
08_001075_001095_s5,G51-D,1,44316,27.028269909274197,0.031050595409217285,0.9643489627255861,0.9465339854950244
08_001075_001095_s5,G51-D,2,40248,27.144969118731556,0.060762408171944005,0.9148043514926631,0.8516613256872997
08_001075_001095_s5,G51-D,3,37120,29.991781203566127,0.06435884787712753,0.8702563670096137,0.783880080958003
08_001075_001095_s5,G51-D,4,32110,31.03941365418117,0.07217611766318388,0.8151669758812616,0.6834415584415584
08_001100_001120_s5,G51-D,0,32753,29.641591858626924,0.06156461138396718,0.8096011131725418,0.6907994602799797
08_001100_001120_s5,G51-D,1,33412,29.194312201605896,0.06602441649307589,0.8098962725586102,0.7053466014504975
08_001100_001120_s5,G51-D,2,34266,29.79394794474393,0.06328784311967639,0.8167271040647665,0.7243211334120425
08_001100_001120_s5,G51-D,3,34522,29.659163959553446,0.07621220271076745,0.8173174228369033,0.7293810086017878
08_001100_001120_s5,G51-D,4,34225,29.717096875,0.04903470358853301,0.8165162759318604,0.7237097318266149
08_001125_001145_s5,G51-D,0,34594,29.78443147156999,0.07678503642729329,0.8312109967954123,0.7306248945859335
08_001125_001145_s5,G51-D,1,33852,31.152900929831286,0.07801756979166297,0.813965255523697,0.715044695564176
08_001125_001145_s5,G51-D,2,33555,28.28078420538651,0.05411661625080866,0.8165795243717322,0.7122406813965255
08_001125_001145_s5,G51-D,3,32949,30.152540418836804,0.06459404541157587,0.8345631641086186,0.6955852588969472
08_001125_001145_s5,G51-D,4,33430,29.821402692875214,0.07429845252091827,0.839728453364817,0.7047984483049418
08_001150_001170_s5,G51-D,0,36048,31.896389687756788,0.060369480911419915,0.8226513745994265,0.7748144712430427
08_001150_001170_s5,G51-D,1,36022,32.47998859172829,0.07387924331870388,0.8270998482037443,0.7762270197335133
08_001150_001170_s5,G51-D,2,35731,34.11066203034683,0.09351846649176254,0.8376412548490471,0.7731489289930848
08_001150_001170_s5,G51-D,3,36451,32.84643692176186,0.09709472384319406,0.848013998988025,0.7894248608534323
08_001150_001170_s5,G51-D,4,37135,30.344599184782602,0.08634074240127987,0.8705304435823916,0.7971622533310845
08_001175_001195_s5,G51-D,0,36912,27.320455570199776,0.07066873307851895,0.8674945184685444,0.7935149266318098
08_001175_001195_s5,G51-D,1,35994,26.710372903699856,0.05650675744282041,0.8601576994434137,0.769881092933041
08_001175_001195_s5,G51-D,2,33711,26.89057362901105,0.06986238271491363,0.8574590993422162,0.716014504975544
08_001175_001195_s5,G51-D,3,33291,28.21553576239224,0.06769488818857017,0.8492368021588801,0.7060423342890876
08_001175_001195_s5,G51-D,4,32181,24.937645097414425,0.04947741241485337,0.858913813459268,0.6794779895429246
08_001200_001220_s5,G51-D,0,33344,24.512413611778836,0.04316817083731905,0.8614859166807218,0.7089306797099005
08_001200_001220_s5,G51-D,1,33857,23.82171749524513,0.04050024601139146,0.8686962388261089,0.7259234272221285
08_001200_001220_s5,G51-D,2,35532,24.80533174227589,0.09464505130961931,0.8858365660313712,0.7666554224995783
08_001200_001220_s5,G51-D,3,36339,23.282198660714286,0.06738540662632309,0.8959563164108618,0.774962050936077
08_001200_001220_s5,G51-D,4,35866,22.442496835285947,0.06805757471036888,0.8977061899139821,0.7669294990723562
08_001225_001245_s5,G51-D,0,37952,21.158607890271494,0.047761983524799545,0.8953027491988531,0.8177390791027155
08_001225_001245_s5,G51-D,1,37899,21.0438716292508,0.04608870658427744,0.8995614774835554,0.8143869117895092
08_001225_001245_s5,G51-D,2,37775,22.001161093418258,0.04913511238130264,0.9038202057682577,0.8072820037105751
08_001225_001245_s5,G51-D,3,36519,21.233993013562543,0.05344839273600188,0.8991609040310339,0.7764800134930006
08_001225_001245_s5,G51-D,4,35595,20.74634606132865,0.05061098788185703,0.8981067633665036,0.7554815314555574
08_001250_001270_s5,G51-D,0,35676,24.184054093723315,0.05019918810514845,0.8882821723730815,0.7595505144206443
08_001250_001270_s5,G51-D,1,33582,23.015185925387588,0.05523175625484633,0.8621816495193119,0.7280106257378984
08_001250_001270_s5,G51-D,2,32541,25.072999721364887,0.060457906098590364,0.8662295496711081,0.6990428402766065
08_001250_001270_s5,G51-D,3,29795,25.386608467164475,0.09771997584823522,0.8355118907066958,0.6373545285882948
08_001250_001270_s5,G51-D,4,30063,25.212152266027996,0.09056883500538149,0.8337409343902851,0.6437637038286389
08_001275_001295_s5,G51-D,0,36220,31.083636293316825,0.05995708452938531,0.8504596053297352,0.7818561308821049
08_001275_001295_s5,G51-D,1,36431,32.31189266784451,0.06915958443049597,0.8658500590318772,0.7874219935908248
08_001275_001295_s5,G51-D,2,36359,30.412825096701944,0.05567345440175586,0.8703196154494856,0.7875274076572778
08_001275_001295_s5,G51-D,3,35088,31.116469950796624,0.06638482291809922,0.86281413391803,0.7563248439871817
08_001275_001295_s5,G51-D,4,32130,30.028911347879294,0.04783671696037706,0.8336987687637039,0.6961123292292124
08_001300_001320_s5,G51-D,0,33443,26.47809547601745,0.048127730943131386,0.8494265474784956,0.7219598583234947
08_001300_001320_s5,G51-D,1,36194,26.239901392371056,0.05346663933378526,0.8765179625569236,0.7813501433631304
08_001300_001320_s5,G51-D,2,40247,26.981397001987624,0.07497889738054608,0.931860347444763,0.8707623545285883
08_001300_001320_s5,G51-D,3,41474,26.407628358510138,0.09397042240942133,0.9383116883116883,0.8967574633159049
08_001300_001320_s5,G51-D,4,40976,24.458179524109205,0.06845525661580809,0.9599004891212684,0.8673469387755102
08_001325_001345_s5,G51-D,0,38059,24.983012319711534,0.03718639786855871,0.9031877213695395,0.8137544273907911
08_001325_001345_s5,G51-D,1,35577,25.01113384317282,0.04532719458312506,0.8677264294147411,0.7655380333951762
08_001325_001345_s5,G51-D,2,34532,25.71021829873646,0.06225829998632504,0.8693287232248271,0.7356636869623883
08_001325_001345_s5,G51-D,3,35436,25.768275107106856,0.06603614867495744,0.8801652892561983,0.7552074548827795
08_001325_001345_s5,G51-D,4,34560,26.94995132708201,0.09102220964975194,0.8718586608196998,0.7399224152470906
08_001350_001370_s5,G51-D,0,37443,30.400822146843726,0.07888399543180746,0.8695606341710238,0.8168325181312194
08_001350_001370_s5,G51-D,1,36266,28.85101370782208,0.06470880618349084,0.8667987856299545,0.7862835216731321
08_001350_001370_s5,G51-D,2,35414,28.8749063670412,0.0916249988721447,0.8900952943160735,0.7611528082307303
08_001350_001370_s5,G51-D,3,33040,26.86834002602298,0.06836036911276189,0.8875653567212008,0.7077078765390453
08_001350_001370_s5,G51-D,4,30718,26.740339781746034,0.06597871701475344,0.8765179625569236,0.6562236464833867
08_001375_001395_s5,G51-D,0,34612,28.545032678873838,0.08385379555395045,0.8596727947377298,0.7511806375442739
08_001375_001395_s5,G51-D,1,34887,28.70917998387709,0.08221797544504561,0.8601998650699949,0.7590234440883792
08_001375_001395_s5,G51-D,2,34600,29.786487856723994,0.0799311215185039,0.8667987856299545,0.7573368190251307
08_001375_001395_s5,G51-D,3,35215,30.432171397900763,0.09709904116857349,0.8813880924270535,0.7648001349300051
08_001375_001395_s5,G51-D,4,35169,30.64491131756757,0.08462823486394333,0.8918240850059032,0.7564724236802158
08_001400_001420_s5,G51-D,0,34744,26.838436439697713,0.08695502726388682,0.8849721706864564,0.744012481025468
08_001400_001420_s5,G51-D,1,33438,26.007268562720334,0.062354441008073413,0.8598836228706359,0.7205683926463147
08_001400_001420_s5,G51-D,2,33427,25.691949629134243,0.07655349902712993,0.8798912126834205,0.715044695564176
08_001400_001420_s5,G51-D,3,32260,25.909972426470585,0.06112781508970966,0.8845294316073536,0.6885857648844662
08_001400_001420_s5,G51-D,4,31101,26.18194727506039,0.06477450404818308,0.8861949738573115,0.6623587451509529
08_001425_001445_s5,G51-D,0,36549,28.066020528242678,0.06547726061989811,0.8909386068476978,0.7785461291954798
08_001425_001445_s5,G51-D,1,35189,28.84585336538461,0.09284716479632849,0.8828217237308147,0.7511595547309833
08_001425_001445_s5,G51-D,2,36119,27.19708583300551,0.09409598453995249,0.9022600775847529,0.7687004553887671
08_001425_001445_s5,G51-D,3,37253,29.91261874480897,0.08625059804109769,0.9306164614606173,0.7911536515432619
08_001425_001445_s5,G51-D,4,36509,30.731930775968674,0.10566812053931773,0.9379111148591668,0.7711038961038961
08_001450_001470_s5,G51-D,0,37298,30.674054349027404,0.07869102639090331,0.945648507336819,0.7905000843312532
08_001450_001470_s5,G51-D,1,35840,30.599825264464595,0.10385072881348356,0.938965255523697,0.7649477146230393
08_001450_001470_s5,G51-D,2,36238,30.765283400809725,0.13745250900251338,0.9368358913813459,0.7730224321133412
08_001450_001470_s5,G51-D,3,35990,30.038984179197993,0.08151667465312928,0.9344956991060888,0.7678571428571429
08_001450_001470_s5,G51-D,4,38018,32.577550459632285,0.08547361366538908,0.9294779895429246,0.8143025805363467
08_001475_001495_s5,G51-D,0,39175,24.559328343392625,0.05824085514598876,0.9257674144037781,0.8323705515263957
08_001475_001495_s5,G51-D,1,38779,24.552668599656364,0.05752624149209584,0.9307640411536515,0.8215129026817338
08_001475_001495_s5,G51-D,2,37531,24.20882398592715,0.05055084189742587,0.9219514251981784,0.795475628267836
08_001475_001495_s5,G51-D,3,36418,24.63616071428572,0.058032878654028286,0.9180089391128352,0.7721158711418452
08_001475_001495_s5,G51-D,4,36237,24.28116200938566,0.05833069899742238,0.9167018046888177,0.7693329397874853
08_001500_001520_s5,G51-D,0,35423,21.945635606816886,0.07706776702202145,0.9167861359419801,0.7492831843481194
08_001500_001520_s5,G51-D,1,34310,21.746852517985612,0.07647951729146496,0.9126117389104402,0.7283901163771294
08_001500_001520_s5,G51-D,2,30877,21.38768901209678,0.05470559784582241,0.9108407825940293,0.6572356215213359
08_001500_001520_s5,G51-D,3,28711,21.546543362908842,0.04679731021208777,0.9083530106257379,0.6058989711587114
08_001500_001520_s5,G51-D,4,25315,21.129686957841773,0.04480527354728947,0.9116208466857818,0.5337957497048406
08_001525_001545_s5,G51-D,0,36118,28.767697782855723,0.0469632941881164,0.9110094451003542,0.7718839601956485
08_001525_001545_s5,G51-D,1,35617,29.489381138914865,0.07917632725518287,0.9098288075560803,0.7621015348288076
08_001525_001545_s5,G51-D,2,36287,32.39778423634812,0.0922819061346889,0.9014167650531287,0.770576825771631
08_001525_001545_s5,G51-D,3,35479,33.76577120850988,0.09481494444424099,0.9001096306291112,0.7524245235284196
08_001525_001545_s5,G51-D,4,34268,32.65578982126797,0.09340751679506853,0.9070458762017204,0.7249114521841794
08_001550_001570_s5,G51-D,0,35711,31.127161989795923,0.08923732837388121,0.9173975375274076,0.7610263113509866
08_001550_001570_s5,G51-D,1,34304,34.449944330464376,0.08523723194823929,0.9246921909259571,0.7311519649181987
08_001550_001570_s5,G51-D,2,34299,34.106578788610044,0.0930593825442565,0.9448262776184854,0.735516107269354
08_001550_001570_s5,G51-D,3,33799,35.940147641903174,0.08326859072653114,0.964939281497723,0.7178065441052454
08_001550_001570_s5,G51-D,4,31829,33.46752951235658,0.07669811305609375,0.9711797942317423,0.6780865238657446
08_001575_001595_s5,G51-D,0,32080,34.107792486954466,0.09684700926718381,0.9778630460448642,0.67897200202395
08_001575_001595_s5,G51-D,1,30911,35.528496362166536,0.09350003603915757,0.9792123460954629,0.6537147917018047
08_001575_001595_s5,G51-D,2,28697,33.91478712791201,0.09574088923416024,0.9820163602631136,0.6076066790352505
08_001575_001595_s5,G51-D,3,26974,37.46133267121754,0.09807280679745123,0.9808568055321302,0.5732838589981447
08_001575_001595_s5,G51-D,4,25682,41.11940040024631,0.10377779189532088,0.973815145893068,0.5494181143531793
08_001600_001620_s5,G51-D,0,26260,40.65505212721146,0.06690612566717058,0.9693455894754596,0.5662000337325013
08_001600_001620_s5,G51-D,1,27905,40.868374661740226,0.06149381963786116,0.9695775004216562,0.5963906223646483
08_001600_001620_s5,G51-D,2,30648,39.981484696502065,0.07936530392900498,0.9780949569910609,0.65877466689155
08_001600_001620_s5,G51-D,3,30763,37.83729048295455,0.11029700864405534,0.9857901838421319,0.6586060043852252
08_001600_001620_s5,G51-D,4,30563,39.38906731139338,0.09547682624140919,0.9954882779558104,0.6458298195311183
08_001625_001645_s5,G51-D,0,35869,34.99606381704982,0.0726118235278399,0.9976387249114522,0.7571681565188059
08_001625_001645_s5,G51-D,1,34718,33.53940686219946,0.08330866150278493,0.9808989711587114,0.7323747680890538
08_001625_001645_s5,G51-D,2,32129,32.69014568236715,0.0901283901759018,0.9555995952099848,0.6783395176252319
08_001625_001645_s5,G51-D,3,34266,33.22614529182421,0.11645551650228692,0.9314597739922416,0.7303508180131557
08_001625_001645_s5,G51-D,4,36220,34.51974684284378,0.11710228231821085,0.9337156350143363,0.7752993759487266
08_001650_001670_s5,G51-D,0,36879,34.62796591889561,0.1323324480150907,0.9394923258559622,0.7976049924101872
08_001650_001670_s5,G51-D,1,36042,35.500840677179966,0.12954273685807594,0.9395134086692528,0.7791996964074887
08_001650_001670_s5,G51-D,2,35904,34.610717302123554,0.11906971509328024,0.9452057682577163,0.7729591836734694
08_001650_001670_s5,G51-D,3,34387,33.64369800554608,0.1299020535396851,0.9368991398212178,0.7353896103896104
08_001650_001670_s5,G51-D,4,32630,32.90977960646456,0.10629262969138265,0.9394290774160904,0.6924650025299376
08_001675_001695_s5,G51-D,0,36366,36.267532945951956,0.13171516475775125,0.9432239838083994,0.7745193118569742
08_001675_001695_s5,G51-D,1,36941,36.903572989510494,0.13667954692550044,0.9495699106088716,0.783880080958003
08_001675_001695_s5,G51-D,2,36086,36.67086638402626,0.1253258838586755,0.9594155844155844,0.766086186540732
08_001675_001695_s5,G51-D,3,33955,34.46257324218751,0.11014603607957385,0.9701467363805026,0.7159090909090909
08_001675_001695_s5,G51-D,4,33618,34.28998599439775,0.12768403529425587,0.9715382020576826,0.7101956485073369
08_001700_001720_s5,G51-D,0,35890,37.22298030320109,0.1295538823388227,0.9742368021588801,0.7657699443413729
08_001700_001720_s5,G51-D,1,36232,38.04716654272579,0.10762554019054593,0.9714538708045202,0.7730013493000506
08_001700_001720_s5,G51-D,2,37931,39.347614117873654,0.11642376862581605,0.9740470568392646,0.8150193961882274
08_001700_001720_s5,G51-D,3,37335,37.34159894837475,0.10439143698254627,0.9720441895766571,0.8017583066284365
08_001700_001720_s5,G51-D,4,33774,38.59675744783085,0.12737531501064003,0.9569067296340024,0.7262396694214877
08_001725_001745_s5,G51-D,0,36596,42.77169013371151,0.12416721991594937,0.9611865407319953,0.7795159386068476
08_001725_001745_s5,G51-D,1,34482,43.66965487082886,0.12520952034884347,0.9527112497891719,0.7444341372912802
08_001725_001745_s5,G51-D,2,32745,41.12012283236995,0.07438296569250902,0.9403567212008771,0.71483386743127
08_001725_001745_s5,G51-D,3,32209,43.54923966821886,0.11112176579105437,0.9383327711249789,0.6856763366503627
08_001725_001745_s5,G51-D,4,31427,42.45947945682451,0.1018411478313408,0.955051442064429,0.6646989374262101
08_001750_001770_s5,G51-D,0,34630,41.770482024971294,0.12595148338417683,0.9554941811435318,0.7356636869623883
08_001750_001770_s5,G51-D,1,35237,41.53605272861357,0.09882784628572727,0.9615449485579356,0.7514757969303424
08_001750_001770_s5,G51-D,2,34782,42.49012769723534,0.1335356494842772,0.9640959689660988,0.741018721538202
08_001750_001770_s5,G51-D,3,32748,44.777169117647055,0.12652667037982868,0.9603432282003711,0.6915162759318604
08_001750_001770_s5,G51-D,4,32107,46.20964428644412,0.10936672882722043,0.9629785798616968,0.6770113003879238
08_001775_001795_s5,G51-D,0,32371,38.44694137786474,0.10006662823455903,0.9692190925957159,0.68314639905549
08_001775_001795_s5,G51-D,1,36821,35.64049672272245,0.07631191976062768,0.9749957834373418,0.7776184854106932
08_001775_001795_s5,G51-D,2,35400,37.52504891000558,0.08117672168191303,0.982522347782088,0.74860853432282
08_001775_001795_s5,G51-D,3,35530,35.49774121352785,0.05058187267013414,0.98711840107944,0.7505692359588464
08_001775_001795_s5,G51-D,4,35352,38.29616852855631,0.07114923539298168,0.9878562995446112,0.7458256029684601
08_001800_001820_s5,G51-D,0,38258,36.379542794787454,0.10729797305739708,0.9888682745825603,0.808040984989037
08_001800_001820_s5,G51-D,1,36717,38.14883972054732,0.15287009336769186,0.9880671276775173,0.7788623713948389
08_001800_001820_s5,G51-D,2,34391,34.71928267045454,0.16600543556109315,0.9872238151458931,0.7272094788328555
08_001800_001820_s5,G51-D,3,34984,37.19034090909092,0.18468616096738888,0.9869919041996964,0.7404705683926464
08_001800_001820_s5,G51-D,4,35793,35.73484028739612,0.16997154185820218,0.9856636869623883,0.7599510878731658
08_001825_001845_s5,G51-D,0,33390,27.78457236842105,0.08267661288119466,0.9850733681902513,0.7084457750042166
08_001825_001845_s5,G51-D,1,35521,30.1631477980427,0.09316380170047012,0.985516107269354,0.7537105751391465
08_001825_001845_s5,G51-D,2,40821,32.20773237179488,0.07761994211757628,0.9936540731995277,0.8618021588800809
08_001825_001845_s5,G51-D,3,45443,29.852260931978805,0.05380018927822361,1.0,0.9580662843649856
08_001825_001845_s5,G51-D,4,43128,28.83335753216583,0.026179293559373873,0.9567591499409681,0.9092595715972339
08_001850_001870_s5,G51-D,0,38846,29.58382753064243,0.04967312887894071,0.8962303929836397,0.8243169168493844
08_001850_001870_s5,G51-D,1,37211,29.40621410796325,0.05611093844882342,0.8852884128858155,0.7930511047394164
08_001850_001870_s5,G51-D,2,35575,31.068343799840505,0.08778365558767698,0.89867599932535,0.7610263113509866
08_001850_001870_s5,G51-D,3,33137,30.43030649038461,0.0635740749620135,0.8919084162590656,0.7170475628267836
08_001850_001870_s5,G51-D,4,32146,28.776349987769077,0.03896751787738584,0.9055279136447968,0.6895344914825434
08_001875_001895_s5,G51-D,0,36514,33.17194317190226,0.052162974689502484,0.8980645977399224,0.7763745994265475
08_001875_001895_s5,G51-D,1,35582,32.933069611287394,0.08668846885000159,0.8925619834710744,0.7589601956485074
08_001875_001895_s5,G51-D,2,35220,33.3326798892989,0.07093686715739844,0.89450160229381,0.7475754764715804
08_001875_001895_s5,G51-D,3,34081,34.3972620412844,0.07635761196309288,0.8896525552369708,0.7217911958171699
08_001875_001895_s5,G51-D,4,32297,33.74744364995293,0.07716299848765651,0.8842975206611571,0.6821344240175409
08_001900_001920_s5,G51-D,0,34472,26.89262367893586,0.0635155778612353,0.8847613425535503,0.7385941980097824
08_001900_001920_s5,G51-D,1,35495,28.488824874461983,0.06168847142739997,0.8799333783100017,0.7559664361612414
08_001900_001920_s5,G51-D,2,34039,28.665357940051017,0.05360581309570156,0.8783521673132063,0.724131388092427
08_001900_001920_s5,G51-D,3,34314,28.89776672979797,0.03909932926517734,0.8752108281329061,0.7370762354528588
08_001900_001920_s5,G51-D,4,38403,29.565983518835612,0.02878993900842408,0.9206232079608703,0.8118148085680553
08_001925_001945_s5,G51-D,0,43819,16.799949607398823,0.02582282744672071,0.9803508180131557,0.9254933378310002
08_001925_001945_s5,G51-D,1,45485,17.036961863647225,0.027037200197598477,0.9970694889526058,0.9593945016022938
08_001925_001945_s5,G51-D,2,41585,16.73051368915929,0.03163649001624158,0.966330747174903,0.8784154157530781
08_001925_001945_s5,G51-D,3,38188,17.45376618337371,0.04180525383211453,0.947841119919042,0.8053213020745488
08_001925_001945_s5,G51-D,4,37066,18.077769886363633,0.0826873191402866,0.9530485748018216,0.7828259402934727
08_001950_001970_s5,G51-D,0,35779,16.2747971339779,0.08576800648917526,0.9585933546972508,0.7546382189239332
08_001950_001970_s5,G51-D,1,34684,16.591102630914598,0.05725678092827047,0.9623671782762692,0.7312362961713611
08_001950_001970_s5,G51-D,2,32863,17.237202775587733,0.05939815586264929,0.9562953280485748,0.6928444931691685
08_001950_001970_s5,G51-D,3,29962,17.74941732296715,0.09294759808094555,0.9465972339348963,0.6316832518131219
08_001950_001970_s5,G51-D,4,31260,17.657261574393267,0.1058506057615507,0.9489795918367347,0.6590487434643278
08_001975_001995_s5,G51-D,0,33837,18.125770246478872,0.0779433894916437,0.9570753921403272,0.7133791533142182
08_001975_001995_s5,G51-D,1,34496,19.61574366106883,0.07006817957093747,0.962325012649688,0.7272727272727273
08_001975_001995_s5,G51-D,2,32564,19.31572552676964,0.12279182424734536,0.962535840782594,0.6865407319952774
08_001975_001995_s5,G51-D,3,32722,19.494954266411643,0.11108395374126356,0.9585933546972508,0.6902302243211335
08_001975_001995_s5,G51-D,4,32155,20.91052838387574,0.1046372444460375,0.9596685781750717,0.6813332771124979
08_002000_002020_s5,G51-D,0,37711,23.072342030867976,0.13181372918427092,0.9612919547984483,0.8010836566031371
08_002000_002020_s5,G51-D,1,38782,23.59458297833496,0.11733889591706315,0.9589517625231911,0.8257505481531455
08_002000_002020_s5,G51-D,2,37664,24.20345031700063,0.09142429579112199,0.9656771799628943,0.797457412717153
08_002000_002020_s5,G51-D,3,34628,24.548194367625367,0.09473816472236729,0.95334373418789,0.7393742621015348
08_002000_002020_s5,G51-D,4,32181,26.11597827684169,0.0957196999302008,0.9490428402766065,0.6815230224321134
08_002025_002045_s5,G51-D,0,34417,26.276150884665796,0.12278113331762697,0.933568055321302,0.7312573789846517
08_002025_002045_s5,G51-D,1,35270,24.903113193720696,0.10407307280051525,0.9440251307134424,0.7447503794906393
08_002025_002045_s5,G51-D,2,34465,26.319651415040834,0.08225091659856076,0.9506872997132737,0.7294653398549502
08_002025_002045_s5,G51-D,3,32283,24.398069646860986,0.06102109087601004,0.9375527070332265,0.6844324506662169
08_002025_002045_s5,G51-D,4,33277,24.46042413580908,0.10110107071810948,0.9479254511722044,0.7088885140833193
08_002050_002070_s5,G51-D,0,34265,23.537223048941804,0.07294184555952521,0.9668999831337494,0.7273570585258897
08_002050_002070_s5,G51-D,1,35424,23.082493571993663,0.07140759597725133,0.9739627255861022,0.7485663686962388
08_002050_002070_s5,G51-D,2,32375,23.317063643292684,0.061005083617775124,0.9833445775004217,0.6846011131725418
08_002050_002070_s5,G51-D,3,32113,24.938777957914244,0.06806881810464294,0.9836819025130713,0.6786979254511722
08_002050_002070_s5,G51-D,4,30279,24.193665094120917,0.07685195004084466,0.9821217743295665,0.6440377804014168
08_002075_002095_s5,G51-D,0,36063,22.717998390921412,0.08846120346761488,0.9859377635351662,0.7651374599426547
08_002075_002095_s5,G51-D,1,38164,22.794243388953944,0.06825497488961774,0.9820585258896947,0.8132062742452353
08_002075_002095_s5,G51-D,2,37181,23.664681623572875,0.09397055053662351,0.9757125990892225,0.7966773486254006
08_002075_002095_s5,G51-D,3,37867,22.21356407898389,0.06078200167956416,0.9671951425198179,0.8128057007927137
08_002075_002095_s5,G51-D,4,36767,23.60815408549783,0.070570721310097,0.9611654579187047,0.7884339686287738
08_002100_002120_s5,G51-D,0,37524,22.797083012191713,0.06187778189709525,0.962915331421825,0.7918704671951425
08_002100_002120_s5,G51-D,1,34378,21.310015071733822,0.07406420884729115,0.9516781919379322,0.7292545117220441
08_002100_002120_s5,G51-D,2,30752,21.35325785215736,0.0855898047676995,0.9408627087198516,0.6488446618316748
08_002100_002120_s5,G51-D,3,28690,20.84222091795471,0.09273634714665979,0.9434137291280148,0.604908078934053
08_002100_002120_s5,G51-D,4,29268,20.11146054025423,0.07821207130542884,0.948051948051948,0.6212472592342723
08_002125_002145_s5,G51-D,0,35655,18.83630003340622,0.0737603229469137,0.9462599089222465,0.7592975206611571
08_002125_002145_s5,G51-D,1,39902,19.815386346199244,0.07080211883674692,0.9516149434980604,0.8559411367852926
08_002125_002145_s5,G51-D,2,38874,20.53262257405516,0.08046196129292227,0.9619876876370382,0.8278799122954967
08_002125_002145_s5,G51-D,3,39381,20.626554419569956,0.09055603459652417,0.9666891550008433,0.8387586439534491
08_002125_002145_s5,G51-D,4,39034,21.613599570721767,0.08230401302656332,0.9640538033395176,0.8300936076910103
08_002150_002170_s5,G51-D,0,36847,18.261249478587317,0.027180032660595987,0.9743211334120425,0.7801905886321471
08_002150_002170_s5,G51-D,1,42329,17.527319960414125,0.022273459647028204,0.9952774498229043,0.8941642772811604
08_002150_002170_s5,G51-D,2,45269,17.207088285701563,0.03560237284333878,0.9994307640411536,0.9549038623713948
08_002150_002170_s5,G51-D,3,42214,16.190844540453913,0.052805137021568305,0.9934221622533311,0.8899898802496206
08_002150_002170_s5,G51-D,4,37332,16.17791606104651,0.03763055642907864,0.9618401079440041,0.787084668578175
08_002175_002195_s5,G51-D,0,37901,21.081932791095895,0.040936984487250694,0.9219935908247596,0.8141339180300219
08_002175_002195_s5,G51-D,1,35364,21.102067899624373,0.044086357135005416,0.8952184179456907,0.7662126834204757
08_002175_002195_s5,G51-D,2,31390,21.89298369193989,0.03034488671542057,0.8552032383201215,0.6844746162927982
08_002175_002195_s5,G51-D,3,30955,22.245935535963678,0.03906274809589938,0.8474658458424692,0.6800261426884804
08_002175_002195_s5,G51-D,4,33376,23.201029025080906,0.045680778924718,0.8529473772980266,0.7079608702985326
08_002200_002220_s5,G51-D,0,35507,24.61062066724437,0.059996304745898676,0.8752951593860685,0.757589812784618
08_002200_002220_s5,G51-D,1,38386,25.608983173076926,0.062511134855328,0.899582560296846,0.8211755776690841
08_002200_002220_s5,G51-D,2,38781,24.466972114600324,0.05671463734437321,0.9183040984989037,0.819046213526733
08_002200_002220_s5,G51-D,3,38508,23.859881929559617,0.03695272934598415,0.9310802833530106,0.8121942992072863
08_002200_002220_s5,G51-D,4,36931,25.42114803039703,0.046328791189479634,0.9328512396694215,0.7795791870467195
08_002225_002245_s5,G51-D,0,36397,24.794748200619534,0.08077804020865953,0.9367093945016023,0.7673511553381683
08_002225_002245_s5,G51-D,1,37640,25.03254731961382,0.04578038709609067,0.9390917524034407,0.793557092258391
08_002225_002245_s5,G51-D,2,37681,23.526786174711216,0.0555847329283945,0.941959015010963,0.7949063923089897
08_002225_002245_s5,G51-D,3,37445,24.67337947696835,0.057646642170021245,0.9335258896947208,0.7895513577331759
08_002225_002245_s5,G51-D,4,37628,24.47011077350289,0.05460413840830802,0.9298996458087367,0.793978748524203
08_002250_002270_s5,G51-D,0,37219,19.894319054817608,0.03285927477984707,0.9299839770618992,0.7870635857648844
08_002250_002270_s5,G51-D,1,35700,19.776774533242257,0.03876460652576652,0.9258728284702311,0.7539424860853432
08_002250_002270_s5,G51-D,2,34578,20.338537866812576,0.041373189709802194,0.9201383032551864,0.729908078934053
08_002250_002270_s5,G51-D,3,34081,20.42272391070468,0.046707801098541335,0.9144670264800135,0.7211165457918705
08_002250_002270_s5,G51-D,4,32625,20.271712836869263,0.03401901312802158,0.9128436498566369,0.6895766571091246
08_002275_002295_s5,G51-D,0,32533,19.574644431089745,0.043546776483368355,0.9048954292460786,0.6876581210996795
08_002275_002295_s5,G51-D,1,33230,19.98857623525074,0.061902515280323644,0.9062025636700961,0.7038708045201552
08_002275_002295_s5,G51-D,2,32616,19.979626457450028,0.05814146695218625,0.9085005903187722,0.6961334120425029
08_002275_002295_s5,G51-D,3,31172,20.31414374244256,0.048035279214482696,0.9129912295496712,0.6639188733344578
08_002275_002295_s5,G51-D,4,29445,20.473116330710578,0.05014186209569527,0.9191474110305279,0.6278461797942317
08_002300_002320_s5,G51-D,0,38852,25.985239283923786,0.05673094787464672,0.9373629617136111,0.824337999662675
08_002300_002320_s5,G51-D,1,39623,26.692184387450197,0.052819071600385126,0.9558525889694721,0.8416259065609715
08_002300_002320_s5,G51-D,2,39541,27.220873942863047,0.03456415867794682,0.9728453364817001,0.8352588969472087
08_002300_002320_s5,G51-D,3,38821,26.842774066323248,0.03657820748747653,0.9737518974531961,0.8192781244729297
08_002300_002320_s5,G51-D,4,38039,27.77272934941521,0.02838703960568134,0.9773992241524709,0.8023064597739923
08_002325_002345_s5,G51-D,0,38259,22.696460955514986,0.03821315465682229,0.9792545117220441,0.8067338505650195
08_002325_002345_s5,G51-D,1,38727,23.53170857022127,0.041416981349695625,0.9854739416427728,0.8164741103052792
08_002325_002345_s5,G51-D,2,38352,23.785039758423697,0.060106405355301984,0.9877930511047394,0.808568055321302
08_002325_002345_s5,G51-D,3,37866,22.06094133278822,0.07594925624656823,0.9910608871647832,0.7983218080620678
08_002325_002345_s5,G51-D,4,36940,22.784465988955827,0.05964364566865199,0.9905548996458088,0.7787991229549671
08_002350_002370_s5,G51-D,0,38417,21.754400987299928,0.07837525060133155,0.9909765559116208,0.8099384381851914
08_002350_002370_s5,G51-D,1,38289,20.948336235614782,0.056982270923554346,0.9914614606173048,0.807345252150447
08_002350_002370_s5,G51-D,2,39275,21.30133045044332,0.048152393562122864,0.9917566200033733,0.8280485748018216
08_002350_002370_s5,G51-D,3,38591,21.380129213686338,0.025438953403054132,0.9903019058863215,0.8136279305110474
08_002350_002370_s5,G51-D,4,37395,21.190018701737454,0.03419550266607674,0.9876665542249958,0.7885182998819362
08_002375_002395_s5,G51-D,0,37807,19.498698649409114,0.041622754875754175,0.9812573789846517,0.7991229549671108
08_002375_002395_s5,G51-D,1,36565,20.031040912311084,0.04602808335173192,0.974721706864564,0.7727272727272727
08_002375_002395_s5,G51-D,2,35161,20.2488494749494,0.06611007159184812,0.9676378815989206,0.7421782762691853
08_002375_002395_s5,G51-D,3,33210,20.332035412226954,0.06447367793694414,0.9623671782762692,0.7034702310676336
08_002375_002395_s5,G51-D,4,32258,22.18603472528684,0.04719287725738064,0.960132400067465,0.684158374093439
08_002400_002420_s5,G51-D,0,36479,23.25274560175401,0.0368503397342681,0.9628942486085343,0.7755523697082138
08_002400_002420_s5,G51-D,1,34870,23.840327666028095,0.06686934738709005,0.9588463484567381,0.7379406307977736
08_002400_002420_s5,G51-D,2,34475,26.33659329379562,0.07406053848419258,0.9587620172035757,0.7271040647664024
08_002400_002420_s5,G51-D,3,31510,24.38835966542751,0.07348982334189791,0.9612287063585765,0.6661536515432619
08_002400_002420_s5,G51-D,4,34481,23.790325607446412,0.04630737027346887,0.95334373418789,0.7269564850733682
08_002425_002445_s5,G51-D,0,36325,23.447998191080924,0.06825345818766415,0.9692823410355877,0.7659596896609884
08_002425_002445_s5,G51-D,1,34258,24.27648723572363,0.06593444299950324,0.9285925113847192,0.7598456738067128
08_002425_002445_s5,G51-D,2,31429,23.804149095299884,0.06758776559047153,0.9646019564850734,0.6626117389104402
08_002425_002445_s5,G51-D,3,29474,25.6289839123308,0.09393261976624667,0.9682914488109293,0.6213948389273065
08_002425_002445_s5,G51-D,4,25944,23.866224888392864,0.07748813775249519,0.9682703659976387,0.546972508011469
08_002450_002470_s5,G51-D,0,40202,26.725104595175768,0.04612892406675195,0.9640116377129364,0.8560043852251644
08_002450_002470_s5,G51-D,1,40217,28.0192267827529,0.08183940967945169,0.9610811266655422,0.8557935570922584
08_002450_002470_s5,G51-D,2,39616,28.556255097879276,0.05822309736195552,0.9626834204756283,0.8435866081969978
08_002450_002470_s5,G51-D,3,39395,27.0867301551095,0.049548125228422446,0.9651290268173385,0.8375780064091752
08_002450_002470_s5,G51-D,4,38160,27.548482536028835,0.06346251400253045,0.9659723393489628,0.809854106932029
08_002475_002495_s5,G51-D,0,35319,25.183551697069372,0.052094319775948694,0.970020239500759,0.7448557935570923
08_002475_002495_s5,G51-D,1,37784,25.930016032380156,0.05969015319675752,0.9698937426210154,0.7976049924101872
08_002475_002495_s5,G51-D,2,41535,26.56396906806616,0.06661907752689222,0.9960364311013662,0.875906560971496
08_002475_002495_s5,G51-D,3,44102,27.10429878255562,0.06997062620375583,1.0,0.9297942317422837
08_002475_002495_s5,G51-D,4,45418,27.814075020032046,0.07903398618179036,1.0,0.9575392140327206
08_002500_002520_s5,G51-D,0,43540,22.45185876443161,0.06960111296295857,0.9999367515601282,0.9180089391128352
08_002500_002520_s5,G51-D,1,41352,20.922769226921023,0.06688418259475082,0.9940757294653398,0.8780148423005566
08_002500_002520_s5,G51-D,2,35615,18.7866383079183,0.0502288202196155,0.9935275763197842,0.7551863720694889
08_002500_002520_s5,G51-D,3,31678,17.467209112448767,0.04693050912481045,0.9698304941811435,0.6715719345589476
08_002500_002520_s5,G51-D,4,26059,17.66012759779951,0.04163651506582111,0.9789382695226851,0.5503879237645471
08_002525_002545_s5,G51-D,0,38793,20.92305493431657,0.041112407589370736,0.9773359757125991,0.8271841794569067
08_002525_002545_s5,G51-D,1,36568,21.74228899169184,0.054969599390968904,0.9632737392477653,0.7816031371226176
08_002525_002545_s5,G51-D,2,31113,21.965452936028008,0.05285746143561809,0.9244602799797605,0.6901880586945522
08_002525_002545_s5,G51-D,3,31675,21.810358220880676,0.06003870437455738,0.9597107438016529,0.6804267161410018
08_002525_002545_s5,G51-D,4,30328,21.883192840288128,0.06527601874437727,0.9573283858998145,0.6459563164108618
08_002550_002570_s5,G51-D,0,37583,25.92932571308724,0.0583707434110976,0.9799502445606342,0.7975839095968966
08_002550_002570_s5,G51-D,1,37052,25.259238409839057,0.07633562481468203,0.9845673806712768,0.7816242199359082
08_002550_002570_s5,G51-D,2,34076,25.302619638684913,0.09510601106383065,0.983112666554225,0.718417945690673
08_002550_002570_s5,G51-D,3,33462,24.26448578423305,0.0860654344007199,0.9830283353010626,0.7060844999156688
08_002550_002570_s5,G51-D,4,35805,25.50031832700276,0.08836847712660267,0.9945395513577332,0.7548912126834205
08_002575_002595_s5,G51-D,0,41612,28.503996318922294,0.08236495690092083,0.9970905717658964,0.8774877719682914
08_002575_002595_s5,G51-D,1,39229,27.277155570124332,0.08838887792382844,1.0,0.8270576825771631
08_002575_002595_s5,G51-D,2,41126,27.963198424068768,0.09350667559449644,1.0,0.8670517793894418
08_002575_002595_s5,G51-D,3,40423,28.290941078244273,0.14507355614638406,1.0,0.8522305616461461
08_002575_002595_s5,G51-D,4,39708,26.42346300074185,0.11433333462380602,1.0,0.8371563501433631
08_002600_002620_s5,G51-D,0,46432,23.035722740800875,0.0277308965973746,1.0,0.9789171867093945
08_002600_002620_s5,G51-D,1,47119,23.096791776069026,0.03235383943263681,1.0,0.9934010794400405
08_002600_002620_s5,G51-D,2,47365,23.331307076119092,0.03462638387278272,1.0,0.9985874515095294
08_002600_002620_s5,G51-D,3,47380,25.21114610003657,0.016184259928229583,1.0,0.9989036937088885
08_002600_002620_s5,G51-D,4,47420,25.002152102882032,0.0340279269917072,1.0,0.9997470062405127
08_002625_002645_s5,G51-D,0,46529,22.155799385173385,0.018994788488050585,1.0,0.9809622195985832
08_002625_002645_s5,G51-D,1,42393,23.26421669994295,0.04054822773910516,1.0,0.8937637038286389
08_002625_002645_s5,G51-D,2,40548,23.741547379032266,0.06876907150526335,0.9998524203069658,0.855013493000506
08_002625_002645_s5,G51-D,3,35752,22.21257889582125,0.04945416710255901,0.999894585933547,0.7538159892055996
08_002625_002645_s5,G51-D,4,27025,21.57002007681564,0.07373517159006493,0.9894375105414066,0.5697841119919042
08_002650_002670_s5,G51-D,0,29588,29.37117902497901,0.07448325227700936,0.9658669252825097,0.6239669421487604
08_002650_002670_s5,G51-D,1,31759,28.782777568310856,0.0728661848968839,0.967933040984989,0.6696112329229212
08_002650_002670_s5,G51-D,2,33743,28.040841737877585,0.0677381749280932,0.972423680215888,0.7113973688649013
08_002650_002670_s5,G51-D,3,35273,27.016665064806674,0.07119980383837987,0.9766613256872997,0.7440335638387586
08_002650_002670_s5,G51-D,4,35347,28.772691430512424,0.04677525955405626,0.9807092258390959,0.7452142013830325
08_002675_002695_s5,G51-D,0,34063,29.612118375576035,0.04952283943924707,0.9824380165289256,0.7198304941811435
08_002675_002695_s5,G51-D,1,32739,28.976376254705134,0.05863389471219271,0.974616292798111,0.6909892055995952
08_002675_002695_s5,G51-D,2,31982,28.284509223568282,0.05626162809775703,0.9695142519817844,0.6742705346601451
08_002675_002695_s5,G51-D,3,29129,28.91601181030274,0.05100267345690046,0.966541575307809,0.6141212683420476
08_002675_002695_s5,G51-D,4,30589,28.862393777412283,0.07212699490945651,0.966330747174903,0.6449232585596222
08_002700_002720_s5,G51-D,0,33887,33.892860766465674,0.07460601285454826,0.9650025299375948,0.7148971158711418
08_002700_002720_s5,G51-D,1,36091,32.88156223539374,0.0569543804641377,0.9646862877382358,0.7655801990217574
08_002700_002720_s5,G51-D,2,35136,31.814902907884473,0.05327561075628928,0.9564007421150278,0.7532889188733345
08_002700_002720_s5,G51-D,3,30227,33.01438558377896,0.05770149758577903,0.9494644965424186,0.6537147917018047
08_002700_002720_s5,G51-D,4,30939,30.956375896799123,0.04845447055154928,0.9515516950581886,0.6522811603980435
08_002725_002745_s5,G51-D,0,34897,33.022620875481685,0.044483943228853295,0.9606594703997301,0.7402386574464497
08_002725_002745_s5,G51-D,1,35849,32.87760927538009,0.047880635676442296,0.9633791533142182,0.7571259908922247
08_002725_002745_s5,G51-D,2,33946,31.446348390790742,0.06377696278242317,0.9686709394501603,0.7160777534154158
08_002725_002745_s5,G51-D,3,35153,30.399788012468303,0.06191724129868259,0.9740892224658458,0.7411452184179457
08_002725_002745_s5,G51-D,4,33843,32.1074842868891,0.053421960802050084,0.9754385225164446,0.7136953955135773
08_002750_002770_s5,G51-D,0,36833,30.020366198658838,0.09105823450047446,0.9820796087029853,0.7767540900657783
08_002750_002770_s5,G51-D,1,41223,30.204314557613166,0.08427077003278827,0.9853685275763198,0.8695606341710238
08_002750_002770_s5,G51-D,2,41827,30.81697265625,0.07217496226949827,0.9902808230730309,0.8860473941642772
08_002750_002770_s5,G51-D,3,41657,31.839126131221718,0.05674986499304646,0.993105920053972,0.8806923595884635
08_002750_002770_s5,G51-D,4,39439,30.738692137968293,0.058524024588391566,0.9962261764209817,0.8341204250295159
08_002775_002795_s5,G51-D,0,38559,30.47311887800534,0.06124080499643014,0.995024456063417,0.818034238488784
08_002775_002795_s5,G51-D,1,36104,29.912766193433892,0.06910012761850637,0.988994771462304,0.7612371394838927
08_002775_002795_s5,G51-D,2,33835,28.877001063935083,0.08501372215964853,0.9907657277787147,0.7133369876876371
08_002775_002795_s5,G51-D,3,34590,26.874247374447258,0.05707292611696091,0.9971538202057683,0.729317760161916
08_002775_002795_s5,G51-D,4,30651,29.771931626844136,0.06821435067463932,0.9988404452690167,0.6462093101703491
08_002800_002820_s5,G51-D,0,33501,34.3809636203424,0.07791659815800367,0.9997048406139315,0.7063164108618654
08_002800_002820_s5,G51-D,1,33357,34.29164647932816,0.07311375820383637,0.9995783437341879,0.70334373418789
08_002800_002820_s5,G51-D,2,32451,33.3503455428619,0.1099514106322177,0.9990723562152134,0.6845800303592512
08_002800_002820_s5,G51-D,3,35288,33.2559986470713,0.08315111871141911,0.9990512734019228,0.744012481025468
08_002800_002820_s5,G51-D,4,35546,33.539531103561394,0.07716468816022481,0.9955515263956822,0.7511384719176927
08_002825_002845_s5,G51-D,0,39398,31.887844336104003,0.06264898032889854,0.9919674481362794,0.8378099173553719
08_002825_002845_s5,G51-D,1,40954,30.57892669153721,0.0361764650356573,0.9905548996458088,0.8717743295665373
08_002825_002845_s5,G51-D,2,38572,30.943538516360928,0.07464352427675935,0.9921361106426041,0.8178866587957497
08_002825_002845_s5,G51-D,3,36759,30.869916666666672,0.07689172825935131,0.987708719851577,0.7818139652555237
08_002825_002845_s5,G51-D,4,34320,29.379929857067225,0.08304491463181196,0.971032214538708,0.734925788497217
08_002850_002870_s5,G51-D,0,32806,34.564645770106225,0.06419785179572779,0.9511300387923765,0.7138640580199022
08_002850_002870_s5,G51-D,1,32609,36.17416434961316,0.06772242514300908,0.9385014336313038,0.710026986001012
08_002850_002870_s5,G51-D,2,30683,36.31584262274548,0.08146529005601089,0.9222887502108281,0.6834837240681396
08_002850_002870_s5,G51-D,3,29118,36.40514298067747,0.11130247922188263,0.8981489289930848,0.6504680384550514
08_002850_002870_s5,G51-D,4,26415,34.82599104859335,0.0732965778889465,0.856510372744139,0.6102209478832855
08_002875_002895_s5,G51-D,0,24797,37.83219928855064,0.06711394309171226,0.8397706189913983,0.5561435317928825
08_002875_002895_s5,G51-D,1,25789,34.95467981557376,0.05831464766225425,0.8508180131556755,0.5523697082138641
08_002875_002895_s5,G51-D,2,25815,38.49568992296223,0.08160066352095541,0.8263408669252825,0.5638809242705347
08_002875_002895_s5,G51-D,3,28720,38.35235105140186,0.07992449330920692,0.8566368696238826,0.6349510878731658
08_002875_002895_s5,G51-D,4,30060,40.86713352763386,0.0698248590796735,0.8761806375442739,0.6766318097486929
08_002900_002920_s5,G51-D,0,35606,33.308905304592976,0.03051488772073041,0.8979591836734694,0.7973730814639906
08_002900_002920_s5,G51-D,1,33770,33.942453306410904,0.04467226186491402,0.9103137122617642,0.7360431776016192
08_002900_002920_s5,G51-D,2,32267,33.70948012232415,0.04700956157524194,0.8996668915500085,0.7136532298869961
08_002900_002920_s5,G51-D,3,28393,33.545279273922766,0.046652558710158054,0.8678107606679035,0.6261595547309833
08_002900_002920_s5,G51-D,4,27430,34.214841633938256,0.06813137713181527,0.890495867768595,0.5947672457412717
08_002925_002945_s5,G51-D,0,33401,35.767541718064685,0.034514010478154944,0.9322820037105751,0.7095842469219092
08_002925_002945_s5,G51-D,1,31126,33.53816687344913,0.03278923167608405,0.9528377466689155,0.6592806544105245
08_002925_002945_s5,G51-D,2,32903,36.37176636338946,0.06644926936273476,0.9750801146905043,0.7104697250801147
08_002925_002945_s5,G51-D,3,35924,40.12610768411824,0.0941950197117225,0.9824590993422162,0.7643152302243211
08_002925_002945_s5,G51-D,4,38481,40.709048227163464,0.07337804187808494,0.9834499915668747,0.8234103558778884
08_002950_002970_s5,G51-D,0,32397,32.27977983549874,0.10871203424841358,0.9843354697250801,0.6840951256535672
08_002950_002970_s5,G51-D,1,32071,31.331569288012865,0.09052206681881891,0.9740681396525552,0.6768004722550177
08_002950_002970_s5,G51-D,2,31461,30.82271734608986,0.09979735974999837,0.9740048912126834,0.6632863889357395
08_002950_002970_s5,G51-D,3,31964,29.562798158212576,0.055202050589173934,0.9777997976049924,0.6738910440209142
08_002950_002970_s5,G51-D,4,29621,29.48890625000001,0.04393713753914463,0.975522853769607,0.6244940124810254
08_002975_002995_s5,G51-D,0,30822,28.83011485588716,0.06842324320722315,0.9764083319278124,0.6498144712430427
08_002975_002995_s5,G51-D,1,30626,28.138035703202583,0.09260130909472486,0.973815145893068,0.645682239838084
08_002975_002995_s5,G51-D,2,32042,28.512307711898938,0.07693821514399968,0.9723815145893068,0.6755355034575814
08_002975_002995_s5,G51-D,3,29358,28.376837896386444,0.052016512268778126,0.9699569910608872,0.6189492325855962
08_002975_002995_s5,G51-D,4,28467,28.12487727221724,0.0554347290849142,0.969535334795075,0.6001644459436667
08_003000_003020_s5,G51-D,0,30607,32.757497088509325,0.08628103946604293,0.9662042502951594,0.6454503288918874
08_003000_003020_s5,G51-D,1,32850,30.387848967438803,0.09082053488570052,0.9617557766908417,0.6928234103558779
08_003000_003020_s5,G51-D,2,32045,32.78529190783615,0.09075546903799481,0.9583192781244729,0.6755987518974532
08_003000_003020_s5,G51-D,3,33369,32.675867901508425,0.07124728659272117,0.9551146905043009,0.7035334795075054
08_003000_003020_s5,G51-D,4,31138,31.539137358449484,0.11700029560673886,0.9551990217574633,0.6583951762523191
08_003025_003045_s5,G51-D,0,34394,37.05155585106383,0.14106875000530783,0.9551779389441727,0.7329861696744814
08_003025_003045_s5,G51-D,1,35513,36.28031860226106,0.14039570413065539,0.9548195311182324,0.7600986675662
08_003025_003045_s5,G51-D,2,30804,39.452294275756145,0.1493457984053388,0.9262944847360431,0.6675451172204419
08_003025_003045_s5,G51-D,3,31104,38.67610707252084,0.12228451312160593,0.9292249957834373,0.6583951762523191
08_003025_003045_s5,G51-D,4,35902,38.16513129868548,0.12760300739882768,0.9676589644122112,0.7580536346770113
08_003050_003070_s5,G51-D,0,36036,29.848142052664972,0.10865822461154906,0.9899434980603812,0.7603727441389779
08_003050_003070_s5,G51-D,1,36270,31.006044798259502,0.0949454437581081,0.9902808230730309,0.7646736380502615
08_003050_003070_s5,G51-D,2,33970,32.02259136879281,0.0762313007988773,0.9850944510035419,0.7161831674818688
08_003050_003070_s5,G51-D,3,32147,31.415785931647935,0.09043836876939348,0.9861907572946534,0.6778124472929667
08_003050_003070_s5,G51-D,4,31393,30.927658621416526,0.13535207842585617,0.9920096137628606,0.662674987350312
08_003075_003095_s5,G51-D,0,31739,30.489959731749146,0.09871556055427799,0.9808778883454208,0.6768215550683083
08_003075_003095_s5,G51-D,1,33809,31.270479406970903,0.10612113786160782,0.9842933040984989,0.72354106932029
08_003075_003095_s5,G51-D,2,34366,28.577023740136312,0.1050613633897508,0.9776733007252488,0.740807893405296
08_003075_003095_s5,G51-D,3,31319,28.741997179512772,0.10818686462563765,0.9722761005228537,0.6716141001855288
08_003075_003095_s5,G51-D,4,30465,26.960430560562365,0.07804049814831249,0.974616292798111,0.6459563164108618
08_003100_003120_s5,G51-D,0,34776,24.067045546069597,0.04236754795336317,0.977610052285377,0.7362329229212347
08_003100_003120_s5,G51-D,1,35074,23.672644890953155,0.04457381724117493,0.9792755945353347,0.7417566200033733
08_003100_003120_s5,G51-D,2,38270,23.455548519095867,0.06407867289156433,0.9895429246078596,0.8089897115871142
08_003100_003120_s5,G51-D,3,36676,24.453617454594013,0.06130232323294016,0.9899434980603812,0.7733597571259909
08_003100_003120_s5,G51-D,4,36119,25.40277657548476,0.0471875689532526,0.9900278293135436,0.76218586608197
08_003125_003145_s5,G51-D,0,33333,25.093617263349508,0.06944496645952958,0.9893953449148254,0.7027534154157531
08_003125_003145_s5,G51-D,1,35530,25.261418269230774,0.05366523667342227,0.9836397368864901,0.7492410187215383
08_003125_003145_s5,G51-D,2,32854,26.56282073005423,0.08596644077993698,0.9796550851745657,0.6930974869286558
08_003125_003145_s5,G51-D,3,30440,25.39150705645161,0.09248157397731882,0.97771546635183,0.6420559959520998
08_003125_003145_s5,G51-D,4,29012,23.860896574882474,0.0943609968177066,0.9646862877382358,0.6128984651711924
08_003150_003170_s5,G51-D,0,33974,27.949742462854182,0.06251203156889562,0.9317127677517288,0.7332391634339687
08_003150_003170_s5,G51-D,1,34134,27.507779512667124,0.10031079919565511,0.9369202226345084,0.7405548996458088
08_003150_003170_s5,G51-D,2,35634,27.413698903418457,0.11666881939684659,0.9436034744476303,0.7666343396862877
08_003150_003170_s5,G51-D,3,32594,27.860280525579547,0.11122669915425698,0.9406940462135267,0.6871732163939956
08_003150_003170_s5,G51-D,4,30695,27.838964698211626,0.08866996088724477,0.9382695226851071,0.6477905211671445
08_003175_003195_s5,G51-D,0,36359,30.70773244670905,0.09153790366070202,0.9470610558272896,0.7784617979423174
08_003175_003195_s5,G51-D,1,34839,29.985562733015747,0.09807034865830033,0.9757758475290943,0.7401754090065779
08_003175_003195_s5,G51-D,2,35470,30.695088320558177,0.09205845994458906,0.9801399898802496,0.7577373924776523
08_003175_003195_s5,G51-D,3,36424,31.311227531181228,0.09331798905885447,0.9763029178613594,0.7800219261258222
08_003175_003195_s5,G51-D,4,35522,30.483025114724665,0.09390762108752537,0.9613341204250295,0.7548279642435487
08_003200_003220_s5,G51-D,0,37895,30.558200173173798,0.10508358814780383,0.9618190251307135,0.8142814977230561
08_003200_003220_s5,G51-D,1,38836,29.447229830677298,0.08068753315681243,0.9674481362793051,0.8339939281497724
08_003200_003220_s5,G51-D,2,37495,29.11610766465677,0.07923190921084311,0.9737308146399055,0.7979212346095463
08_003200_003220_s5,G51-D,3,36577,28.10344197363827,0.07567937223022758,0.97562826783606,0.7711671445437679
08_003200_003220_s5,G51-D,4,32571,28.97933048396916,0.06214887223759913,0.9784955304435824,0.6866883116883117
08_003225_003245_s5,G51-D,0,31422,27.073885361593657,0.06878348448793492,0.9768932366334964,0.6632653061224489
08_003225_003245_s5,G51-D,1,33942,26.235957278481013,0.07830613336377179,0.9787696070163603,0.7231404958677686
08_003225_003245_s5,G51-D,2,35407,26.677485620377986,0.07474739772889283,0.978622027323326,0.747006240512734
08_003225_003245_s5,G51-D,3,32774,25.943206838921895,0.04754107240102523,0.983913813459268,0.692064429077416
08_003225_003245_s5,G51-D,4,30114,24.92057764292196,0.04676086064695428,0.9875822229718334,0.6349300050598752
08_003250_003270_s5,G51-D,0,36447,26.901440403907074,0.07183497628186686,0.9922626075223477,0.7684052960026986
08_003250_003270_s5,G51-D,1,35694,27.98186739932216,0.042099349739621816,0.998018215550683,0.7525299375948726
08_003250_003270_s5,G51-D,2,34646,28.850386609765057,0.06975607934902484,0.9987350312025637,0.7305616461460618
08_003250_003270_s5,G51-D,3,36888,28.82182685139165,0.0790181451923937,0.9987350312025637,0.7777028166638557
08_003250_003270_s5,G51-D,4,37629,32.230209243881106,0.10195211380688818,0.9988826108955979,0.7937679203912971
08_003275_003295_s5,G51-D,0,37822,32.85201797183796,0.15997626707791524,0.9993464327879912,0.7977314892899309
08_003275_003295_s5,G51-D,1,39163,33.150964281869065,0.1301878733878068,0.9954671951425198,0.8283858998144712
08_003275_003295_s5,G51-D,2,38412,34.172696200284086,0.11743080500602754,0.9767878225670433,0.8187088885140833
08_003275_003295_s5,G51-D,3,32718,33.15196222558243,0.10509258709951674,0.974405464665205,0.6904832180806206
08_003275_003295_s5,G51-D,4,30841,32.08727812789085,0.08518864785902025,0.98850986675662,0.6502150446955641
08_003300_003320_s5,G51-D,0,35025,32.458414161008726,0.10201257746131098,0.9910819699780739,0.7388050261426885
08_003300_003320_s5,G51-D,1,36611,32.05930218828716,0.06825058662996852,0.9904284027660651,0.7718628773823579
08_003300_003320_s5,G51-D,2,37566,31.16525662164991,0.05704080155757829,0.9923891044020914,0.7919969640748862
08_003300_003320_s5,G51-D,3,34718,30.734349563953486,0.06038974376334605,0.988024962050936,0.732311519649182
08_003300_003320_s5,G51-D,4,34178,32.045115520354564,0.053811303531770216,0.9901543261932872,0.7212641254849047
08_003325_003345_s5,G51-D,0,38426,28.46975819618599,0.08253417341166402,0.994391971664699,0.8119623882610896
08_003325_003345_s5,G51-D,1,38471,27.519985167757785,0.06301030199623892,0.9977441389779053,0.8114774835554056
08_003325_003345_s5,G51-D,2,38901,30.90300986207562,0.10380754454005148,0.9943287232248271,0.8219978073874178
08_003325_003345_s5,G51-D,3,37469,30.55542844742063,0.0991509973317708,0.9965845842469219,0.790984989036937
08_003325_003345_s5,G51-D,4,32508,30.9369505892581,0.0815836661404461,0.9887628605161073,0.6873207960870299
08_003350_003370_s5,G51-D,0,36087,33.41345622544206,0.12796813453508626,0.9947714623039299,0.7614479676167988
08_003350_003370_s5,G51-D,1,36263,36.18262714318813,0.1420048411183772,0.9989247765221791,0.7646525552369708
08_003350_003370_s5,G51-D,2,35203,32.14471375224618,0.1355035574302943,0.9997680890538033,0.742410187215382
08_003350_003370_s5,G51-D,3,33943,32.15388997395833,0.15025998643115734,1.0,0.7156139315230224
08_003350_003370_s5,G51-D,4,38016,33.01419526143791,0.1395308778589499,1.0,0.8014842300556586
08_003375_003395_s5,G51-D,0,40389,30.09532553070509,0.14839885067992098,1.0,0.8515137459942654
08_003375_003395_s5,G51-D,1,40111,28.0584286971831,0.08566732532204302,0.998503120256367,0.845926800472255
08_003375_003395_s5,G51-D,2,41530,26.958647891029784,0.0644403579922257,0.9999156687468376,0.8755692359588464
08_003375_003395_s5,G51-D,3,45090,25.81052457905252,0.07995245131759798,0.9999578343734188,0.9506662168999831
08_003375_003395_s5,G51-D,4,41858,26.188632347470243,0.08319869078158271,1.0,0.882484398718165
08_003400_003420_s5,G51-D,0,45918,24.941019647454244,0.03212601097746637,1.0,0.9680806206780233
08_003400_003420_s5,G51-D,1,43273,26.175241869549414,0.07283210679910423,0.9998313374936751,0.9124852420306966
08_003400_003420_s5,G51-D,2,35957,26.104954873361894,0.05759840485303602,0.9470610558272896,0.7580747174903019
08_003400_003420_s5,G51-D,3,34681,25.909132832228536,0.07425264103695328,0.9273697082138641,0.7311730477314893
08_003400_003420_s5,G51-D,4,34633,25.868716032608695,0.09786782425771845,0.9309959520998482,0.7301610726935402
08_003425_003445_s5,G51-D,0,35641,21.016267093870262,0.08989452859952118,0.9395766571091246,0.7514125484904706
08_003425_003445_s5,G51-D,1,41060,21.256617126198783,0.07322382229024371,0.9494223309158374,0.910271546635183
08_003425_003445_s5,G51-D,2,44112,22.671986097700138,0.04599578452372288,0.9658036768426379,0.9642013830325519
08_003425_003445_s5,G51-D,3,35729,22.031502745265648,0.04120289050502057,0.9136869623882611,0.8266781919379322
08_003425_003445_s5,G51-D,4,37030,21.951268105611316,0.07382515979325333,0.9720020239500758,0.7806965761511216
08_003450_003470_s5,G51-D,0,39150,25.432631448412703,0.07853672003915313,0.9613973688649013,0.8303044358239163
08_003450_003470_s5,G51-D,1,39071,26.16909746813031,0.1333407674072733,0.9601113172541744,0.8276480013493
08_003450_003470_s5,G51-D,2,36692,24.6359135554387,0.10574065100283692,0.9510246247259234,0.7765854275594535
08_003450_003470_s5,G51-D,3,37558,24.844273759363293,0.10934317247371883,0.9528377466689155,0.7992072862202733
08_003450_003470_s5,G51-D,4,36129,23.925702449567726,0.11813083505005784,0.9516781919379322,0.7704924945184686
08_003475_003495_s5,G51-D,0,37018,28.002403146819248,0.1045865683812015,0.9571808062067803,0.7884128858154832
08_003475_003495_s5,G51-D,1,37871,26.819603982744777,0.09959138058210071,0.9650657783774667,0.802960026986001
08_003475_003495_s5,G51-D,2,37758,25.429175079539903,0.07243118609726307,0.9862750885478159,0.7960448642266824
08_003475_003495_s5,G51-D,3,33755,25.110581946594433,0.08887934315614654,0.9780106257378984,0.713547815820543
08_003475_003495_s5,G51-D,4,32488,24.53061147836539,0.06679464783905886,0.9772727272727273,0.6876370382863889
08_003500_003520_s5,G51-D,0,38118,25.32336842960624,0.06435743140881134,0.9767878225670433,0.8047942317422837
08_003500_003520_s5,G51-D,1,38262,26.50134398946361,0.05649852982716386,0.969324506662169,0.8090107944004048
08_003500_003520_s5,G51-D,2,39139,27.099888851768096,0.038012480384880476,0.974405464665205,0.8324970484061394
08_003500_003520_s5,G51-D,3,36043,26.343244726690735,0.051550002651797655,0.9306797099004891,0.7961924439197167
08_003500_003520_s5,G51-D,4,33644,26.042591505114178,0.0563259829973628,0.9434980603811772,0.716014504975544
08_003525_003545_s5,G51-D,0,37583,26.46541663443688,0.07756537380021822,0.9310381177264294,0.7926083656603137
08_003525_003545_s5,G51-D,1,39328,26.30853687739464,0.06772543432772093,0.9533015685613089,0.8482459099342217
08_003525_003545_s5,G51-D,2,38647,24.968346017514598,0.06386637365019476,0.9720020239500758,0.8153145555742959
08_003525_003545_s5,G51-D,3,35649,24.57989733987603,0.04237423722912359,0.9641592174059707,0.7555658627087198
08_003525_003545_s5,G51-D,4,36677,26.139331855453854,0.06933878129645299,0.9548195311182324,0.7820880418283016
08_003550_003570_s5,G51-D,0,37897,29.356651113710328,0.06532896112977582,0.9344956991060888,0.8056586270871985
08_003550_003570_s5,G51-D,1,36279,30.04223401100085,0.08798283111213134,0.9170391297014674,0.7791364479676168
08_003550_003570_s5,G51-D,2,34688,31.71132364298323,0.09218843919063802,0.9067928824422331,0.7501264968797436
08_003550_003570_s5,G51-D,3,32041,30.626030964611868,0.06584086859587712,0.8711629279811098,0.6881851914319447
08_003550_003570_s5,G51-D,4,35939,30.359775363573416,0.08167498406546736,0.9168704671951425,0.7789256198347108
08_003575_003595_s5,G51-D,0,34929,24.901046912771964,0.04452949329880607,0.9297731489289931,0.7425999325349975
08_003575_003595_s5,G51-D,1,36077,25.97132164081385,0.03880925712589001,0.9176294484736043,0.7688902007083825
08_003575_003595_s5,G51-D,2,36025,25.116093096624848,0.0487469568101333,0.9109251138471918,0.7645260583572272
08_003575_003595_s5,G51-D,3,35320,26.279928252551024,0.057830651826657364,0.8957665710912465,0.7506114015854276
08_003575_003595_s5,G51-D,4,35252,28.254436568708613,0.057784724449769564,0.9083740934390285,0.7520028672626076
08_003600_003620_s5,G51-D,0,35132,25.108771829044123,0.068025976363149,0.8938902007083825,0.7518131219429921
08_003600_003620_s5,G51-D,1,34948,24.68131177468529,0.049857207946680804,0.8996879743632991,0.7491356046550852
08_003600_003620_s5,G51-D,2,36496,25.906568514590226,0.04691062028665183,0.9105034575813796,0.7723056164614606
08_003600_003620_s5,G51-D,3,37292,24.872223635993482,0.04915528130188784,0.8944805194805194,0.7923764547141171
08_003600_003620_s5,G51-D,4,36005,24.822493374558302,0.03603908874107509,0.9013535166132569,0.7657910271546635
08_003625_003645_s5,G51-D,0,33253,25.183403979471183,0.06017954507653345,0.8547604992410187,0.7112076235452859
08_003625_003645_s5,G51-D,1,34673,26.242160063652335,0.051974446130409024,0.8680426716141002,0.7517920391297015
08_003625_003645_s5,G51-D,2,34917,26.852442633527822,0.061900250056276196,0.8680848372406814,0.7638092427053466
08_003625_003645_s5,G51-D,3,36345,26.72439963219501,0.05039242257394472,0.898465171192444,0.7839011637712936
08_003625_003645_s5,G51-D,4,37092,25.996287195916594,0.051923695775696777,0.9351703491313881,0.7883918030021926
08_003650_003670_s5,G51-D,0,36984,27.217660968223313,0.10587992841406857,0.9279811097992916,0.7840909090909091
08_003650_003670_s5,G51-D,1,38162,26.61312448601973,0.06985297734782536,0.9236169674481363,0.8122786304604487
08_003650_003670_s5,G51-D,2,36783,26.52111154752553,0.05501921415530564,0.9174186203406982,0.7847023106763367
08_003650_003670_s5,G51-D,3,32600,26.496631153267412,0.06147322266679689,0.9156265812109968,0.7017836060043853
08_003650_003670_s5,G51-D,4,30342,26.469435354542306,0.060108923704295325,0.9125063248439872,0.6552538370720189
08_003675_003695_s5,G51-D,0,36547,25.832855611483968,0.05096321359321676,0.9659934221622534,0.773570585258897
08_003675_003695_s5,G51-D,1,37608,26.38851641642547,0.04941582645802289,0.9683546972508011,0.7947588126159555
08_003675_003695_s5,G51-D,2,37018,25.115245627572026,0.05014068364411406,0.9607438016528925,0.7810128183504806
08_003675_003695_s5,G51-D,3,35976,24.343246767643766,0.051911470377927316,0.9719598583234947,0.7584752909428234
08_003675_003695_s5,G51-D,4,33098,23.708097033326414,0.042935229339880365,0.9751222803170855,0.6977989542924607
08_003700_003720_s5,G51-D,0,37516,24.342581597222225,0.050813710028441594,0.9812573789846517,0.7910271546635183
08_003700_003720_s5,G51-D,1,38529,25.618698884289174,0.07583746518987589,0.9857058525889695,0.8152513071344241
08_003700_003720_s5,G51-D,2,36740,27.54671938301823,0.08197649296210385,0.9812995446112329,0.7782509698094113
08_003700_003720_s5,G51-D,3,37930,26.605453526890102,0.06996259882514244,0.9867599932534997,0.8004300893911284
08_003700_003720_s5,G51-D,4,39954,27.789365445563018,0.07624324029596785,0.9896694214876033,0.8437341878900321
08_003725_003745_s5,G51-D,0,40060,25.255441654624278,0.03400216777707188,0.9878984651711924,0.8464960364311014
08_003725_003745_s5,G51-D,1,39376,26.28295264790077,0.05484714895790388,0.9864015854275594,0.8320753921403272
08_003725_003745_s5,G51-D,2,37150,25.749305081208256,0.0394887449875434,0.99059706527239,0.7833530106257379
08_003725_003745_s5,G51-D,3,35293,26.274194834183668,0.037218496014417735,0.9904073199527745,0.7446238826108956
08_003725_003745_s5,G51-D,4,42850,24.870524453475337,0.05986249142445921,0.9994940124810254,0.9038202057682577
08_003750_003770_s5,G51-D,0,45720,21.623723323170733,0.06035816680212114,0.9973013998988025,0.9656139315230224
08_003750_003770_s5,G51-D,1,45645,22.32558181244261,0.0832339824181827,0.9986928655759825,0.9633159048743465
08_003750_003770_s5,G51-D,2,45121,20.318792183598624,0.04778289943732883,1.0,0.9512776184854107
08_003750_003770_s5,G51-D,3,40972,20.629165071687083,0.06421998223165004,1.0,0.8638050261426885
08_003750_003770_s5,G51-D,4,33456,19.33481112746658,0.06713006597378834,0.9238699612076235,0.7053466014504975
08_003775_003795_s5,G51-D,0,34488,28.8476313496016,0.08559585293807559,0.8802285376960701,0.7320163602631136
08_003775_003795_s5,G51-D,1,35317,29.707590144230778,0.11639303257750555,0.8751264968797436,0.7520450328891888
08_003775_003795_s5,G51-D,2,34486,29.4646511407872,0.07443119485382499,0.8734187890032046,0.7333445775004217
08_003775_003795_s5,G51-D,3,34482,29.540931712962955,0.05378697955898848,0.8727441389779053,0.7387417777028167
08_003775_003795_s5,G51-D,4,33306,30.568234030771066,0.08540742435262128,0.872701973351324,0.708045201551695
08_003800_003820_s5,G51-D,0,35025,34.08862538987524,0.10993731839877263,0.8764547141170518,0.7405548996458088
08_003800_003820_s5,G51-D,1,36071,36.51960001047778,0.09728410952058697,0.8823579018384213,0.7618274582560297
08_003800_003820_s5,G51-D,2,33930,35.43232996323529,0.07826210792141719,0.8868696238826109,0.7164150784280654
08_003800_003820_s5,G51-D,3,32995,35.47665072699041,0.0790931964912307,0.8821681565188059,0.6994644965424186
08_003800_003820_s5,G51-D,4,30160,36.37054461385115,0.0875847348663048,0.8773401922752572,0.6386616630123123
08_003825_003845_s5,G51-D,0,33055,34.82711118014507,0.08233545007780485,0.8713526733007253,0.7067169843143869
08_003825_003845_s5,G51-D,1,31047,35.55380694513407,0.0848488896024735,0.8657024793388429,0.6641297014673638
08_003825_003845_s5,G51-D,2,31561,36.15129033709213,0.08915854214913965,0.8702563670096137,0.677854612919548
08_003825_003845_s5,G51-D,3,32530,37.00018601190477,0.09696900149409271,0.8688438185191432,0.7050725248777197
08_003825_003845_s5,G51-D,4,33202,37.152461202715806,0.09559598521999169,0.8596938775510204,0.7207159723393489
08_003850_003870_s5,G51-D,0,34032,33.87669640874777,0.08992103612573965,0.856995277449823,0.7249957834373418
08_003850_003870_s5,G51-D,1,36087,36.66381096117425,0.10260277807118934,0.8572061055827289,0.768489627255861
08_003850_003870_s5,G51-D,2,33807,37.12348589601771,0.12685295375426664,0.8331295328048575,0.7206105582728959
08_003850_003870_s5,G51-D,3,32667,35.00712839316987,0.1066883662841458,0.8386953955135773,0.6937299713273739
08_003850_003870_s5,G51-D,4,32150,33.00195116991991,0.07338550084290207,0.8771082813290606,0.6794779895429246
08_003875_003895_s5,G51-D,0,33995,30.70114813910589,0.103516717805475,0.8811772642941474,0.7196618316748187
08_003875_003895_s5,G51-D,1,35879,31.080134776415747,0.11703612201317526,0.8743253499747006,0.7596559284870973
08_003875_003895_s5,G51-D,2,35950,29.92997523018414,0.06682454689980522,0.8819362455726092,0.7606679035250464
08_003875_003895_s5,G51-D,3,35116,29.625149728492342,0.05907201072994095,0.8867852926294485,0.7417566200033733
08_003875_003895_s5,G51-D,4,37728,31.97442840362762,0.06661050675248381,0.8981910946196661,0.8066706021251476
08_003900_003920_s5,G51-D,0,37733,29.130902169149863,0.08567794069353596,0.9059284870973182,0.8044779895429246
08_003900_003920_s5,G51-D,1,35928,27.82848011363637,0.06746270132527532,0.8818097486928655,0.7591710237814134
08_003900_003920_s5,G51-D,2,34139,29.81964870893873,0.06486228733387511,0.872491145218418,0.7211587114184517
08_003900_003920_s5,G51-D,3,32220,28.635103181427343,0.06515433539039694,0.8707201889020071,0.6942570416596391
08_003900_003920_s5,G51-D,4,31007,27.999976528969956,0.07373123949813731,0.8537274413897791,0.6725839095968966
08_003925_003945_s5,G51-D,0,32701,29.470713588169644,0.05165474989540231,0.8388640580199022,0.6961334120425029
08_003925_003945_s5,G51-D,1,30021,29.042124502879876,0.04143095270068731,0.8067338505650195,0.6429414741103053
08_003925_003945_s5,G51-D,2,28021,27.649764799735923,0.03869661120558554,0.7832054309327037,0.5982459099342217
08_003925_003945_s5,G51-D,3,26023,28.457022987176096,0.048277499126420764,0.792060212514758,0.5582518131219429
08_003925_003945_s5,G51-D,4,25045,28.77893176020408,0.04299408722566156,0.8076825771630967,0.5371268342047563
08_003950_003970_s5,G51-D,0,28618,34.44527668338109,0.05298022368560118,0.8275215044695564,0.6294695564176084
08_003950_003970_s5,G51-D,1,30754,34.73592002414845,0.060049977440028934,0.8533690335638388,0.6709394501602294
08_003950_003970_s5,G51-D,2,31841,33.82911712160263,0.0686099741458257,0.8789214032720526,0.6847065272389947
08_003950_003970_s5,G51-D,3,30492,34.402288138193434,0.06426109008203906,0.8860684769775679,0.6567717996289425
08_003950_003970_s5,G51-D,4,29523,33.751021310646905,0.0656512663655131,0.8737982796424355,0.6429625569235958
08_003975_003995_s5,G51-D,0,33016,35.099558138772295,0.0781272969768767,0.8825476471580368,0.7154874346432788
08_003975_003995_s5,G51-D,1,31382,35.903266454214354,0.07909768901450431,0.882104908078934,0.6775594535334795
08_003975_003995_s5,G51-D,2,30799,37.58689563679246,0.1286682400377792,0.8768552875695733,0.6656476640242874
08_003975_003995_s5,G51-D,3,30735,37.425769460513074,0.13996666343306696,0.8831801315567549,0.6557598245909935
08_003975_003995_s5,G51-D,4,30792,38.115731732109666,0.1562087815001798,0.8990554899645808,0.6552749198853095
08_004000_004020_s5,G51-D,0,31120,29.263302654109587,0.14302274743043908,0.9695775004216562,0.6641929499072357
08_004000_004020_s5,G51-D,1,31653,28.53281085410815,0.12994841650337507,0.9761764209816158,0.6742072862202733
08_004000_004020_s5,G51-D,2,30674,28.237068093997117,0.14240436896508957,0.9718755270703323,0.6533985495024456
08_004000_004020_s5,G51-D,3,30554,28.597321428571433,0.140066284070945,0.9722339348962725,0.6511005228537696
08_004000_004020_s5,G51-D,4,29782,27.40891492357199,0.1756330382147866,0.9721496036431101,0.6362582222971833
08_004025_004045_s5,G51-D,0,30660,29.259714616680704,0.09834798576767323,0.9727610052285377,0.6475375274076572
08_004025_004045_s5,G51-D,1,32298,27.369467726031548,0.06162280293755473,0.9714749536178108,0.6835469725080114
08_004025_004045_s5,G51-D,2,32768,27.03400657560893,0.04902552642357172,0.972318266149435,0.6923806712767752
08_004025_004045_s5,G51-D,3,30613,27.85391053375599,0.05873769600051526,0.9635688986338337,0.6456611570247934
08_004025_004045_s5,G51-D,4,27751,29.755718635110295,0.060015602431599646,0.9328512396694215,0.5854064766402429
08_004050_004070_s5,G51-D,0,29707,35.79321084589615,0.11608871889668304,0.8747048406139315,0.6303761173891044
08_004050_004070_s5,G51-D,1,31632,32.52471293927936,0.1052525954512844,0.8680637544273908,0.6677770281666385
08_004050_004070_s5,G51-D,2,30897,32.642878989361705,0.0996552221948872,0.8618232416933715,0.655675493337831
08_004050_004070_s5,G51-D,3,29786,34.08569001498288,0.07068149570711557,0.8469809411367853,0.6348456738067128
08_004050_004070_s5,G51-D,4,31244,34.78114863299353,0.07876550237454238,0.8634255355034576,0.6680511047394164
