clip_id,sequence,method,iou,precision,recall,n_points
08_000000_000020_s5,08,ceiling_gt_lidar_gt_pose,0.1536032418224299,0.9009153685562872,0.156242747198678,92665
08_000025_000045_s5,08,ceiling_gt_lidar_gt_pose,0.1408583725730939,0.800552104899931,0.14598131886570836,87172
08_000050_000070_s5,08,ceiling_gt_lidar_gt_pose,0.1254455506391347,0.9090909090909091,0.12703920088997456,93231
08_000075_000095_s5,08,ceiling_gt_lidar_gt_pose,0.15361872747154834,0.8860596858027214,0.1567144908225135,86635
08_000100_000120_s5,08,ceiling_gt_lidar_gt_pose,0.12026475144345866,0.9328235936646642,0.12131543433482492,91681
08_000125_000145_s5,08,ceiling_gt_lidar_gt_pose,0.08876632554383057,0.9600045971727388,0.08909581560056745,90172
08_000150_000170_s5,08,ceiling_gt_lidar_gt_pose,0.09115341035262232,0.9372950819672131,0.09171268819175508,86454
08_000175_000195_s5,08,ceiling_gt_lidar_gt_pose,0.11138588705579457,0.8640807316304006,0.11337227344509651,89943
08_000200_000220_s5,08,ceiling_gt_lidar_gt_pose,0.09893535171533975,0.8971912457510883,0.10006983936945027,92215
08_000225_000245_s5,08,ceiling_gt_lidar_gt_pose,0.11800343264082794,0.9688206530311794,0.11845328019028639,91967
08_000250_000270_s5,08,ceiling_gt_lidar_gt_pose,0.12107274729545896,0.950419527078566,0.12184230255223442,93157
08_000275_000295_s5,08,ceiling_gt_lidar_gt_pose,0.12980440856876746,0.9723255813953489,0.1302857498987255,91900
08_000300_000320_s5,08,ceiling_gt_lidar_gt_pose,0.12713527994395732,0.9503395097249395,0.12798555464281838,89816
08_000325_000345_s5,08,ceiling_gt_lidar_gt_pose,0.11455265834984205,0.9671695767644234,0.11499983202875667,94126
08_000350_000370_s5,08,ceiling_gt_lidar_gt_pose,0.11149353568289623,0.9753492193919474,0.11180859724549044,92773
08_000375_000395_s5,08,ceiling_gt_lidar_gt_pose,0.16830303091965368,0.9647731249270967,0.16934369337551058,94628
08_000400_000420_s5,08,ceiling_gt_lidar_gt_pose,0.10358788027244212,0.9426041731162157,0.10424541221583128,93512
08_000425_000445_s5,08,ceiling_gt_lidar_gt_pose,0.11754630125254255,0.9590997841948412,0.1181384927943494,91629
08_000450_000470_s5,08,ceiling_gt_lidar_gt_pose,0.14800782863196452,0.9651659738891165,0.14880270058037204,89730
08_000475_000495_s5,08,ceiling_gt_lidar_gt_pose,0.15517293827761386,0.959435736677116,0.15619768913567142,94299
08_000500_000520_s5,08,ceiling_gt_lidar_gt_pose,0.1322212949967758,0.9523256608155181,0.13310231590201807,89874
08_000525_000545_s5,08,ceiling_gt_lidar_gt_pose,0.11615098295267791,0.9696677543755562,0.11657453637660485,89438
08_000550_000570_s5,08,ceiling_gt_lidar_gt_pose,0.1193432657811463,0.9692235588189345,0.11979724837074583,87244
08_000575_000595_s5,08,ceiling_gt_lidar_gt_pose,0.11869985393865423,0.9647910229305579,0.11921627731725697,83816
08_000600_000620_s5,08,ceiling_gt_lidar_gt_pose,0.11259497596526594,0.9208941027266963,0.11369463527293366,89983
08_000625_000645_s5,08,ceiling_gt_lidar_gt_pose,0.10214368802969036,0.9552989934872705,0.10263423632590425,87253
08_000650_000670_s5,08,ceiling_gt_lidar_gt_pose,0.10327109567231148,0.9769511638521223,0.10352332357990957,92168
08_000675_000695_s5,08,ceiling_gt_lidar_gt_pose,0.18908053573002026,0.964438202247191,0.19040805687729456,95413
08_000700_000720_s5,08,ceiling_gt_lidar_gt_pose,0.1129459734964322,0.9435140505251206,0.11371489172453901,96143
08_000725_000745_s5,08,ceiling_gt_lidar_gt_pose,0.1343000148249596,0.9512951295129513,0.1352298495155638,94617
08_000750_000770_s5,08,ceiling_gt_lidar_gt_pose,0.14709859688713942,0.9465691165059306,0.14833022104486038,93524
08_000775_000795_s5,08,ceiling_gt_lidar_gt_pose,0.18891156690199754,0.9389135254988914,0.19126232229361217,95338
08_000800_000820_s5,08,ceiling_gt_lidar_gt_pose,0.12850919158811913,0.9550646796278085,0.12929092249713256,91463
08_000825_000845_s5,08,ceiling_gt_lidar_gt_pose,0.13626066521288083,0.9527757216876388,0.1371871935882679,91668
08_000850_000870_s5,08,ceiling_gt_lidar_gt_pose,0.09742961802276713,0.9521346719399655,0.09790917148965014,81453
08_000875_000895_s5,08,ceiling_gt_lidar_gt_pose,0.13957196101825553,0.9594280737407461,0.14040062877049878,84881
08_000900_000920_s5,08,ceiling_gt_lidar_gt_pose,0.14108799423579213,0.9460969349237506,0.14223130178186358,91510
08_000925_000945_s5,08,ceiling_gt_lidar_gt_pose,0.11539965368932581,0.9720828105395232,0.11578337785582186,82470
08_000950_000970_s5,08,ceiling_gt_lidar_gt_pose,0.11318960804354543,0.9807098235738313,0.11344217514214021,95866
08_000975_000995_s5,08,ceiling_gt_lidar_gt_pose,0.1437282108976763,0.9569962082678257,0.1446625286585025,96519
08_001000_001020_s5,08,ceiling_gt_lidar_gt_pose,0.133891494537098,0.9419495130944502,0.1350054880279686,95450
08_001025_001045_s5,08,ceiling_gt_lidar_gt_pose,0.15025570842037023,0.9779653070792311,0.15076611737496387,95272
08_001050_001070_s5,08,ceiling_gt_lidar_gt_pose,0.18238263059756132,0.9823325270796088,0.18298284964298658,93636
08_001075_001095_s5,08,ceiling_gt_lidar_gt_pose,0.1347371152652017,0.9700407019416828,0.13530013959981388,94324
08_001100_001120_s5,08,ceiling_gt_lidar_gt_pose,0.12874912385316303,0.957519645219015,0.1294887577201898,87888
08_001125_001145_s5,08,ceiling_gt_lidar_gt_pose,0.13246387670997073,0.9563564588054683,0.13326949328660787,88382
08_001150_001170_s5,08,ceiling_gt_lidar_gt_pose,0.13696448187477114,0.9439747634069401,0.13808697578263437,92785
08_001175_001195_s5,08,ceiling_gt_lidar_gt_pose,0.10327667549925677,0.956558919103814,0.10376334610354072,88678
08_001200_001220_s5,08,ceiling_gt_lidar_gt_pose,0.1037509441900045,0.9367230662983426,0.10448321682361777,80386
08_001225_001245_s5,08,ceiling_gt_lidar_gt_pose,0.08877141659609775,0.9543866102630126,0.08914965080619529,86222
08_001250_001270_s5,08,ceiling_gt_lidar_gt_pose,0.12176556298045521,0.946987951807229,0.12260126134025834,83295
08_001275_001295_s5,08,ceiling_gt_lidar_gt_pose,0.18708576998050683,0.9570224859151418,0.1886708997621341,95535
08_001300_001320_s5,08,ceiling_gt_lidar_gt_pose,0.12255617693784035,0.9261623872310896,0.1237654521343188,95159
08_001325_001345_s5,08,ceiling_gt_lidar_gt_pose,0.13201935279187818,0.959919261822376,0.13275112653028673,92218
08_001350_001370_s5,08,ceiling_gt_lidar_gt_pose,0.0987438991526185,0.882813545710079,0.10005537140559934,92573
08_001375_001395_s5,08,ceiling_gt_lidar_gt_pose,0.1379520505195139,0.9394909236385458,0.13918873865530654,92271
08_001400_001420_s5,08,ceiling_gt_lidar_gt_pose,0.14899890187583675,0.9298723244461135,0.15069222577209798,93843
08_001425_001445_s5,08,ceiling_gt_lidar_gt_pose,0.14928684627575278,0.9476396113455687,0.15052849837864804,91266
08_001450_001470_s5,08,ceiling_gt_lidar_gt_pose,0.1423375843011994,0.9552690226042662,0.14329263439405276,95553
08_001475_001495_s5,08,ceiling_gt_lidar_gt_pose,0.1334479439877161,0.9809894145603802,0.1337939467151833,95820
08_001500_001520_s5,08,ceiling_gt_lidar_gt_pose,0.11314769122312301,0.9613907155413763,0.11366418031083297,90389
08_001525_001545_s5,08,ceiling_gt_lidar_gt_pose,0.1292776520318379,0.9431867891513561,0.13029224923897362,92388
08_001550_001570_s5,08,ceiling_gt_lidar_gt_pose,0.091629178415377,0.9436234668242943,0.09213355072359214,94111
08_001575_001595_s5,08,ceiling_gt_lidar_gt_pose,0.12774793281558278,0.8880669851543638,0.12983852797596696,94041
08_001600_001620_s5,08,ceiling_gt_lidar_gt_pose,0.11903483010470656,0.8841450777202072,0.12092093794510937,93156
08_001625_001645_s5,08,ceiling_gt_lidar_gt_pose,0.10701356908907331,0.9066819675551614,0.10820535486401185,88303
08_001650_001670_s5,08,ceiling_gt_lidar_gt_pose,0.10489776936050518,0.8987518002880461,0.10615218870492175,91741
08_001675_001695_s5,08,ceiling_gt_lidar_gt_pose,0.09353931234753086,0.7915349173367061,0.09590188158802089,92014
08_001700_001720_s5,08,ceiling_gt_lidar_gt_pose,0.10736403254314125,0.8628822381262199,0.10922754881438523,84748
08_001725_001745_s5,08,ceiling_gt_lidar_gt_pose,0.11290550513456647,0.9558657361249585,0.11349717460618114,86577
08_001750_001770_s5,08,ceiling_gt_lidar_gt_pose,0.11168573857830404,0.9349614731618128,0.1125602383591582,89953
08_001775_001795_s5,08,ceiling_gt_lidar_gt_pose,0.14720660035809782,0.8858458325422441,0.15005306489998071,94146
08_001800_001820_s5,08,ceiling_gt_lidar_gt_pose,0.22523473052615872,0.8962680237489398,0.23126333643376923,92883
08_001825_001845_s5,08,ceiling_gt_lidar_gt_pose,0.18787139847060774,0.9078480723029402,0.19152376700013274,94566
08_001850_001870_s5,08,ceiling_gt_lidar_gt_pose,0.14322959698889196,0.8755822436724844,0.1462052420979637,91451
08_001875_001895_s5,08,ceiling_gt_lidar_gt_pose,0.16422596368744813,0.9629329173166926,0.16527075657612886,88919
08_001900_001920_s5,08,ceiling_gt_lidar_gt_pose,0.22092006565323435,0.96276489070125,0.22282390073336014,91208
08_001925_001945_s5,08,ceiling_gt_lidar_gt_pose,0.14660812565704037,0.9490032823633016,0.14777232042683686,92648
08_001950_001970_s5,08,ceiling_gt_lidar_gt_pose,0.12248880358285348,0.9447322970639033,0.12337285732697513,86053
08_001975_001995_s5,08,ceiling_gt_lidar_gt_pose,0.14249795025963377,0.9653767820773931,0.14322995357525478,88887
08_002000_002020_s5,08,ceiling_gt_lidar_gt_pose,0.14357957647329253,0.96053053117191,0.14443170541365988,93600
08_002025_002045_s5,08,ceiling_gt_lidar_gt_pose,0.11467239353296325,0.9628306540784214,0.11518228716205904,89224
08_002050_002070_s5,08,ceiling_gt_lidar_gt_pose,0.11281517535535351,0.9697394965353916,0.11321372982714836,90145
08_002075_002095_s5,08,ceiling_gt_lidar_gt_pose,0.11200562264392051,0.964865608659756,0.1124643135913091,90655
08_002100_002120_s5,08,ceiling_gt_lidar_gt_pose,0.13764907563854323,0.9643165716260584,0.13835378703359366,92221
08_002125_002145_s5,08,ceiling_gt_lidar_gt_pose,0.17064909757342364,0.9724156164625011,0.17147919062567993,93391
08_002150_002170_s5,08,ceiling_gt_lidar_gt_pose,0.10955187128701037,0.9913466738777718,0.10965673195419902,92313
08_002175_002195_s5,08,ceiling_gt_lidar_gt_pose,0.14735445951393314,0.978330311663645,0.1478369775087408,91440
08_002200_002220_s5,08,ceiling_gt_lidar_gt_pose,0.1016532156078269,0.9342772612003382,0.1023853635942566,90850
08_002225_002245_s5,08,ceiling_gt_lidar_gt_pose,0.12217287794158044,0.9824206166589968,0.12244055198045356,88579
08_002250_002270_s5,08,ceiling_gt_lidar_gt_pose,0.14560808144582116,0.9840749771411155,0.1459519934906428,92649
08_002275_002295_s5,08,ceiling_gt_lidar_gt_pose,0.14472742149943746,0.9579419480409579,0.14565292914216602,89792
08_002300_002320_s5,08,ceiling_gt_lidar_gt_pose,0.1054712958564848,0.9570970328789093,0.10597231933761751,91306
08_002325_002345_s5,08,ceiling_gt_lidar_gt_pose,0.10426114729316557,0.9264720735279265,0.10513105566570777,77487
08_002350_002370_s5,08,ceiling_gt_lidar_gt_pose,0.12924974895997704,0.9241025641025641,0.13063650862693926,88366
08_002375_002395_s5,08,ceiling_gt_lidar_gt_pose,0.10847501040566068,0.942332653439644,0.1091999097521407,89482
08_002400_002420_s5,08,ceiling_gt_lidar_gt_pose,0.08291092025478682,0.9284566777337474,0.08344402733660602,88822
08_002425_002445_s5,08,ceiling_gt_lidar_gt_pose,0.10092029481654517,0.9635646990963276,0.10130689226477456,82035
08_002450_002470_s5,08,ceiling_gt_lidar_gt_pose,0.20630491816932495,0.9493452571063558,0.20860118462790894,89656
08_002475_002495_s5,08,ceiling_gt_lidar_gt_pose,0.19653801953648725,0.9303037171350861,0.19947512939518383,94879
08_002500_002520_s5,08,ceiling_gt_lidar_gt_pose,0.12640485533820317,0.9180845717567665,0.12784675984244095,93212
08_002525_002545_s5,08,ceiling_gt_lidar_gt_pose,0.11970906362670113,0.8352479278755272,0.12260405549626467,86454
08_002550_002570_s5,08,ceiling_gt_lidar_gt_pose,0.10364838093234453,0.9182976079527804,0.10461309787128625,91431
08_002575_002595_s5,08,ceiling_gt_lidar_gt_pose,0.10791914716876644,0.9235781990521327,0.10889152755465531,93993
08_002600_002620_s5,08,ceiling_gt_lidar_gt_pose,0.13273159413728708,0.873069048948446,0.13534333525678016,93434
08_002625_002645_s5,08,ceiling_gt_lidar_gt_pose,0.08464384828862165,0.9368143922773147,0.08512985459475265,94318
08_002650_002670_s5,08,ceiling_gt_lidar_gt_pose,0.09611944503134023,0.9002044720005277,0.09715469436277825,89247
08_002675_002695_s5,08,ceiling_gt_lidar_gt_pose,0.09897907465064079,0.9190945764231286,0.0998490455784963,83216
08_002700_002720_s5,08,ceiling_gt_lidar_gt_pose,0.10557222906510765,0.9456876456876457,0.10621623744403816,89726
08_002725_002745_s5,08,ceiling_gt_lidar_gt_pose,0.10839307249095538,0.9641686531585221,0.1088314680434216,89362
08_002750_002770_s5,08,ceiling_gt_lidar_gt_pose,0.0867052929508338,0.9338005572912269,0.0872415452458525,84638
08_002775_002795_s5,08,ceiling_gt_lidar_gt_pose,0.10272992617180793,0.9453765706116921,0.10334334005017067,88871
08_002800_002820_s5,08,ceiling_gt_lidar_gt_pose,0.11430564102564103,0.9617535381429064,0.11482760610281814,87557
08_002825_002845_s5,08,ceiling_gt_lidar_gt_pose,0.1236936229608305,0.9416882513116823,0.1246483578310711,85521
08_002850_002870_s5,08,ceiling_gt_lidar_gt_pose,0.1373847574896739,0.9381173390455789,0.13864120016180376,89282
08_002875_002895_s5,08,ceiling_gt_lidar_gt_pose,0.12122977346278317,0.8559770189984984,0.12375405874801781,85703
08_002900_002920_s5,08,ceiling_gt_lidar_gt_pose,0.10119784426120242,0.8254757281553398,0.10341036244222816,80423
08_002925_002945_s5,08,ceiling_gt_lidar_gt_pose,0.13940695773990194,0.8724137931034482,0.14230827899172482,88565
08_002950_002970_s5,08,ceiling_gt_lidar_gt_pose,0.1183691070087656,0.8817079249044691,0.12027922367357423,86590
08_002975_002995_s5,08,ceiling_gt_lidar_gt_pose,0.09355176862702935,0.8717049652495148,0.09485783588953921,84412
08_003000_003020_s5,08,ceiling_gt_lidar_gt_pose,0.10846619264231772,0.965463020160611,0.10888869184094853,92416
08_003025_003045_s5,08,ceiling_gt_lidar_gt_pose,0.1176922781258408,0.9511285980534272,0.1184083321517421,90386
08_003050_003070_s5,08,ceiling_gt_lidar_gt_pose,0.10085812785730346,0.9353605560382277,0.10156603773584906,91651
08_003075_003095_s5,08,ceiling_gt_lidar_gt_pose,0.1023864710528701,0.9518478391717828,0.10291954651359549,92088
08_003100_003120_s5,08,ceiling_gt_lidar_gt_pose,0.08931646327768211,0.964571848585079,0.08961043395131278,89497
08_003125_003145_s5,08,ceiling_gt_lidar_gt_pose,0.09580278318120604,0.9802495598254612,0.09598806614593484,87053
08_003150_003170_s5,08,ceiling_gt_lidar_gt_pose,0.0933683149531602,0.9710938102212288,0.09362853299443342,90883
08_003175_003195_s5,08,ceiling_gt_lidar_gt_pose,0.08866572533287587,0.970533005922288,0.08890506119748594,93031
08_003200_003220_s5,08,ceiling_gt_lidar_gt_pose,0.091314356452858,0.9798507462686568,0.09148614469164361,91900
08_003225_003245_s5,08,ceiling_gt_lidar_gt_pose,0.08528762613400653,0.975762182248121,0.08546869452006155,87934
08_003250_003270_s5,08,ceiling_gt_lidar_gt_pose,0.09122729739721394,0.9648115797354629,0.09153184436903165,84874
08_003275_003295_s5,08,ceiling_gt_lidar_gt_pose,0.09122325952833589,0.9560065175529551,0.09160782087221887,92882
08_003300_003320_s5,08,ceiling_gt_lidar_gt_pose,0.0826324156622709,0.9751239669421488,0.08280697321879738,89144
08_003325_003345_s5,08,ceiling_gt_lidar_gt_pose,0.0731478434670274,0.9862788595842577,0.07322235709623702,93836
08_003350_003370_s5,08,ceiling_gt_lidar_gt_pose,0.1280989884901568,0.9871807514051869,0.1283124307073141,96078
08_003375_003395_s5,08,ceiling_gt_lidar_gt_pose,0.13804038692248966,0.9873979836773884,0.13828401422004086,96783
08_003400_003420_s5,08,ceiling_gt_lidar_gt_pose,0.20189950980392157,0.9183900997825966,0.20558800039932115,94080
08_003425_003445_s5,08,ceiling_gt_lidar_gt_pose,0.10170618828115618,0.9011294810934687,0.10285393993180438,93437
08_003450_003470_s5,08,ceiling_gt_lidar_gt_pose,0.10896667131501883,0.9363316823773766,0.10978008392027573,92482
08_003475_003495_s5,08,ceiling_gt_lidar_gt_pose,0.0799729959342193,0.9324312372866366,0.0804391613513596,88071
08_003500_003520_s5,08,ceiling_gt_lidar_gt_pose,0.08179845118356938,0.9842495681333198,0.08190566388743256,88586
08_003525_003545_s5,08,ceiling_gt_lidar_gt_pose,0.0728342877920189,0.956145584725537,0.07307841393620175,84074
08_003550_003570_s5,08,ceiling_gt_lidar_gt_pose,0.10682678587629801,0.9204093234792495,0.10782281494801162,88141
08_003575_003595_s5,08,ceiling_gt_lidar_gt_pose,0.08947936336660373,0.9422403181516902,0.08997287522603978,87432
08_003600_003620_s5,08,ceiling_gt_lidar_gt_pose,0.07877871825876663,0.9705772811918063,0.07896730402109027,88850
08_003625_003645_s5,08,ceiling_gt_lidar_gt_pose,0.11252864848849267,0.9741249245624622,0.11286600821606503,89431
08_003650_003670_s5,08,ceiling_gt_lidar_gt_pose,0.10387031408308003,0.9783376276362248,0.10410975597371869,92321
08_003675_003695_s5,08,ceiling_gt_lidar_gt_pose,0.09057964717128704,0.9524810381065522,0.09099083369707552,90427
08_003700_003720_s5,08,ceiling_gt_lidar_gt_pose,0.14698035672023924,0.9654465799886942,0.1477576268803599,89178
08_003725_003745_s5,08,ceiling_gt_lidar_gt_pose,0.19686060399249275,0.9425700514663835,0.19925052238934843,96998
08_003750_003770_s5,08,ceiling_gt_lidar_gt_pose,0.10082893425766923,0.9320921117099461,0.1015750974424689,94459
08_003775_003795_s5,08,ceiling_gt_lidar_gt_pose,0.1250892345435716,0.9341492716624118,0.12620206938527084,90258
08_003800_003820_s5,08,ceiling_gt_lidar_gt_pose,0.11352428530759553,0.9437361630658829,0.11429786604534191,85728
08_003825_003845_s5,08,ceiling_gt_lidar_gt_pose,0.11361149516934847,0.9218803771766811,0.11471590811764504,85427
08_003850_003870_s5,08,ceiling_gt_lidar_gt_pose,0.1435516237528617,0.8733306585659426,0.14660406223239972,92900
08_003875_003895_s5,08,ceiling_gt_lidar_gt_pose,0.0920217548044827,0.9557178515299991,0.09241579060287491,87522
08_003900_003920_s5,08,ceiling_gt_lidar_gt_pose,0.08140904999590869,0.9191611234294161,0.08199612642683479,87145
08_003925_003945_s5,08,ceiling_gt_lidar_gt_pose,0.07691453371151283,0.9404575368223127,0.07729091190055115,86939
08_003950_003970_s5,08,ceiling_gt_lidar_gt_pose,0.15103567627994968,0.9040664007206279,0.15349573956740223,89280
08_003975_003995_s5,08,ceiling_gt_lidar_gt_pose,0.19856069425336015,0.9166951678311428,0.20220940884841299,93451
08_004000_004020_s5,08,ceiling_gt_lidar_gt_pose,0.18828005547061125,0.9302529866479269,0.19097597922527593,91575
08_004025_004045_s5,08,ceiling_gt_lidar_gt_pose,0.20511166845813925,0.8808986458760771,0.2109620676100629,91091
08_004050_004070_s5,08,ceiling_gt_lidar_gt_pose,0.41985171261487053,0.5703241364635789,0.6140980601802353,88612
