clip_id,sequence,a_clip,s_learned,s_oracle,s0,ratio_learned_over_oracle,abs_log_scale_err_learned,abs_log_scale_err_const,rel_scale_err_learned,rel_scale_err_const,frame_median_std,frame_median_range,median_abs_r_shape,rms_r_shape,rms_r,scalar_energy_fraction,n_support_px,frame_median_0,frame_median_1,frame_median_2,frame_median_3,frame_median_4
08_000000_000020_s5,08,0.03554881364107132,28.35684511457263,29.560553168507,27.3665,0.9592799212155215,0.04157235803972448,0.0771211716807958,0.040720078784478475,0.07422233122634814,0.023134892412015263,0.06610847357660532,0.03591703495476395,0.04298128595767082,0.057152400943900374,0.3868844408553198,313346,0.010925709269940853,0.026209209114313126,0.07703418284654617,0.04897204041481018,0.05623902380466461
08_000025_000045_s5,08,-0.18851201981306076,22.664676650539917,22.062611171272522,27.3665,1.027288949372019,0.026923244219330122,0.21543526403239088,0.027288949372018978,0.24040168172086585,0.03279833484054856,0.09569548070430756,0.04848683625459671,0.1051686757845319,0.1835977605444065,1.0542493315592036,272024,-0.15168696641921997,-0.17837248742580414,-0.20665813982486725,-0.21695735305547714,-0.24738244712352753
08_000050_000070_s5,08,-0.08737575262784958,25.076819286379415,28.674226241614992,27.3665,0.8745421437034402,0.13405479391400865,0.04667904128615907,0.1254578562965598,0.045606330597932065,0.02682215411808868,0.07994496822357178,0.03751763701438904,0.05605595689657167,0.09228120294703686,0.8965104679434913,268474,-0.12223341315984726,-0.1051979809999466,-0.08921229094266891,-0.08179260417819023,-0.04228844493627548
08_000075_000095_s5,08,0.11231920123100281,30.61955444057437,33.186537970329574,27.3665,0.9226498548281771,0.08050547200190783,0.19282467323291108,0.07735014517182293,0.1753734594290306,0.025274046836476386,0.06742403656244278,0.04074922204017639,0.06495940827830965,0.11774450808812059,0.9099692007927223,273500,0.13119560480117798,0.10313565284013748,0.1571289449930191,0.08970490843057632,0.14499268680810928
08_000100_000120_s5,08,0.2584247887134552,35.43657313946183,38.16029060143091,27.3665,0.9286242997880381,0.07405103554136971,0.33247582425482536,0.07137570021196193,0.2828539938064877,0.029934101413598077,0.08362013846635818,0.046044573187828064,0.13391253108028128,0.24250998018487058,1.1355574410541267,296897,0.2944628596305847,0.27597594261169434,0.3149482160806656,0.2502986639738083,0.2313280776143074
08_000125_000145_s5,08,0.11967851221561432,30.84572447093761,31.930175352630194,27.3665,0.966036801561027,0.034553348641220616,0.15423186085683493,0.033963198438973,0.14292672377241644,0.020552811386084828,0.06134798005223274,0.04273304343223572,0.07441041666741696,0.11953592930307239,1.0023870304116054,336885,0.1383662223815918,0.15494173765182495,0.12379996478557587,0.09359375759959221,0.13753481209278107
08_000150_000170_s5,08,0.1440972164273262,31.60820864370529,32.90385599055384,27.3665,0.9606232367653046,0.04017300019877679,0.18427021662610343,0.03937676323469541,0.1682889686893697,0.011922939265217928,0.030205994844436646,0.03216215968132019,0.08200535782897979,0.1337218710803097,1.1611980382831166,316094,0.160872220993042,0.15973224490880966,0.15410000085830688,0.13066622614860535,0.13938091695308685
08_000175_000195_s5,08,0.23173411190509796,34.50325783374962,36.29473796867138,27.3665,0.950640775076869,0.05061902167957921,0.2823531335846772,0.04935922492313105,0.2459926278122737,0.01610979264821095,0.04315178096294403,0.04569588601589203,0.13397082987589654,0.2081376390117919,1.2395917807624242,331957,0.24681130051612854,0.20703928172588348,0.24855992197990417,0.2368377074599266,0.2501910626888275
08_000200_000220_s5,08,0.19951742887496948,33.409392282439846,35.4463497065663,27.3665,0.9425340707579513,0.059183210968036803,0.2587006398430063,0.05746592924204874,0.22794588930745507,0.013888594380432152,0.03644771873950958,0.030244246125221252,0.1094179255383183,0.17998590721898539,1.2288098279642592,308075,0.2042471468448639,0.2182311862707138,0.21538513153791428,0.19158849120140076,0.18178346753120422
08_000225_000245_s5,08,0.17045694589614868,32.452470849518654,33.520522868313286,27.3665,0.9681373699631561,0.032381290655027595,0.20283823655117628,0.031862630036843864,0.18358970391033613,0.021876745233144042,0.0484025776386261,0.04115724563598633,0.09379345062899361,0.1623115459287857,1.1028858819045544,302801,0.20254749059677124,0.2003449946641922,0.19612467288970947,0.15414491295814514,0.15633171796798706
08_000250_000270_s5,08,0.00351406482513994,27.462836822821615,30.058170929899283,27.3665,0.9136562862347671,0.09030083270193101,0.0938148975270714,0.08634371376523287,0.08954872657344037,0.014634281604933658,0.040945733431726694,0.012830609106458724,0.03058329605879053,0.030937809369278084,0.012901506317374464,304974,0.0010805009515024722,-0.006344387773424387,0.03460134565830231,0.01749829389154911,0.002068802365101874
08_000275_000295_s5,08,0.16115398705005646,32.151966804392195,34.035450175748004,27.3665,0.9446611294509074,0.05692900897194386,0.21808299602200032,0.05533887054909259,0.19594129477681987,0.014474548094504906,0.03362460434436798,0.03207796812057495,0.08773310641859967,0.14865379315850882,1.1752496174120133,309537,0.14892540872097015,0.18255001306533813,0.15106706321239471,0.16922682523727417,0.18185365200042725
08_000300_000320_s5,08,0.21809963136911392,34.03601637198527,36.699079087960676,27.3665,0.9274351623485549,0.0753323927677334,0.2934320241368473,0.07256483765144506,0.2543000892636098,0.011228323549235093,0.03177556395530701,0.033827535808086395,0.11748388571400326,0.19631796446762736,1.2342120386775994,313810,0.22871845215559006,0.20145775377750397,0.23323331773281097,0.22256936132907867,0.22836534678936005
08_000325_000345_s5,08,0.11954102665185928,30.8414839206332,34.95202170757832,27.3665,0.8823948491067151,0.12511564842761214,0.24465667507947142,0.11760515089328494,0.21702669364998772,0.05290025009961397,0.13518014550209045,0.08402595669031143,0.08623529985434572,0.14609168447047147,0.6695499307611954,322273,0.20473991334438324,0.2140980288386345,0.17544078081846237,0.11209970712661743,0.07891788333654404
08_000350_000370_s5,08,0.1350661665201187,31.324038443003147,32.715071794604285,27.3665,0.9574803515537276,0.043450078708405115,0.17851624522852427,0.04251964844627243,0.16348953253669551,0.011346683344319463,0.0315241813659668,0.024370968341827393,0.07366077654260245,0.12537162531034557,1.1606322539837517,305075,0.13166194409132004,0.13751766085624695,0.15655486285686493,0.12701259553432465,0.12503068149089813
08_000375_000395_s5,08,0.14340072125196457,31.586201343761893,32.40119745443536,27.3665,0.9748467286797172,0.02547502169585414,0.1688757429478187,0.025153271320282777,0.15538615390728927,0.010004881842854956,0.028349846601486206,0.021775931119918823,0.07741523976007744,0.1321971448590299,1.1766804022449804,275830,0.13737128674983978,0.143497496843338,0.14405791461467743,0.165721133351326,0.14075863361358643
08_000400_000420_s5,08,0.06080418452620506,29.082127846865994,30.75877789530925,27.3665,0.9454903554962453,0.056051591362677566,0.11685577588888263,0.05450964450375473,0.1102864979504462,0.020565761309029935,0.04607540741562843,0.031696949154138565,0.04172268819485294,0.07040277267181191,0.7459116840589738,261609,0.05220862105488777,0.08993197605013847,0.05166256055235863,0.09633015468716621,0.05025474727153778
08_000425_000445_s5,08,0.05693310685455799,28.96976629158164,30.04906359422687,27.3665,0.964082165180928,0.03657875441359337,0.09351186126815136,0.03591783481907196,0.08927278501757552,0.010596035337041421,0.030818583443760872,0.023708345368504524,0.03900589090979533,0.06182725943460527,0.8479490840856079,285200,0.05039948970079422,0.04374904744327068,0.06267383694648743,0.06016166880726814,0.07456763088703156
08_000450_000470_s5,08,0.09832566976547241,30.194062750977388,31.2086936417821,27.3665,0.9674888381279013,0.03305139096345622,0.13137706072892907,0.03251116187209868,0.12311292763110682,0.01020471821274924,0.02817540615797043,0.02442866563796997,0.054529233355916626,0.096771758024392,1.0323728272756536,300233,0.11010794341564178,0.1068362146615982,0.10347787290811539,0.094008918851614,0.08193253725767136
08_000475_000495_s5,08,-0.0011554434895515442,27.334897816527633,27.950692735436856,27.3665,0.9779685274802332,0.02227778995568208,0.021122346466130537,0.02203147251976678,0.02090083208192539,0.0054060282355828234,0.015063314465805888,0.01118853036314249,0.027857811425736404,0.0278815137747149,0.0017173733574141023,330413,-0.00774331740103662,0.0010528260609135032,0.007319997064769268,0.001911184866912663,-0.005430828081443906
08_000500_000520_s5,08,-0.14145821332931519,23.75662465215412,23.938687353911252,27.3665,0.9923946246899212,0.007634443654451317,0.13382376967486387,0.007605375310078766,0.14319133691048802,0.009438623498529433,0.026683613657951355,0.028046198189258575,0.07327553956064246,0.13457227120600715,1.104956478681067,327089,-0.14240702986717224,-0.15431740880012512,-0.1514570191502571,-0.139922633767128,-0.12763379514217377
08_000525_000545_s5,08,-0.10818566009402275,24.560365314659894,24.28718038355654,27.3665,1.0112481122464225,0.011185322636211303,0.11937098273023405,0.011248112246422526,0.12678785959560335,0.014820082159416114,0.04404353350400925,0.03133842721581459,0.06391276149002134,0.1081227124777053,1.0011647125476286,341396,-0.11635391041636467,-0.08754537254571915,-0.10470695793628693,-0.1315889060497284,-0.118673175573349
08_000550_000570_s5,08,-0.06277213245630264,25.701452432343363,24.83567265847025,27.3665,1.0348603311768096,0.03426647188844978,0.09703860434475242,0.034860331176809645,0.10190291103980242,0.01553792023122405,0.04288631118834019,0.02983928471803665,0.04700919088599465,0.07249588546520323,0.7497337259866116,344395,-0.06881101801991463,-0.09137805923819542,-0.04849174804985523,-0.05138994753360748,-0.07200467213988304
08_000575_000595_s5,08,-0.1309276968240738,24.00811602315628,22.712822020714302,27.3665,1.0570291970438837,0.05546232906467852,0.18639002588875186,0.05702919704388365,0.20489210786055123,0.01860920161132137,0.05548083037137985,0.037739936262369156,0.07750124781764293,0.1294695797411848,1.022651311850294,339810,-0.14119409024715424,-0.134682796895504,-0.15266701579093933,-0.09718618541955948,-0.13299141824245453
08_000600_000620_s5,08,-0.04057244956493378,26.27839682321606,25.848347734795542,27.3665,1.01663739179126,0.016500506577211027,0.057072956142144804,0.016637391791259892,0.05873304865675455,0.031835416510321686,0.0831310823559761,0.037176752695813775,0.04857632000162101,0.06827807235638672,0.35310181922626316,331637,-0.0240268986672163,-0.018382981419563293,-0.06146932765841484,-0.0790804848074913,-0.1015140637755394
08_000625_000645_s5,08,-0.024515997618436813,26.703740254121094,24.850083747930526,27.3665,1.0745935717961086,0.07194251734430024,0.09645851496273661,0.0745935717961086,0.10126389422245041,0.011897476688838317,0.03141869977116585,0.026303893653675914,0.040238077138430944,0.05043954794862779,0.23624181449901818,341904,-0.01843131799250841,-0.03677544742822647,-0.04274178668856621,-0.03486798331141472,-0.01132308691740036
08_000650_000670_s5,08,-0.037949711084365845,26.347408646194186,25.62140436079542,27.3665,1.0283358505714721,0.02794181656774164,0.06589152765210748,0.028335850571472143,0.06811085039018527,0.012250100181876677,0.03455375228077173,0.02486240863800049,0.034730506152208525,0.04925346581274283,0.5936676117352465,341691,-0.03877882659435272,-0.022044899873435497,-0.03359952196478844,-0.05050881206989288,-0.05659865215420723
08_000675_000695_s5,08,0.0287471953779459,28.16462711671113,27.849689963903824,27.3665,1.0113084617177246,0.011244999059701222,0.017502196318244678,0.011308461717724594,0.017349922549590002,0.0120808647586971,0.035222649574279785,0.02655978687107563,0.03416634049894897,0.044633929086539764,0.41482098946703466,360177,0.01412460207939148,0.03268619626760483,0.04308350756764412,0.03012562356889248,0.049347251653671265
08_000700_000720_s5,08,-0.14336922764778137,23.711268753974075,23.830147381341614,27.3665,0.9950114187098725,0.0050010657990697815,0.13836816184871115,0.0049885812901274695,0.14839826888470098,0.03723023716185552,0.09545843303203583,0.06041127070784569,0.08549471552300163,0.15350050289186123,0.8723530543742909,321444,-0.11213778704404831,-0.13406644761562347,-0.16627353429794312,-0.20759622007608414,-0.20194418728351593
08_000725_000745_s5,08,-7.593957707285881e-05,27.364421878470868,27.425448481491017,27.3665,0.9977748184113986,0.0022276609839053663,0.0021517214068325075,0.0022251815886014104,0.0021494081138108134,0.030433458719084316,0.08344944193959236,0.019905039574950933,0.03812144140454705,0.03811525481678839,3.969526385977988e-06,336610,-0.003666238742880523,-0.03013470210134983,-0.00860049668699503,0.05331473983824253,0.03479818068444729
08_000750_000770_s5,08,0.074006587266922,29.46862755968851,29.31664387457404,27.3665,1.0051842115954577,0.005170819834399154,0.06883576743252284,0.005184211595457677,0.06652002469714402,0.03103719230409203,0.09527479484677315,0.03543449938297272,0.05268130504172153,0.08470141059627782,0.763412855993065,351639,0.14174339175224304,0.08879982680082321,0.07713432982563972,0.07818183302879333,0.046468596905469894
08_000775_000795_s5,08,-0.08773092925548553,25.06791416781205,24.762158741857355,27.3665,1.0123476886301457,0.01227207770010974,0.10000300695559527,0.012347688630145681,0.10517424128052011,0.015138639744082723,0.03446915000677109,0.029250822961330414,0.05157158712038398,0.08969792112295563,0.9566227468085027,348911,-0.10930976644158363,-0.07995323091745377,-0.08266980573534966,-0.07802305743098259,-0.11249220743775368
08_000800_000820_s5,08,-0.15649420768022537,23.402092231225698,22.883494594140835,27.3665,1.022662519264765,0.022409539350936925,0.1789037470311623,0.022662519264764924,0.19590562916063559,0.017880896941719255,0.05325666815042496,0.029280856251716614,0.08328850315301932,0.14566911430108478,1.1541481931675523,323086,-0.15978748351335526,-0.17631015181541443,-0.1601695939898491,-0.14518649131059647,-0.12305348366498947
08_000825_000845_s5,08,-0.0500667542219162,26.03008236970583,26.273529820168584,27.3665,0.9907341171083958,0.009309078220112621,0.040757676001803134,0.009265882891604238,0.0415996703645205,0.011733178978611163,0.03605136275291443,0.024118497967720032,0.03860732765955437,0.058946388997475306,0.7214138292649006,351895,-0.06989184021949768,-0.03384047746658325,-0.056608911603689194,-0.057349568232893944,-0.05053856782615185
08_000850_000870_s5,08,-0.10639242082834244,24.60444743920699,23.975469625110627,27.3665,1.026234222892452,0.025896008114513425,0.13228842894285586,0.02623422289245192,0.1414374954031261,0.033680796139323836,0.0962529368698597,0.05170588940382004,0.07282912047545853,0.1150756435585609,0.8547804032864132,347983,-0.11939326301217079,-0.08686736971139908,-0.13063444197177887,-0.06186584755778313,-0.15811878442764282
08_000875_000895_s5,08,-0.11845763400197029,24.309373182212408,23.44381767083097,27.3665,1.0369204164413193,0.03625518227283031,0.1547128162748006,0.03692041644131927,0.1673226768884859,0.019328113041942235,0.0544055700302124,0.038199421018362045,0.07075710490309567,0.11874513957287645,0.9951634649150295,329770,-0.09659209847450256,-0.10451903939247131,-0.15099766850471497,-0.1142180785536766,-0.12946301698684692
08_000900_000920_s5,08,-0.02419860102236271,26.71221727559791,26.853858346217287,27.3665,0.9947254852992353,0.0052884740609657754,0.018910126961396934,0.005274514700764676,0.019090055781683324,0.010492962312295892,0.0321227740496397,0.019972012611106038,0.029461409980619087,0.038514328403926004,0.3947624719512458,339444,-0.009347399696707726,-0.026909003034234047,-0.02917891275137663,-0.04147017374634743,-0.021130099892616272
08_000925_000945_s5,08,-0.02092546783387661,26.79979316609128,25.759100668915437,27.3665,1.040400963937056,0.03960618109813563,0.060531648932011795,0.040400963937055945,0.062401220902260635,0.015232161158496177,0.04446731403004378,0.024089694023132324,0.041164413642381485,0.048272389355320376,0.18791124119540864,337489,-0.03193556144833565,-0.022305725142359734,-0.0020282502518966794,-0.04649556428194046,-0.013603915460407734
08_000950_000970_s5,08,-0.0393777247518301,26.30981103788358,26.507648316909883,27.3665,0.9925365963566033,0.007491394197201906,0.031886330554628195,0.007463403643396704,0.0324001462831478,0.0174483706495856,0.044005271047353745,0.027362678200006485,0.03581261349021919,0.053361312283419324,0.5445631316610752,327738,-0.06094852089881897,-0.05724241957068443,-0.05714235454797745,-0.031446244567632675,-0.016943249851465225
08_000975_000995_s5,08,0.05427238345146179,28.89278821053182,29.185404980400538,27.3665,0.9899738663874897,0.010076733790318038,0.06434911724178027,0.010026133612510257,0.06232241703077357,0.010489035110150055,0.03164603374898434,0.029058843851089478,0.04122075477815142,0.06044229380615413,0.8062614850666363,312331,0.06738201901316643,0.05956783518195152,0.03573598526418209,0.0565368365496397,0.05661076679825783
08_001000_001020_s5,08,-0.03888224437832832,26.322850262956685,27.321467158921948,27.3665,0.963449367848492,0.03723534274361695,0.001646901634711373,0.036550632151508,0.00164825852199324,0.0135022695831288,0.03760145790874958,0.028924038633704185,0.03448279875810856,0.05073337432356474,0.5873745885698263,295406,-0.013891125097870827,-0.048681022599339485,-0.05149258300662041,-0.03635703772306442,-0.043940652161836624
08_001025_001045_s5,08,0.05934523791074753,29.039729510848417,31.271833654577737,27.3665,0.928622537188427,0.07405293361929477,0.1333981715300423,0.07137746281157298,0.124883423777296,0.036166003325381495,0.10527507215738297,0.05025660898536444,0.05241128501411262,0.0771104082649351,0.5923054727402038,333227,0.10017054155468941,0.11646248400211334,0.07338471338152885,0.06342101097106934,0.011187411844730377
08_001050_001070_s5,08,0.05995682626962662,29.057495303484465,29.872970547552136,27.3665,0.9727019031210978,0.02767761257416712,0.08763443884379374,0.027298096878902167,0.0839042954754804,0.017952037733385637,0.0454118438065052,0.038442619144916534,0.04653369482172227,0.07136316282260126,0.7058770995287839,328709,0.09255297482013702,0.07590879499912262,0.08173094689846039,0.04976721666753292,0.04714113101363182
08_001075_001095_s5,08,-0.02958024200052023,26.568847839927795,26.713390881414238,27.3665,0.9945891166670642,0.005425575183382492,0.024154666817137738,0.005410883332935823,0.02444875386599299,0.01825901289958982,0.05498881480889395,0.023123213090002537,0.032031292723405276,0.04253491942647701,0.48362886835054975,328100,-0.023720133118331432,-0.0011636705021373928,-0.05615248531103134,-0.039028350263834,-0.03619319200515747
08_001100_001120_s5,08,-0.017632199451327324,26.888197567393867,27.425518696302756,27.3665,0.9804079866324888,0.019786481061392358,0.002154281610065034,0.019592013367511152,0.0021519628108516153,0.0222893225402062,0.06243162974715233,0.02233029785566032,0.03558434242054823,0.04133754409722967,0.18193809256088844,324880,-0.028223191387951374,-0.054979389533400536,-0.02930000238120556,-0.0010223571443930268,0.007452240213751793
08_001125_001145_s5,08,0.0009296097559854388,27.39195199376512,27.90398656815902,27.3665,0.9816501282659669,0.018520318973742622,0.019449928729728505,0.01834987173403313,0.019261999243231465,0.02232236930244234,0.06900799460709095,0.01685813709627837,0.036059015489245845,0.035950046600034286,0.0006686555141011879,328228,0.03583319112658501,0.00031700736144557595,-0.010002910159528255,0.0031220902455970645,-0.03317480348050594
08_001150_001170_s5,08,0.001982507645152509,27.42080811080607,27.950065346788342,27.3665,0.981064186097043,0.019117392304326852,0.021099899949479806,0.018935813902956955,0.02087885446949056,0.009311972005477469,0.02700553461909294,0.011325352475978434,0.026156331751522665,0.02613015211197394,0.005756332417995692,345668,-0.01388474041596055,0.0014406067202799022,0.013120794203132391,0.00931976642459631,8.2600956375245e-05
08_001175_001195_s5,08,-0.0553801991045475,25.892139761507686,25.00321938344947,27.3665,1.0355522368710097,0.034934846617849846,0.09031504572239735,0.035552236871009724,0.09451905293903362,0.022500193574962003,0.06348483357578516,0.030975681729614735,0.042014099387253416,0.06692570455078903,0.6847359375428671,333706,-0.07564664259552956,-0.04674473591148853,-0.022518827579915524,-0.06566452980041504,-0.08600366115570068
08_001200_001220_s5,08,-0.16818540543317795,23.13008687554615,22.64178942828334,27.3665,1.0215662038907953,0.021336943641213413,0.18952234907439092,0.021566203890795332,0.20867213639107152,0.013366925349214697,0.038861505687236786,0.03807196021080017,0.0934154869742381,0.16195197387256263,1.0784601987400244,330078,-0.1588582545518875,-0.17224951088428497,-0.16603133082389832,-0.1977197602391243,-0.16707810759544373
08_001225_001245_s5,08,-0.2420162558555603,21.4838906411104,20.59934236938148,27.3665,1.0429406073197607,0.042044230312658026,0.28406048616821833,0.04294060731976068,0.3285132850006469,0.01036317106534906,0.03047976642847061,0.030890345573425293,0.12889954525431,0.21653398784395997,1.2492142429373683,347999,-0.24611791968345642,-0.23706988990306854,-0.2316778525710106,-0.2621576189994812,-0.24225835502147675
08_001250_001270_s5,08,-0.11506523936986923,24.39198020789827,23.142362681455488,27.3665,1.0539969727224148,0.052589577935173715,0.16765481730504295,0.05399697272241477,0.18252835186657101,0.02477266515138824,0.07233696430921555,0.05056806653738022,0.07680773195230337,0.12630639435426233,0.8299226461101467,312893,-0.08252694457769394,-0.14420442283153534,-0.12347492575645447,-0.12941044569015503,-0.15486390888690948
08_001275_001295_s5,08,0.02095429226756096,27.945995898842348,28.965911157797507,27.3665,0.9647891187196229,0.035845731348497445,0.056800023616058404,0.03521088128037708,0.055217015238512634,0.02222744207602506,0.06078973039984703,0.025705873733386397,0.04110807248998698,0.048749051408722446,0.18476242577697766,341220,-0.002436906099319458,0.04249265976250172,0.04108794964849949,0.05835282430052757,0.011682542506605387
08_001300_001320_s5,08,-0.07645387947559357,25.352206258969613,25.298250860567205,27.3665,1.0021327718939854,0.0021305007646366114,0.07858438024023018,0.002132771893985419,0.081754630026877,0.059367408440162785,0.13107126019895077,0.06416380451992154,0.07781407320681451,0.11772095817868955,0.4217853376583252,315038,-0.05975561775267124,-0.06018255278468132,-0.07486315816640854,-0.1799808293581009,-0.190826877951622
08_001325_001345_s5,08,-0.19621382653713226,22.490788178770778,23.00647189246972,27.3665,0.9775852761731915,0.02266975187586251,0.1735440746612693,0.022414723826808536,0.18951311300179707,0.00949860892617847,0.025075003504753113,0.025572970509529114,0.10056066742357932,0.17746854906649814,1.222408658832967,335415,-0.18935031443834305,-0.21423962712287903,-0.2037033811211586,-0.1961667761206627,-0.18916462361812592
08_001350_001370_s5,08,-0.06480037420988083,25.649376502532423,24.984123833125224,27.3665,1.0266270161743745,0.026278686962203146,0.09107906117208353,0.026627016174374463,0.09535560193294024,0.01061085331737411,0.028716813772916794,0.022221364080905914,0.040309663079142286,0.06886124551802769,0.8855340811292832,332401,-0.07593418285250664,-0.07229697331786156,-0.04819893464446068,-0.07691574841737747,-0.06472815945744514
08_001375_001395_s5,08,-0.007167918374761939,27.171040517481433,25.926635924406664,27.3665,1.04799714844236,0.046880864943202205,0.0540487833179637,0.04799714844236003,0.05553609345198085,0.0034128023089366644,0.009843327105045319,0.011056109564378858,0.023532815031409846,0.02582496942985609,0.07703826086346025,335790,-0.00823249388486147,-0.006694672396406531,-0.005978249479085207,-0.014328935649245977,-0.004485608544200659
08_001400_001420_s5,08,-0.14428965747356415,23.689454235912383,23.98153660208883,27.3665,0.9878205316438727,0.012254245868021929,0.13203541160554222,0.012179468356127265,0.14114872846039117,0.026092204322516216,0.06860189139842987,0.0342726856470108,0.07482862620053486,0.1434952697226508,1.0111026183934728,323621,-0.1388283520936966,-0.1996273547410965,-0.16436031460762024,-0.13256646692752838,-0.13102546334266663
08_001425_001445_s5,08,-0.014028811361640692,26.98526095175709,27.535728663653167,27.3665,0.9800089651296322,0.020193559267901673,0.006164747906260981,0.019991034870367796,0.006145784835414503,0.020795732860551957,0.047487124713370577,0.01999644818715751,0.038688207253404897,0.04513054632189625,0.09662746128022429,334694,-0.0337989404797554,-0.046385280787944794,-0.04681728780269623,0.0006698369106743485,-0.0027305870316922665
08_001450_001470_s5,08,0.0033072063233703375,27.457156489075018,28.44580020797287,27.3665,0.965244650821222,0.03537368560790277,0.03868089193127311,0.03475534917877798,0.03794233946951375,0.021271003222009862,0.0588957688305527,0.015521593624725938,0.03350890282882629,0.03429156117955643,0.009301394494554055,338340,0.051876163110136986,0.019789624959230423,-0.0008982163562905043,0.002456381800584495,-0.007019605720415711
08_001475_001495_s5,08,-0.13215672224760056,23.97862756293836,23.87520651815888,27.3665,1.004331734039696,0.004322379085520023,0.13647910133312058,0.004331734039696,0.14623092282723205,0.016196477806794785,0.0453716441988945,0.026852451264858246,0.0714594429903518,0.1231734566537934,1.151182711698584,346920,-0.13915631920099258,-0.10206078737974167,-0.13936547935009003,-0.14146749675273895,-0.14743243157863617
08_001500_001520_s5,08,-0.23607221245765686,21.611972103210988,20.75264722301926,27.3665,1.0414079645337269,0.04057360962765921,0.2766458220853161,0.04140796453372686,0.3186992341702084,0.018361904064413063,0.044674552977085114,0.035786211490631104,0.11793194624925091,0.22180532925081067,1.132780559789679,309035,-0.21748649328947067,-0.2298438772559166,-0.2621610462665558,-0.25858551263809204,-0.25989270210266113
08_001525_001545_s5,08,-0.0026226183399558067,27.294822148108175,27.782292842100507,27.3665,0.9824539069988625,0.017701850335285485,0.015079231995329678,0.01754609300113752,0.014966109689493523,0.013960175341862377,0.041429960168898106,0.01083263335749507,0.024592032018510745,0.024916088000403014,0.011079252894070182,334648,-0.01658437866717577,-0.00881997961550951,-0.002112005022354424,-0.002090107649564743,0.024845581501722336
08_001550_001570_s5,08,0.002008288400247693,27.42151504905715,27.308765804565382,27.3665,1.004128683269638,0.004120183643677944,0.0021118952434302507,0.0041286832696378895,0.0021141268648972034,0.019234095091684947,0.05025192955508828,0.011113472515717149,0.027667677901656914,0.028012647544286385,0.0051397718990020096,328552,-0.00034763937583193183,-0.008891594130545855,-0.002843122696503997,0.04136033542454243,0.02555785048753023
08_001575_001595_s5,08,0.06450993567705154,29.19009890898726,28.248316876688644,27.3665,1.0333394034203787,0.032795697083523034,0.03171423859352851,0.033339403420378666,0.031216616570042377,0.01828642532267819,0.05414865352213383,0.03430325724184513,0.04559034920959416,0.07259888800970657,0.7895748024214265,264181,0.09848605841398239,0.05932828411459923,0.07597324997186661,0.061372196301817894,0.044337404891848564
08_001600_001620_s5,08,-0.0006328532181214541,27.34918650143576,28.539059653676556,27.3665,0.9583072053991971,0.04258687872173628,0.04195402550361482,0.041692794600802885,0.04108613485887935,0.014785775218953245,0.04343073349446058,0.014565820340067148,0.03024422322141655,0.03031712942684485,0.00043574240908682635,235548,-0.028240535408258438,0.006687066983431578,0.002378216478973627,-0.005795113742351532,0.015190198086202145
08_001625_001645_s5,08,0.008931316900998354,27.61201363197912,27.59981088538421,27.3665,1.0004421315292915,0.0004420338179467187,0.008489283083051635,0.0004421315292915118,0.008453350870884502,0.040077900061410605,0.0927968267351389,0.03638820303604007,0.0505114524576799,0.05368923069958701,0.027673025058210003,287156,-0.025219442322850227,-0.014254786539822817,0.06757738441228867,0.05920366756618023,0.05763547495007515
08_001650_001670_s5,08,0.0348665751516819,28.33750558123495,29.889006371655785,27.3665,0.9480912556567237,0.05330452011866171,0.08817109527034361,0.0519087443432763,0.08439579222840676,0.007612002838735847,0.022375551983714104,0.020894117653369904,0.03185353187929497,0.04308317456075183,0.6549425203117036,317029,0.03976504132151604,0.04797644168138504,0.03981049358844757,0.025600889697670937,0.032125361263751984
08_001675_001695_s5,08,0.06414983421564102,29.17958940406902,30.845735900173427,27.3665,0.9459845438119361,0.055529048528916825,0.11967888274455785,0.054015456188063915,0.11279471209353986,0.018027828134281623,0.04372425377368927,0.037684157490730286,0.047185388232930524,0.07264731511073703,0.7797438176083239,317961,0.09366212040185928,0.0712091475725174,0.08919361606240273,0.05263394117355347,0.04993786662817001
08_001700_001720_s5,08,0.11107048392295837,30.58134313550404,31.111419445720355,27.3665,0.9829620017453355,0.017184814978512986,0.12825529890147136,0.017037998254664455,0.12037121778561288,0.01934868533351088,0.05317400395870209,0.04042483866214752,0.07138070327860982,0.11388551671603184,0.951174798129546,317283,0.07706110924482346,0.11665886640548706,0.13023511320352554,0.12845097482204437,0.11933914572000504
08_001725_001745_s5,08,0.24845623224973679,35.08507652689707,37.383608093287975,27.3665,0.9385149886908964,0.06345645218177909,0.3119126844315159,0.061485011309103554,0.26795455559803216,0.03946062529583793,0.1110147088766098,0.06213117390871048,0.1339504173985487,0.24245911037851162,1.0500809392356647,285980,0.21447795629501343,0.2717244327068329,0.2420835644006729,0.2990318834781647,0.32549266517162323
08_001750_001770_s5,08,0.26231649518013,35.57475057892705,36.77704534696776,27.3665,0.9673085546514727,0.03323774998753137,0.2955542451676614,0.032691445348527304,0.2558809512342637,0.036841783527525145,0.11269472539424896,0.06117928773164749,0.1427740203048668,0.25053687747072595,1.0962456459157641,303712,0.22609923779964447,0.2712600827217102,0.25809648633003235,0.2800990045070648,0.33879396319389343
08_001775_001795_s5,08,0.23006103187799454,34.445579385981894,36.24391237889065,27.3665,0.9503824815017446,0.050890763306957965,0.2809517951849525,0.04961751849825535,0.24493526764127915,0.005826043265143981,0.01712445169687271,0.028245307505130768,0.12352311887220156,0.20406973609543289,1.2709513332641384,301700,0.23021982610225677,0.22221753746271133,0.23934198915958405,0.2347990721464157,0.2281779944896698
08_001800_001820_s5,08,0.11609597876667976,30.73541634052684,33.01192275182371,27.3665,0.9310398722179517,0.07145317532035866,0.18754915408703843,0.0689601277820483,0.1710116309875297,0.030325030975252895,0.08032362163066864,0.05154072865843773,0.07651625654233261,0.1212568849640285,0.9166879871860008,306044,0.1750490590929985,0.14156309515237808,0.12374335899949074,0.09490616247057915,0.09472543746232986
08_001825_001845_s5,08,-0.1131022684276104,24.439907981293953,25.156075079761298,27.3665,0.9715310478205911,0.028882052033424088,0.08422021639418631,0.028468952179408924,0.08786843389639287,0.014033216397069902,0.0425005704164505,0.030179668217897415,0.06564795174317554,0.10950766182632574,1.0667278126495705,316608,-0.11506272107362747,-0.09058061242103577,-0.11177165433764458,-0.12221405655145645,-0.13308118283748627
08_001850_001870_s5,08,-0.02477489784359932,26.69682754464625,28.758838998421588,27.3665,0.9282999061996727,0.07440042362152877,0.04962552577792945,0.07170009380032727,0.04841429789630958,0.016178239484773985,0.04678552225232124,0.023926952038891613,0.031731782763549446,0.0417813034707336,0.35160883184385167,326731,-0.04028157889842987,-0.04678218439221382,3.337860107421875e-06,-0.02437047753483057,-0.024737201631069183
08_001875_001895_s5,08,0.07044325023889542,29.363807772964883,30.611667527627027,27.3665,0.9592358125039758,0.041618340160984424,0.11206159039987984,0.04076418749602417,0.10601080534728358,0.015309454971465545,0.04334526136517525,0.030847109854221344,0.04721001851178168,0.07332741139781816,0.9228817638801875,319425,0.058585114777088165,0.06911267340183258,0.06563743203878403,0.10193037614226341,0.08251185715198517
08_001900_001920_s5,08,-0.02581433393061161,26.66909231568369,25.842174763615258,27.3665,1.0319987601520557,0.03149746565560241,0.05731179958621402,0.031998760152055716,0.05898595030519371,0.030057317651890306,0.07853739522397518,0.024232782307080925,0.04239771026239462,0.05500967225755767,0.22021339504310808,319859,-0.09251871705055237,-0.05603027530014515,-0.02491598390042782,-0.015519669279456139,-0.013981321826577187
08_001925_001945_s5,08,-0.4107133001089096,18.148834386676356,16.16678168776479,27.3665,1.1226003256054113,0.11564771357171688,0.526361013680626,0.12260032560541134,0.6927611523764985,0.018228643685082646,0.05397547781467438,0.032987117767333984,0.2044799513933591,0.36277766122326177,1.2817297369919474,322714,-0.39673689007759094,-0.4507123678922653,-0.41236457228660583,-0.4102226048707962,-0.4097698926925659
08_001950_001970_s5,08,-0.48176783323287964,16.90402576325575,15.227607542571457,27.3665,1.1100907162203628,0.10444173830947978,0.5862095715423594,0.11009071622036282,0.7971634692772407,0.004780026074195479,0.0131777822971344,0.027051985263824463,0.24176246578097976,0.4206831085026173,1.311491410221694,309155,-0.4777893126010895,-0.4822283685207367,-0.4909670948982239,-0.48116374015808105,-0.4780803620815277
08_001975_001995_s5,08,-0.4565996527671814,17.334868353891434,17.094449501745164,27.3665,1.0140641470859724,0.013966164594080066,0.470565817361261,0.014064147085972367,0.6008997538766117,0.009701300695972864,0.02484491467475891,0.031525760889053345,0.23623136005154333,0.39859844778999476,1.3121997402885441,313997,-0.473667711019516,-0.4657183885574341,-0.4488227963447571,-0.4659999907016754,-0.45029452443122864
08_002000_002020_s5,08,-0.2231377214193344,21.893327635426534,20.23855698401676,27.3665,1.0817632725849287,0.078592369596862,0.3017300910161964,0.08176327258492866,0.3521962075464409,0.03326004359207017,0.10052795708179474,0.056271180510520935,0.1253905132683483,0.2128663096028458,1.0988340937623369,339009,-0.2406185269355774,-0.23855943977832794,-0.22131270915269852,-0.2982929050922394,-0.19776494801044464
08_002025_002045_s5,08,-0.18044577538967133,22.848234789331233,22.24719618676868,27.3665,1.0270163753453128,0.0266578756540774,0.20710365104374873,0.02701637534531276,0.23011006736552164,0.024297556850680413,0.06390529870986938,0.043245792388916016,0.0961104027270634,0.17657251710218155,1.0443527662050232,307793,-0.22607383131980896,-0.18756090104579926,-0.16341156512498856,-0.20321077853441238,-0.16216853260993958
08_002050_002070_s5,08,-0.20808976888656616,22.22526864300424,21.05906667251878,27.3665,1.0553776664759462,0.053898680571618396,0.2619884494581841,0.05537766647594622,0.2995115322804005,0.05800460329163935,0.170600026845932,0.04766660928726196,0.11433086984667164,0.21800555341815872,0.9111006196460192,309989,-0.19638974219560623,-0.1650654375553131,-0.21969125419855118,-0.2130938321352005,-0.3356654644012451
08_002075_002095_s5,08,-0.298753023147583,20.29889831727642,19.650909639499886,27.3665,1.0329749965606694,0.03244298515982935,0.3311960083074119,0.03297499656066938,0.39263273314285474,0.03289434523037032,0.0930774062871933,0.05231894552707672,0.15233718316942071,0.2792098281946856,1.1448885567911402,334124,-0.33267560601234436,-0.2950199395418167,-0.2509347200393677,-0.344012126326561,-0.2944025993347168
08_002100_002120_s5,08,-0.3304700702428818,19.665180161940867,18.33014419289201,27.3665,1.072832813261041,0.0703026390770809,0.40077270931996267,0.07283281326104096,0.4929778899727406,0.024445527820848918,0.07247957587242126,0.055646076798439026,0.16501660721164496,0.3119960053954216,1.1219311295126368,302054,-0.3029044270515442,-0.37538400292396545,-0.35271818935871124,-0.3392150402069092,-0.3258385807275772
08_002125_002145_s5,08,-0.37653566896915436,18.779840274684776,17.96352745718329,27.3665,1.0454427906460575,0.04444051877776456,0.4209761877469189,0.045442790646057496,0.5234480012474738,0.0398197650725874,0.11074964702129364,0.06063812971115112,0.2025436865034477,0.3432765330448536,1.203161745605125,346926,-0.3741558790206909,-0.3545515388250351,-0.3703852593898773,-0.41261179745197296,-0.46530118584632874
08_002150_002170_s5,08,-0.44449958205223083,17.545895634584973,14.583716870874966,27.3665,1.2031154876316719,0.18491443207869107,0.6294140141309219,0.20311548763167186,0.8765106483007383,0.04007987497291845,0.09391367435455322,0.07228073477745056,0.22987093435960795,0.4146526353217245,1.14914241323156,332183,-0.5172701478004456,-0.5088964402675629,-0.42335647344589233,-0.43268513679504395,-0.5005058348178864
08_002175_002195_s5,08,-0.3037160038948059,20.19840485556839,19.384053123764755,27.3665,1.0420114269499832,0.04115290963379259,0.3448689135285985,0.042011426949983166,0.4118048390224851,0.015208628994902718,0.04272173345088959,0.02525845170021057,0.1326801447417368,0.28325358694635766,1.1496999639113088,300913,-0.2952035069465637,-0.28953708708286285,-0.30186140537261963,-0.33225882053375244,-0.31399349868297577
08_002200_002220_s5,08,-0.18045665323734283,22.847986251065414,21.666951835417574,27.3665,1.054508563300412,0.05307484162483078,0.23353149486217362,0.054508563300412094,0.2630526069322654,0.02212190508587497,0.06174556910991669,0.03483255207538605,0.08920572455072254,0.1771784006022385,1.037347449174186,340357,-0.2235046923160553,-0.16872533410787582,-0.1930646151304245,-0.1752157211303711,-0.1617591232061386
08_002225_002245_s5,08,-0.1569531336426735,23.391354867541118,21.271961019984815,27.3665,1.0996332141434986,0.09497668251255575,0.25192981615522925,0.09963321414349857,0.2865057421969428,0.013782449172229863,0.03047627955675125,0.031091921031475067,0.08303361982595123,0.15218799926943286,1.063602052471919,343258,-0.1665450632572174,-0.1407715603709221,-0.14257089793682098,-0.17093192040920258,-0.17124783992767334
08_002250_002270_s5,08,-0.3799060136079788,18.716652283165104,17.879400529258493,27.3665,1.0468277307472642,0.04576438229284818,0.425670395900827,0.04682773074726421,0.5306161946099073,0.024229624336275603,0.06404206156730652,0.037502795457839966,0.18763212246624214,0.33895036298703124,1.256261729190949,333930,-0.3466910421848297,-0.3742287904024124,-0.39503468573093414,-0.40980541706085205,-0.41073310375213623
08_002275_002295_s5,08,-0.4246145635843277,17.89828814746113,18.060713619360136,27.3665,0.9910066968934774,0.009033986962089013,0.4155805766222387,0.008993303106522577,0.5152502042147742,0.00978606802714442,0.027131766080856323,0.02092045545578003,0.19739866772055925,0.3762813268643021,1.2733988044147182,318620,-0.44416582584381104,-0.4170340597629547,-0.4278267025947571,-0.4209389388561249,-0.4197135269641876
08_002300_002320_s5,08,-0.09624339640140533,24.855430037217758,24.624082869051776,27.3665,1.009395158771852,0.009351298768132565,0.1055946951695379,0.00939515877185193,0.11137134103763802,0.005836807613628945,0.01569584757089615,0.020619332790374756,0.05676073629600268,0.09765364030488749,0.9713259836886612,347919,-0.10109149292111397,-0.1038481704890728,-0.09692259132862091,-0.09143825992941856,-0.08815232291817665
08_002325_002345_s5,08,-0.15564289689064026,23.422023167347778,22.122857931250778,27.3665,1.0587250182654655,0.05706537120677879,0.21270826809741905,0.0587250182654655,0.23702371931530797,0.03005702682236018,0.07387204468250275,0.057950541377067566,0.09587076955465927,0.1561160604205412,0.993947496675915,347893,-0.17797815799713135,-0.19270160794258118,-0.13414718210697174,-0.11882956326007843,-0.1880839765071869
08_002350_002370_s5,08,-0.2515029013156891,21.281044274560497,20.34820249962439,27.3665,1.0458439400214012,0.04482415759149694,0.296327058907186,0.04584394002140124,0.3449099496874557,0.012867667585071067,0.037043169140815735,0.04379302263259888,0.13924732188390582,0.22663256887710337,1.2315196782192341,348237,-0.24258510023355484,-0.25484469532966614,-0.23709984123706818,-0.25703349709510803,-0.2741430103778839
08_002375_002395_s5,08,-0.3778849393129349,18.75451828009101,18.35486301136139,27.3665,1.0217738083080345,0.021540144691174934,0.39942508400410937,0.021773808308034548,0.4909672702575081,0.01769403200191523,0.04435485601425171,0.03825400769710541,0.19445577040857712,0.33397873789952154,1.2802109229708512,334550,-0.38657763600349426,-0.3913685083389282,-0.3599151074886322,-0.3595812916755676,-0.40393614768981934
08_002400_002420_s5,08,-0.2645796984434128,21.00456802764745,20.653664202804688,27.3665,1.0169899065559085,0.016847192293385493,0.28142689073679783,0.016989906555908485,0.325019121608636,0.022712862240503052,0.06792581081390381,0.036247968673706055,0.11533118802304508,0.2511990237698116,1.109371845201919,298050,-0.29090023040771484,-0.27641497552394867,-0.22297441959381104,-0.2673712372779846,-0.2612841874361038
08_002425_002445_s5,08,-0.18888558447360992,22.65621150953771,21.627210343780266,27.3665,1.0475790057710042,0.04648179314038092,0.23536737761399085,0.04757900577100416,0.26537355326875467,0.017888029587487975,0.049393922090530396,0.03214453160762787,0.09927891265755769,0.17887629707221875,1.1150440812996492,304007,-0.19184264540672302,-0.19664748758077621,-0.2233070731163025,-0.17552808672189713,-0.1739131510257721
08_002450_002470_s5,08,-0.07447566837072372,25.402407913287828,25.37114903061267,27.3665,1.0012320641306958,0.0012313057625261692,0.0757069741332499,0.0012320641306957647,0.07864645653138336,0.01724654464019594,0.04294954612851143,0.04034247249364853,0.053846386531909894,0.08368041843875139,0.7921020412102556,351885,-0.057314297184348106,-0.08800844103097916,-0.057069044560194016,-0.08420610427856445,-0.10001859068870544
08_002475_002495_s5,08,-0.2047879695892334,22.29877330142929,23.818963132952593,27.3665,0.9361773296747674,0.06595036566810109,0.13883760392113187,0.06382267032523259,0.14893750190744148,0.029146093111270414,0.07378744333982468,0.04751533269882202,0.10859061865462012,0.19769250711404565,1.0730710096273919,316920,-0.24421603232622147,-0.26169121265411377,-0.20570488274097443,-0.1879037693142891,-0.19358202069997787
08_002500_002520_s5,08,-0.4352567791938782,17.708820671024164,16.797089589327435,27.3665,1.0542791104880471,0.052857225772725336,0.4881140049666035,0.05427911048804712,0.629240580903264,0.019035697086703402,0.054230496287345886,0.03002840280532837,0.20858111775436255,0.3890644628955454,1.251549294328788,301949,-0.4372003376483917,-0.4549012780189514,-0.47376930713653564,-0.43117474019527435,-0.41953881084918976
08_002525_002545_s5,08,-0.3316543847322464,19.64190418989516,19.86547935128614,27.3665,0.9887455440949878,0.011318266514738884,0.3203361182175075,0.011254455905012173,0.3775907198649211,0.06823683165292194,0.21103644371032715,0.06982007622718811,0.17396719006739356,0.3140111398870825,1.1155303125073195,311790,-0.24954162538051605,-0.3674340695142746,-0.4605780690908432,-0.3581428825855255,-0.325192853808403
08_002550_002570_s5,08,-0.13498865813016891,23.91081768905446,23.551980917481664,27.3665,1.0152359486376132,0.015121047190647552,0.15010970532081647,0.01523594863761324,0.16196170911836005,0.02194334523666521,0.06343674287199974,0.032006196677684784,0.07222174342907245,0.13657193165515863,0.9769484682657061,334976,-0.11993620917201042,-0.12944309413433075,-0.1423080563545227,-0.18337295204401016,-0.13484100997447968
08_002575_002595_s5,08,-0.03034154325723648,26.548628640105424,26.324631899602874,27.3665,1.0085090170057014,0.008473019379299451,0.03881456263653593,0.008509017005701391,0.039577689229259194,0.017980632704803923,0.04548284783959389,0.027197640389204025,0.036029410723383504,0.05015403109182212,0.3659853009872126,357948,-0.021971875801682472,-0.015985090285539627,-0.04434876702725887,-0.055334972217679024,-0.061467938125133514
08_002600_002620_s5,08,-0.21207744628190994,22.13681791532354,21.32837851388919,27.3665,1.0379044005107039,0.03720368080158831,0.24928112708349826,0.03790440051070387,0.2831026972903139,0.029501525054128702,0.08165497332811356,0.0621509924530983,0.12732865494911097,0.20157954640200518,1.106868538356495,375844,-0.17716675251722336,-0.20655261725187302,-0.24576716125011444,-0.23717526346445084,-0.2588217258453369
08_002625_002645_s5,08,-0.25393393635749817,21.229372144030982,21.098711036730574,27.3665,1.006192847850892,0.00617375097080064,0.26010768732829836,0.006192847850891914,0.2970697571220291,0.03731131331470244,0.10915304720401764,0.05518019199371338,0.12915755101836127,0.23668959915598828,1.1510207198501803,321041,-0.2717660069465637,-0.1955811232328415,-0.2532273828983307,-0.285468727350235,-0.30473417043685913
08_002650_002670_s5,08,-0.05380832403898239,25.932870974195207,26.435112452969072,27.3665,0.9810009705966862,0.019181830022068524,0.03462649401691387,0.018999029403313772,0.03523297087114585,0.01558227023675641,0.04325767979025841,0.02347564697265625,0.039620113224849866,0.06357721595744485,0.7163015949074361,305447,-0.06462607532739639,-0.08298362046480179,-0.05588002875447273,-0.043520910665392876,-0.03972594067454338
08_002675_002695_s5,08,0.0017493991763330996,27.414416833172982,28.083190413014112,27.3665,0.9761859827887928,0.024102154586501,0.0258515537628341,0.02381401721120724,0.02552026327756518,0.007828049958573691,0.02327544428408146,0.010796557646244764,0.03106097864861556,0.031026479950681207,0.0031791632005302253,303158,0.016133117489516735,0.0028113028965890408,-0.007142326794564724,-0.0025135711766779423,0.0005724102957174182
08_002700_002720_s5,08,0.07017845660448074,29.356033452925082,29.93970748007135,27.3665,0.9805050190441983,0.019687514496829817,0.089865971101311,0.01949498095580171,0.08594631332935176,0.014307562326959929,0.03831588476896286,0.023105397820472717,0.0456674486596065,0.07345965088119845,0.9126618678402227,303983,0.06459758058190346,0.08812552317976952,0.049809638410806656,0.08551491796970367,0.07849639654159546
08_002725_002745_s5,08,0.07600274682044983,29.527510392333294,30.863452825506915,27.3665,0.9567144207510853,0.04425034298098707,0.1202530898014369,0.04328557924891474,0.11330400539685825,0.025776457627028945,0.06458181329071522,0.04178844392299652,0.05497092645745868,0.08888840759532915,0.7310857598964139,303053,0.11653589457273483,0.11511366814374924,0.09269571304321289,0.06671297550201416,0.051954081282019615
08_002750_002770_s5,08,0.01013757660984993,27.645340988186025,28.196658353200966,27.3665,0.9804474218856379,0.01974625856157619,0.02988383517142612,0.019552578114362063,0.02944172826446745,0.011109947395582761,0.030979818664491177,0.012800468131899834,0.03377739882520365,0.03659776502677969,0.07672893486973346,353089,0.014794102869927883,0.00284725334495306,0.006364498753100634,0.03382707200944424,0.021666433662176132
08_002775_002795_s5,08,0.004667262779548764,27.494525178029384,28.701736341447386,27.3665,0.9579394379121691,0.04297072022024828,0.047637982999797046,0.04206056208783093,0.04652109982346986,0.01072633200578588,0.025848667952232063,0.011638372438028455,0.03165131085791841,0.03244791363379688,0.020689545594306708,318560,0.0249773683026433,0.019127191975712776,0.00300810718908906,-0.0008712996495887637,-0.0001822484628064558
08_002800_002820_s5,08,0.1341647058725357,31.29581377864686,33.22918008147685,27.3665,0.9418172131214361,0.05994406450657852,0.19410877037911423,0.05818278687856393,0.17643168044176094,0.022668512652621417,0.06582268700003624,0.03963103145360947,0.07865046671431135,0.1366372642299415,0.9641358902961347,301396,0.1504872441291809,0.1771240010857582,0.15102699398994446,0.11130131408572197,0.12627113610506058
08_002825_002845_s5,08,0.01773141324520111,27.856074315926865,29.63416578491796,27.3665,0.9399985988505187,0.061876894303753094,0.0796083075489542,0.06000140114948127,0.07652200508617224,0.013279009025047642,0.032239635242149234,0.016140836698468775,0.03482188506574715,0.04089037364423324,0.18803753310400353,331346,0.03921678103506565,0.013918286189436913,0.01863771677017212,0.039873022586107254,0.00763338734395802
08_002850_002870_s5,08,0.16784179955720901,32.367713763582884,33.214920316011245,27.3665,0.9744931932888015,0.02583774488313173,0.19367954444034075,0.025506806711198537,0.1760781076807827,0.02728620444389574,0.07235124707221985,0.04082353413105011,0.0931983231354217,0.16428577405471723,1.0437592513131873,285294,0.1459607183933258,0.16023680567741394,0.20298192650079727,0.16640179604291916,0.21831196546554565
08_002875_002895_s5,08,0.3492187559604645,38.80458437320605,37.4043001643264,27.3665,1.0374364498928692,0.03675271813136094,0.31246603782910354,0.037436449892869206,0.2683595233763991,0.025665666806943776,0.07545143365859985,0.03148117661476135,0.15986550348374026,0.31904551319569646,1.19809109147845,244196,0.38011232018470764,0.36785653233528137,0.3552784323692322,0.3524276316165924,0.3046608865261078
08_002900_002920_s5,08,0.09722667187452316,30.160897767156552,31.81525039987935,27.3665,0.9480012694563275,0.053399437639058966,0.15062610951358213,0.051998730543672544,0.13983075235819054,0.02891361059047145,0.07114868611097336,0.04470191150903702,0.06254995432801384,0.10599955452547791,0.8413229956102374,291489,0.12870782613754272,0.06272237002849579,0.08854684233665466,0.13378822058439255,0.13387105613946915
08_002925_002945_s5,08,0.21036700904369354,33.77384365955309,36.090464507567425,27.3665,0.9358107223161788,0.06634204270138744,0.276709051745081,0.06418927768382121,0.24172491616831893,0.025535639207328875,0.07545891404151917,0.04440625011920929,0.11860503047194901,0.19510257485432483,1.1625971729047466,293007,0.20409363508224487,0.2313062697649002,0.25037066638469696,0.2198430895805359,0.1749117523431778
08_002950_002970_s5,08,-0.002884152578189969,27.28768455099363,27.507843574925555,27.3665,0.9919965000770686,0.008035699851604683,0.005151547273414714,0.008003499922931367,0.005138300810115015,0.0157216386256588,0.04871614743024111,0.012071164324879646,0.03147528365474964,0.031997667248316625,0.008124559585147767,275740,0.02093737106770277,-0.005734393373131752,-0.006840743590146303,0.0022510711569339037,-0.027778776362538338
08_002975_002995_s5,08,-0.04324354976415634,26.20829825405547,25.62888984722831,27.3665,1.0226076279651972,0.022355863019078992,0.06559941278323533,0.02260762796519722,0.0677988848962805,0.014503965086243594,0.03795246779918671,0.025983713567256927,0.03799156193431523,0.05564967183902925,0.6038338546600973,267881,-0.03155092895030975,-0.032736191526055336,-0.0551753006875515,-0.06950339674949646,-0.04046928882598877
08_003000_003020_s5,08,0.0129277054220438,27.72258275773402,28.472278883139964,27.3665,0.97366926165331,0.026683600096618854,0.039611305518662654,0.026330738346689975,0.03883703470587874,0.013059328711554949,0.03827358118724078,0.014640130451880395,0.032681703741777327,0.03618811019848978,0.12761775095270397,281257,0.04124404862523079,0.00297046743799001,0.012055432423949242,0.012821982614696026,0.011515145190060139
08_003025_003045_s5,08,0.10905366018414497,30.519728110911014,31.453013044714215,27.3665,0.9703276461152888,0.03012148501906342,0.1391751452032084,0.029672353884711233,0.12992437445992056,0.03649794424516964,0.09788072481751442,0.05512582138180733,0.0719781833581446,0.1239698807101125,0.7738345681440923,309444,0.09532266110181808,0.14481589198112488,0.09488600119948387,0.1420096531510353,0.1927667260169983
08_003050_003070_s5,08,-0.008178017102181911,27.143608940664834,27.74108201691317,27.3665,0.9784625172196214,0.02177279924698894,0.013594782144807027,0.021537482780378592,0.013502790434951284,0.012006707222554737,0.03218489128630608,0.01263949554413557,0.02574210472457197,0.02832767496986629,0.08334396686914676,313019,0.0018476730911061168,-0.002197507186792791,-0.01048373756930232,-0.030337218195199966,-0.021807095035910606
08_003075_003095_s5,08,-0.02845722623169422,26.59870183512769,25.40413134120853,27.3665,1.0470226861085947,0.045950599379154244,0.07440782561084847,0.047022686108594725,0.07724604444979666,0.03135212903541794,0.0902157443924807,0.030266627203673124,0.041705873822124394,0.05471934892709482,0.2704601535708084,282095,-0.019175374880433083,0.00034368218621239066,-0.05594366788864136,-0.05327996052801609,-0.08987206220626831
08_003100_003120_s5,08,-0.1368972361087799,23.86522555087777,22.65217540167364,27.3665,1.0535511546990097,0.0521665099878712,0.1890637460966511,0.05355115469900973,0.20811796283274586,0.02427350227090687,0.06520885974168777,0.03791423141956329,0.07372993003358186,0.13840278534425585,0.9783622774767597,324765,-0.17974578589200974,-0.1671493798494339,-0.1450871154665947,-0.1267309933900833,-0.11453692615032196
08_003125_003145_s5,08,-0.11180759221315384,24.4715702406052,23.73674606131916,27.3665,1.0309572414596242,0.030487731293736164,0.14229532350689,0.030957241459624196,0.15291708178130614,0.038543681077313104,0.10430662333965302,0.045631565153598785,0.07008825218329898,0.12619126456287122,0.7850259355438277,308525,-0.08435335755348206,-0.10138828307390213,-0.10711324587464333,-0.1544981747865677,-0.18865998089313507
08_003150_003170_s5,08,-0.07857871055603027,25.298394294067005,25.61625627803898,27.3665,0.987591395849499,0.012486233730616192,0.06609247682541408,0.012408604150501046,0.068325507949478,0.027941570200830646,0.0761038102209568,0.029019542038440704,0.05037640571810406,0.09116074574379085,0.7430089708365103,314824,-0.07778158783912659,-0.06954675167798996,-0.06597050651907921,-0.09692356362938881,-0.142074316740036
08_003175_003195_s5,08,-0.007307307794690132,27.16725342585124,27.056965037264295,27.3665,1.004076155194607,0.004067870180393118,0.01137517797508325,0.004076155194606912,0.011440121325854369,0.005430972829955577,0.014596627093851566,0.009412102401256561,0.02434762821247586,0.026206880420478116,0.07774709086526078,336371,-0.01738453470170498,-0.011925707571208477,-0.007167677860707045,-0.0027879076078534126,-0.0037608754355460405
08_003200_003220_s5,08,-0.02447019424289465,26.704963403576308,26.63811214226013,27.3665,1.0025096095759023,0.0025064657645184063,0.02697666000741261,0.002509609575902294,0.02734382428641835,0.01565787274721445,0.0470003760419786,0.020349706755951047,0.027467096687484403,0.03775263544335039,0.4201267019851318,332112,-0.005743841174989939,-0.02246209606528282,-0.01985221914947033,-0.03330337069928646,-0.052744217216968536
08_003225_003245_s5,08,-0.0683419331908226,25.558698388547356,24.28922380093605,27.3665,1.0522649302429492,0.05094491744215057,0.11928685063297317,0.052264930242949204,0.12669306455751617,0.0199594634714213,0.058573780581355095,0.020795613527297974,0.04497534485735147,0.07765245563332272,0.7745761684001973,304758,-0.06620360538363457,-0.06823823228478432,-0.054274024441838264,-0.07843059301376343,-0.11284780502319336
08_003250_003270_s5,08,-0.02244025096297264,26.75922802299384,26.746491171752037,27.3665,1.0004762064362018,0.0004760930859011303,0.022916344048873327,0.00047620643620183145,0.023180940792068228,0.014432408728063709,0.038116222131066024,0.023911388940177858,0.03599562506149466,0.04414545637156228,0.2583945785919862,321116,-0.03487522527575493,-0.0388416089117527,-0.021492982283234596,-0.039622388780117035,-0.0015061666490510106
08_003275_003295_s5,08,0.0497367549687624,28.76203799872049,28.851564363077934,27.3665,0.9968970013815953,0.0031078229010308434,0.05284457786979324,0.0031029986184046843,0.051472576820770555,0.018793914534219067,0.05085567757487297,0.03589777834713459,0.04372201185851536,0.06476149738475508,0.5898222206275292,323642,0.06684498488903046,0.08211442828178406,0.07502138614654541,0.03125875070691109,0.046615634113550186
08_003300_003320_s5,08,0.05421154201030731,28.89103038513297,28.261957491580254,27.3665,1.0222586455216391,0.022014537572548676,0.032197004437758636,0.022258645521639142,0.031684199222471676,0.005874932948162296,0.015719955787062645,0.01724919304251671,0.03621441497171074,0.05635417178500786,0.9254040126385649,319961,0.059339262545108795,0.057609397917985916,0.055085428059101105,0.04361930675804615,0.05917307734489441
08_003325_003345_s5,08,-0.006948772817850113,27.176995582776726,26.16103849683544,27.3665,1.0388347383864054,0.038099641127574024,0.04504841394542414,0.03883473838640539,0.04607850347035636,0.01875699848736481,0.049771957099437714,0.01615637168288231,0.027155152616071963,0.028279045753141174,0.060379112507963975,341539,-0.02761007659137249,-0.020190643146634102,-0.01120419381186366,0.022161880508065224,0.010531832929700613
08_003350_003370_s5,08,0.04571070522069931,28.646473393406602,29.50354550642787,27.3665,0.9709501994316398,0.029480099924064085,0.0751908051447634,0.02904980056836015,0.07243351501473871,0.047052612995236984,0.11967668030411005,0.04274273698683828,0.057747436463549,0.08100212243775283,0.31845131468649657,316774,0.14007101953029633,0.1167437955737114,0.03999357298016548,0.04466480389237404,0.020394339226186275
08_003375_003395_s5,08,-0.056446291506290436,25.864551056710358,25.003092780283385,27.3665,1.0344540687025043,0.03387381770351894,0.09032010920980937,0.03445406870250434,0.09452459503651167,0.03944444500896255,0.1136364066042006,0.04554079473018646,0.04801319895643626,0.07444538360221267,0.5749039391117274,333719,-0.006957785692065954,-0.0478396862745285,-0.07565963268280029,-0.12059419229626656,-0.09688803553581238
08_003400_003420_s5,08,-0.2060035541653633,22.271683724709003,22.345951302852264,27.3665,0.9966764637971004,0.0033290714170717273,0.20267448274829158,0.003323536202899602,0.2246737509226966,0.013334082390373864,0.03757776319980621,0.024053841829299927,0.1051923715868726,0.18346814564977318,1.2607474070105256,338102,-0.21620510518550873,-0.18230989575386047,-0.20260488986968994,-0.21043218672275543,-0.2198876589536667
08_003425_003445_s5,08,-0.34861691296100616,19.311537682463914,19.18910816154199,27.3665,1.0063801569041801,0.006359889862046941,0.3549768028230531,0.006380156904180145,0.4261475713002021,0.03223849115211228,0.0808408111333847,0.051178112626075745,0.17572787789306765,0.3196735675636532,1.1892781779100234,326470,-0.30612748861312866,-0.38657180964946747,-0.38696829974651337,-0.34143736958503723,-0.3827918767929077
08_003450_003470_s5,08,-0.24269429594278336,21.46932863939456,21.74460733590487,27.3665,0.9873403693955988,0.012740446518794357,0.229953849423989,0.012659630604401229,0.25854192615436267,0.02820732012160718,0.07665732502937317,0.04633305221796036,0.12748860360733613,0.2295419805751884,1.1178792355104485,340612,-0.22739647328853607,-0.218702495098114,-0.27171429991722107,-0.2549401521682739,-0.2953598201274872
08_003475_003495_s5,08,-0.16576387733221054,23.18616490074752,23.75883382628973,27.3665,0.9758965894652397,0.02439865159926713,0.1413652257329434,0.024103410534760283,0.15184525469925614,0.045377864378919594,0.13047155737876892,0.05906841158866882,0.0944535047318123,0.1657763577858976,0.9998494359019705,335472,-0.16560260951519012,-0.16836053133010864,-0.09294255077838898,-0.20871885865926743,-0.2234141081571579
08_003500_003520_s5,08,-0.12796349823474884,24.079386424431313,23.67943773031545,27.3665,1.0168901263058214,0.01674907416590976,0.1447125724006586,0.01689012630582143,0.155707340337909,0.022055003680912143,0.06660695374011993,0.03946688026189804,0.07430073878341449,0.13237221164864607,0.9344983918882054,340488,-0.17263440787792206,-0.1337636262178421,-0.10602745413780212,-0.14268330484628677,-0.1240774542093277
08_003525_003545_s5,08,-0.16697651892900467,23.158065433453544,22.960542848828194,27.3665,1.0086026966316013,0.008565904295225302,0.17554242322422997,0.008602696631601292,0.19189255150370577,0.03606762000217943,0.10138250887393951,0.04918494075536728,0.09452656211811133,0.17101907811755296,0.9532826383502967,345902,-0.20849737524986267,-0.1612340360879898,-0.16661527752876282,-0.22480124235153198,-0.12341873347759247
08_003550_003570_s5,08,-0.016987394541502,26.90554080010157,26.655801251114497,27.3665,1.0093690505355426,0.009325433205239708,0.026312827746741707,0.0093690505355426,0.026662066624457026,0.028224887938872692,0.07723460393026471,0.021723785204812884,0.0412927805103309,0.048563142581960574,0.12236014467870934,321490,-0.026334106922149658,-0.0024463944137096405,-0.0019276435486972332,-0.07916224747896194,-0.033717598766088486
08_003575_003595_s5,08,-0.1022581085562706,24.70638047451069,23.36687991814122,27.3665,1.05732475029024,0.0557418974393622,0.1580000059956328,0.05732475029024009,0.1711662017295521,0.04464718633747963,0.10511961579322815,0.06319654732942581,0.075547697906852,0.126948671564567,0.6488423515406032,327179,-0.1759146749973297,-0.17161151766777039,-0.11786114424467087,-0.07769767194986343,-0.07079505920410156
08_003600_003620_s5,08,-0.2030409425497055,22.33776391024218,21.83916911864838,27.3665,1.0228303004058912,0.022573588952958357,0.22561453150266386,0.02283030040589118,0.2530925444701033,0.018819380012831927,0.05728262662887573,0.03916428983211517,0.10009413765734972,0.1960289904618431,1.0728194411090386,325861,-0.21197472512722015,-0.23588964343070984,-0.20092546939849854,-0.1975947916507721,-0.1786070168018341
08_003625_003645_s5,08,-0.14442849159240723,23.68616555970318,23.9740072765937,27.3665,0.9879935918276147,0.012079067259741727,0.13234942433266506,0.012006408172385297,0.14150711995146747,0.018690683155440837,0.04844540357589722,0.03514876216650009,0.07809172371996002,0.1489577166829218,0.9401123066863386,319814,-0.1636577695608139,-0.1152324378490448,-0.1521742045879364,-0.16367784142494202,-0.134259432554245
08_003650_003670_s5,08,-0.15808209776878357,23.36496176826898,23.743127912770433,27.3665,0.9840726063604259,0.016055597700354696,0.14202650006842887,0.015927393639574072,0.15260719230176512,0.03814968007962766,0.11736941337585449,0.04801914095878601,0.09090534716173566,0.1612747404378509,0.9607992992684073,334010,-0.1711982637643814,-0.17116011679172516,-0.15164828300476074,-0.11658669263124466,-0.23395610600709915
08_003675_003695_s5,08,-0.16529583930969238,23.197019447489595,23.472890866662073,27.3665,0.988247232914788,0.011822376794297984,0.15347346251539395,0.011752767085212001,0.16587684727269436,0.025975939410942037,0.0695655420422554,0.04161187261343002,0.09091266831272157,0.1640054592298028,1.0157977226208998,322034,-0.14854543656110764,-0.13869916647672653,-0.19198811054229736,-0.17153051495552063,-0.20826470851898193
08_003700_003720_s5,08,-0.08002771437168121,25.261763369788817,23.929141155506077,27.3665,1.055690348668285,0.054194911855860894,0.1342226262275421,0.05569034866828493,0.1436473972114536,0.026692699562189587,0.08320727571845055,0.04367852210998535,0.05770481447368768,0.09053520331504544,0.7813504460130671,333189,-0.12739011645317078,-0.09124964475631714,-0.09401164948940277,-0.0812934897840023,-0.04418284073472023
08_003725_003745_s5,08,-0.1946612000465393,22.525735095025027,22.904765325133972,27.3665,0.9834519051067061,0.016686544121294666,0.1779746559252442,0.016548094893293896,0.19479503987626767,0.02078118525390824,0.06046687811613083,0.0351434201002121,0.1102053241002803,0.17667598124504488,1.2139582997620588,345093,-0.17985471338033676,-0.19626835733652115,-0.18950200080871582,-0.20541294664144516,-0.2403215914964676
08_003750_003770_s5,08,-0.44634804129600525,17.513492718569932,17.813821867357003,27.3665,0.983140667341161,0.01700306903093196,0.4293449722650733,0.016859332658838988,0.5362509069515191,0.018249421777967293,0.05511501431465149,0.032969966530799866,0.23061662278968692,0.39032160159010043,1.3076818390700349,331976,-0.4506741911172867,-0.4534098207950592,-0.4793594479560852,-0.43857210874557495,-0.4242444336414337
08_003775_003795_s5,08,-0.024860013276338577,26.694555329318693,25.878227864494388,27.3665,1.0315449523475417,0.031057632170049754,0.05591764544638789,0.03154495234754173,0.0575105893378256,0.019288814208312757,0.04645513277500868,0.023926075373310596,0.03573430196377072,0.046246060820474486,0.2889703077461815,329257,-0.05486682243645191,-0.030441636219620705,-0.008411689661443233,-0.04971254989504814,-0.010256149806082249
08_003800_003820_s5,08,0.10430550575256348,30.375159217953765,30.494603429986125,27.3665,0.9960831032839434,0.003924587846142469,0.10823009359870639,0.00391689671605655,0.1025789181737704,0.041123455016171935,0.11086730472743511,0.061005398631095886,0.07972726783401368,0.12537912387706024,0.6920922800225404,326059,0.053111301735043526,0.09947136789560318,0.13423562049865723,0.15792925655841827,0.16397860646247864
08_003825_003845_s5,08,0.13907884061336517,31.449984121045585,30.905020207517467,27.3665,1.0176335077559846,0.01747984128092339,0.12159899933244223,0.0176335077559846,0.11449661523459365,0.042084300687081674,0.12104559689760208,0.05604563653469086,0.09213466053427091,0.15434472250534556,0.811967328660807,316422,0.1265423819422722,0.1109502837061882,0.15030142664909363,0.16885779052972794,0.23199588060379028
08_003850_003870_s5,08,0.10320162773132324,30.34164724726833,31.99714641022934,27.3665,0.9482610373520135,0.05312545877402686,0.15632708650535054,0.0517389626479865,0.14472060573342083,0.04817986221447855,0.14103220216929913,0.05955907702445984,0.07522706835057018,0.11997192657264912,0.7399695151745904,326871,0.15662837028503418,0.19483035802841187,0.11321015283465385,0.05379815585911274,0.10208455845713615
08_003875_003895_s5,08,0.0005380775837693363,27.381229262583858,27.182196207276675,27.3665,1.0073221844838975,0.007295507434788906,0.0067574298510191255,0.0073221844838975425,0.006780312794371746,0.01327978598501039,0.04141573794186115,0.013000733131775633,0.03392759102434306,0.03387777865796324,0.00025226671224649937,334796,0.0031594170723110437,-0.023554034531116486,-0.0007518800557591021,-0.001139034633524716,0.017861703410744667
08_003900_003920_s5,08,-0.04022703319787979,26.287475379429427,25.368291519213265,27.3665,1.0362335736925758,0.035592575657844794,0.07581960885572459,0.03623357369257585,0.07876795641808765,0.016267240672819303,0.04477197863161564,0.026663178578019142,0.040607595512719814,0.05748050481055346,0.4897730234601118,327461,-0.03808465227484703,-0.030169913545250893,-0.03222205489873886,-0.04486508294939995,-0.07494189217686653
08_003925_003945_s5,08,-0.01963605172932148,26.834371539163122,27.017922415173363,27.3665,0.9932063289993328,0.006816853037244108,0.012819198692077372,0.00679367100066719,0.01290171684817909,0.007971014478031124,0.022405858151614666,0.019515274092555046,0.034367800363377894,0.04033327953648701,0.23701796357746707,281781,-0.024834818206727505,-0.009794292040169239,-0.01758296974003315,-0.01400247123092413,-0.032200150191783905
08_003950_003970_s5,08,0.15949063003063202,32.09853105840171,32.445029604625326,27.3665,0.9893204429015464,0.010736992860042704,0.17022762289067517,0.010679557098453585,0.15652719897353207,0.010601560604580933,0.025702036917209625,0.026719681918621063,0.08144599512976679,0.15043944148184057,1.123949820911294,266124,0.14937645196914673,0.1453283354640007,0.16090819239616394,0.1706230193376541,0.17103037238121033
08_003975_003995_s5,08,0.1840941682457924,32.89806382986593,33.96036544975716,27.3665,0.9687193701886732,0.03178031668419257,0.21587448492998496,0.03128062981132684,0.19416355985663614,0.031594616510634534,0.08666485548019409,0.04494961351156235,0.10083193249467212,0.17299297771971844,1.132460632698439,260638,0.19181355088949203,0.21644750237464905,0.21572215855121613,0.18485386669635773,0.12978264689445496
08_004000_004020_s5,08,-0.05903746746480465,25.797618208677775,25.435897435897427,27.3665,1.014220877155679,0.014120709017714006,0.07315817648251866,0.014220877155679101,0.07590070564516149,0.024262293098250964,0.06597263738512993,0.02999321185052395,0.046446569308393484,0.06953656388420762,0.720823580910625,235196,-0.04633847996592522,-0.06283872202038765,-0.08608164638280869,-0.08187634125351906,-0.020109008997678757
08_004025_004045_s5,08,-0.11306390166282654,24.44084567948292,24.724412974137945,27.3665,0.988530878571247,0.011535399053339557,0.10152850260948698,0.011469121428753004,0.1068614663824663,0.015686857930711888,0.04343597590923309,0.02664688229560852,0.06190984388398194,0.11265583919768461,1.0072575289636339,239330,-0.12134817242622375,-0.13250263035297394,-0.12797901034355164,-0.10820858180522919,-0.08906665444374084
08_004050_004070_s5,08,0.04186708480119705,28.53657855563969,31.142398904490435,27.3665,0.9163256383413992,0.0873834771105857,0.12925056191178275,0.08367436165860076,0.12124624426238362,0.010837694629350867,0.031831322237849236,0.029402002692222595,0.03828770690180672,0.05170896873296881,0.6555618789298013,293439,0.0310176070779562,0.053065091371536255,0.048741573467850685,0.040585100650787354,0.06284892931580544
