case_id,layer,group,mean_A,var_A,mean_B,var_B,mean_delta,std_A,std_B,std_ratio_B_over_A,mean_shift_in_A_std,in_dtype,out_dtype,shape
00004,enc1.1#0,0,-0.048903048038482666,0.3839218318462372,-0.050736214965581894,0.40375229716300964,-0.001833166927099228,0.6196142605252377,0.6354150589677661,1.02550102450698,0.0029585615501252016,torch.bfloat16,torch.float32,1x24x256x256x32
00004,enc1.1#0,1,-0.7018623352050781,0.8183810114860535,-0.721282958984375,0.8496147990226746,-0.019420623779296875,0.9046441352742267,0.9217455174952979,1.0189039883797921,0.02146769433641424,torch.bfloat16,torch.float32,1x24x256x256x32
00004,enc1.1#0,2,-0.2752215266227722,0.10373056679964066,-0.28460875153541565,0.10659270733594894,-0.009387224912643433,0.32207230057805447,0.32648538609859545,1.0137021579087069,0.029146328000872062,torch.bfloat16,torch.float32,1x24x256x256x32
00004,enc1.1#0,3,0.10894843935966492,0.1805316060781479,0.11182902753353119,0.1859743744134903,0.002880588173866272,0.4248901105911361,0.4312474630806427,1.014962345159462,0.006779607484529591,torch.bfloat16,torch.float32,1x24x256x256x32
00004,enc1.1#0,4,-0.14088065922260284,0.27455663681030273,-0.1430414617061615,0.2829733192920685,-0.002160802483558655,0.5239815233482024,0.5319523656231528,1.0152120674485188,0.004123814270685138,torch.bfloat16,torch.float32,1x24x256x256x32
00004,enc1.1#0,5,-0.46468839049339294,0.21280141174793243,-0.4768873155117035,0.21847204864025116,-0.012198925018310547,0.46130403396017733,0.4674099363944365,1.0132361782788708,0.026444436034053054,torch.bfloat16,torch.float32,1x24x256x256x32
00004,enc1.1#0,6,-0.27842724323272705,0.13188688457012177,-0.28559157252311707,0.13692258298397064,-0.007164329290390015,0.36316233914066826,0.3700305162874687,1.0189121404026977,0.019727621832546255,torch.bfloat16,torch.float32,1x24x256x256x32
00004,enc1.1#0,7,0.0855904221534729,0.1596566140651703,0.08790414780378342,0.16856072843074799,0.0023137256503105164,0.3995705370334133,0.4105614794774931,1.0275068890856704,0.005790531172514944,torch.bfloat16,torch.float32,1x24x256x256x32
00004,enc1.4#0,0,-0.07059460878372192,24.51390266418457,-0.062485240399837494,25.807783126831055,0.00810936838388443,4.951151650291533,5.080136132706588,1.0260514101618077,0.0016378751766585326,torch.bfloat16,torch.float32,1x24x256x256x32
00004,enc1.4#0,1,0.28585898876190186,24.262731552124023,0.30793726444244385,24.792856216430664,0.022078275680541992,4.925721424535093,4.979242534405275,1.0108656388084785,0.004482242046935454,torch.bfloat16,torch.float32,1x24x256x256x32
00004,enc1.4#0,2,0.4294883906841278,22.312973022460938,0.48546677827835083,23.062515258789062,0.05597838759422302,4.72366097666428,4.8023447667560335,1.0166573745407355,0.01185063616351092,torch.bfloat16,torch.float32,1x24x256x256x32
00004,enc1.4#0,3,-1.5027968883514404,33.375343322753906,-1.555027961730957,33.91084289550781,-0.0522310733795166,5.777139718126429,5.823301717712024,1.0079904592649467,0.009040991897017084,torch.bfloat16,torch.float32,1x24x256x256x32
00004,enc1.4#0,4,-1.351023554801941,14.543742179870605,-1.380526065826416,14.754616737365723,-0.029502511024475098,3.8136258573528954,3.841173874919713,1.007223576354168,0.007736079030299345,torch.bfloat16,torch.float32,1x24x256x256x32
00004,enc1.4#0,5,-0.6268683075904846,11.50513744354248,-0.6188861131668091,12.299225807189941,0.007982194423675537,3.3919223817095934,3.507025207663889,1.0339343926544338,0.0023532951304305375,torch.bfloat16,torch.float32,1x24x256x256x32
00004,enc1.4#0,6,0.0934458002448082,21.38420867919922,0.11996926367282867,21.993619918823242,0.026523463428020477,4.624306291672213,4.689735591568382,1.0141489978754215,0.005735663201156432,torch.bfloat16,torch.float32,1x24x256x256x32
00004,enc1.4#0,7,0.14852280914783478,27.4754638671875,0.17233304679393768,28.26404571533203,0.023810237646102905,5.241704290322709,5.316394051923919,1.0142491368196986,0.004542461063677633,torch.bfloat16,torch.float32,1x24x256x256x32
00004,enc2.1#0,0,-4.0493388175964355,194.9324493408203,-4.24066686630249,205.06593322753906,-0.1913280487060547,13.961821132675361,14.320123366351948,1.0256630012855585,0.013703659922865123,torch.bfloat16,torch.float32,1x48x128x128x16
00004,enc2.1#0,1,-2.0132908821105957,97.61235809326172,-2.1049630641937256,111.15228271484375,-0.09167218208312988,9.87989666409835,10.542878293656043,1.0671041056498942,0.009278657985993822,torch.bfloat16,torch.float32,1x48x128x128x16
00004,enc2.1#0,2,-3.665349006652832,234.29942321777344,-3.7668232917785645,243.9092254638672,-0.10147428512573242,15.306842366006565,15.617593459424764,1.020301449899838,0.006629341486594682,torch.bfloat16,torch.float32,1x48x128x128x16
00004,enc2.1#0,3,1.7199583053588867,277.4058532714844,1.820616602897644,296.1485290527344,0.10065829753875732,16.655505194123783,17.208966530641355,1.0332299338907376,0.006043545144116704,torch.bfloat16,torch.float32,1x48x128x128x16
00004,enc2.1#0,4,-5.4701666831970215,238.39512634277344,-5.701686859130859,244.65879821777344,-0.2315201759338379,15.440049428119504,15.641572753971175,1.013051987093037,0.014994782044686466,torch.bfloat16,torch.float32,1x48x128x128x16
00004,enc2.1#0,5,1.4477256536483765,316.4767761230469,1.637292742729187,336.67578125,0.18956708908081055,17.789794156286543,18.34872696537828,1.0314187339202134,0.010655946179895594,torch.bfloat16,torch.float32,1x48x128x128x16
00004,enc2.1#0,6,-1.8135042190551758,241.63360595703125,-1.78583562374115,259.39801025390625,0.02766859531402588,15.544568374742068,16.1058377693899,1.036107107068976,0.0017799526269885884,torch.bfloat16,torch.float32,1x48x128x128x16
00004,enc2.1#0,7,-3.4058024883270264,224.6080780029297,-3.5230250358581543,238.03025817871094,-0.11722254753112793,14.986930239476319,15.428229262579388,1.0294455913286809,0.007821651643000107,torch.bfloat16,torch.float32,1x48x128x128x16
00004,enc2.4#0,0,-2.1787381172180176,18.35330581665039,-2.302574634552002,18.686384201049805,-0.12383651733398438,4.284075841608128,4.322775057882356,1.0090332705827405,0.028906238337624634,torch.bfloat16,torch.float32,1x48x128x128x16
00004,enc2.4#0,1,-3.4042091369628906,11.585976600646973,-3.632119655609131,11.002842903137207,-0.22791051864624023,3.403817944697832,3.317053346441267,0.9745096242906529,0.06695731744444769,torch.bfloat16,torch.float32,1x48x128x128x16
00004,enc2.4#0,2,-1.922080397605896,17.5208797454834,-2.0277719497680664,17.856855392456055,-0.10569155216217041,4.185794995635047,4.225737260225256,1.0095423365529992,0.025250054594739044,torch.bfloat16,torch.float32,1x48x128x128x16
00004,enc2.4#0,3,-2.8757858276367188,16.1107234954834,-3.0098190307617188,16.845792770385742,-0.134033203125,4.013816574718306,4.104362650934459,1.0225585984139067,0.03339295671088473,torch.bfloat16,torch.float32,1x48x128x128x16
00004,enc2.4#0,4,-1.4496501684188843,9.993203163146973,-1.5253076553344727,10.456692695617676,-0.07565748691558838,3.161202803229646,3.2336809823508683,1.0229274056846889,0.023933132932279076,torch.bfloat16,torch.float32,1x48x128x128x16
00004,enc2.4#0,5,-3.3622634410858154,32.647361755371094,-3.549459934234619,33.72273635864258,-0.1871964931488037,5.7137869889742205,5.807128064598074,1.0163361140000444,0.03276224568924831,torch.bfloat16,torch.float32,1x48x128x128x16
00004,enc2.4#0,6,-2.9292171001434326,21.566162109375,-3.0986294746398926,22.223913192749023,-0.16941237449645996,4.64393821119263,4.714224559007454,1.0151350738572325,0.03648032484328693,torch.bfloat16,torch.float32,1x48x128x128x16
00004,enc2.4#0,7,-1.9952709674835205,10.337590217590332,-2.097059726715088,10.105812072753906,-0.10178875923156738,3.2152123129881067,3.1789639936233796,0.9887259951020033,0.031658487627825874,torch.bfloat16,torch.float32,1x48x128x128x16
00004,enc3.1#0,0,-18.361263275146484,513.2442626953125,-20.67426300048828,494.244384765625,-2.312999725341797,22.654894894819364,22.231607786339364,0.981315865271271,0.1020971289463243,torch.bfloat16,torch.float32,1x96x64x64x8
00004,enc3.1#0,1,-13.744436264038086,2009.26171875,-14.543695449829102,2257.993896484375,-0.7992591857910156,44.824789109933356,47.51835325939205,1.060090949738831,0.017830740571490977,torch.bfloat16,torch.float32,1x96x64x64x8
00004,enc3.1#0,2,-33.93638610839844,1946.9146728515625,-38.2996826171875,2551.7900390625,-4.3632965087890625,44.12385605147812,50.51524561023632,1.1448511107302484,0.09888747039013365,torch.bfloat16,torch.float32,1x96x64x64x8
00004,enc3.1#0,3,-33.29973602294922,689.9397583007812,-37.315406799316406,658.0509033203125,-4.0156707763671875,26.26670436695059,25.652502866588136,0.9766167277104143,0.1528806476925138,torch.bfloat16,torch.float32,1x96x64x64x8
00004,enc3.1#0,4,-28.201889038085938,1061.9349365234375,-31.919233322143555,1059.1337890625,-3.717344284057617,32.58734319522593,32.54433574468067,0.9986802406600745,0.11407325420141066,torch.bfloat16,torch.float32,1x96x64x64x8
00004,enc3.1#0,5,-31.262304306030273,1208.1817626953125,-35.31401062011719,1598.4022216796875,-4.051706314086914,34.758909112561525,39.98002278238079,1.1502093651130267,0.11656598027763385,torch.bfloat16,torch.float32,1x96x64x64x8
00004,enc3.1#0,6,-19.31900405883789,1071.2685546875,-20.34253692626953,1182.363037109375,-1.0235328674316406,32.73023914803404,34.38550620696713,1.050573020607841,0.03127178089968584,torch.bfloat16,torch.float32,1x96x64x64x8
00004,enc3.1#0,7,-29.88812255859375,1205.4268798828125,-33.98011016845703,1437.10693359375,-4.091987609863281,34.71925805490107,37.909193259600634,1.0918779773362486,0.11785930457939739,torch.bfloat16,torch.float32,1x96x64x64x8
00004,enc3.4#0,0,-7.317636013031006,76.53141021728516,-9.446979522705078,90.4289321899414,-2.1293435096740723,8.748223260598985,9.509412820460652,1.0870107606066683,0.24340296837923606,torch.bfloat16,torch.float32,1x96x64x64x8
00004,enc3.4#0,1,-3.54773211479187,51.54548263549805,-5.116843223571777,44.75850296020508,-1.5691111087799072,7.1795182732198715,6.690179591027813,0.9318424073078374,0.21855381504255048,torch.bfloat16,torch.float32,1x96x64x64x8
00004,enc3.4#0,2,-2.8397958278656006,92.40157318115234,-4.580218315124512,107.34415435791016,-1.7404224872589111,9.612573702248131,10.360702406589533,1.0778281371373448,0.18105686792829184,torch.bfloat16,torch.float32,1x96x64x64x8
00004,enc3.4#0,3,-6.280116558074951,81.63060760498047,-7.926967144012451,99.68582153320312,-1.6468505859375,9.03496583308318,9.98427871872591,1.1050709989590273,0.18227524224909133,torch.bfloat16,torch.float32,1x96x64x64x8
00004,enc3.4#0,4,-7.542536735534668,103.0152587890625,-8.766227722167969,139.33551025390625,-1.2236909866333008,10.149643283833305,11.804046350887743,1.1630011046486362,0.1205649255262436,torch.bfloat16,torch.float32,1x96x64x64x8
00004,enc3.4#0,5,-7.391822814941406,100.95426177978516,-8.615568161010742,130.82240295410156,-1.223745346069336,10.047599801932058,11.437762147994754,1.1383576549093226,0.12179479380080617,torch.bfloat16,torch.float32,1x96x64x64x8
00004,enc3.4#0,6,-7.052008628845215,116.89907836914062,-8.105806350708008,160.68115234375,-1.053797721862793,10.811987715917024,12.676006955810257,1.1724030112565786,0.09746567879571574,torch.bfloat16,torch.float32,1x96x64x64x8
00004,enc3.4#0,7,-5.932599067687988,61.90803527832031,-8.08454418182373,57.69840621948242,-2.151945114135742,7.868165941203853,7.59594669672467,0.965402452552045,0.27350021977376954,torch.bfloat16,torch.float32,1x96x64x64x8
00004,dec2.1#0,0,-13.216169357299805,63.940364837646484,-14.614147186279297,62.77031326293945,-1.3979778289794922,7.996271933698008,7.922771816917325,0.9908082019483432,0.1748287002456874,torch.bfloat16,torch.float32,1x48x128x128x16
00004,dec2.1#0,1,-9.201772689819336,109.36621856689453,-7.975581645965576,89.8943099975586,1.2261910438537598,10.457830490445641,9.48126099195453,0.9066183469522371,0.11725099627250775,torch.bfloat16,torch.float32,1x48x128x128x16
00004,dec2.1#0,2,-9.359701156616211,91.52454376220703,-7.835926055908203,48.931087493896484,1.5237751007080078,9.566846071836164,6.995075946256516,0.7311788957124876,0.15927664031240651,torch.bfloat16,torch.float32,1x48x128x128x16
00004,dec2.1#0,3,-3.7897701263427734,138.1903076171875,-2.8250653743743896,168.84934997558594,0.9647047519683838,11.755437363926001,12.994204476442023,1.105378224064843,0.0820645563497944,torch.bfloat16,torch.float32,1x48x128x128x16
00004,dec2.1#0,4,-8.760749816894531,78.269775390625,-7.300715923309326,42.6458740234375,1.460033893585205,8.847020707030419,6.53038084826892,0.738144632472653,0.16503113781851636,torch.bfloat16,torch.float32,1x48x128x128x16
00004,dec2.1#0,5,-11.34448528289795,97.82504272460938,-11.939543724060059,86.02916717529297,-0.5950584411621094,9.890654312259093,9.275190950880363,0.9377732410872063,0.0601637083225684,torch.bfloat16,torch.float32,1x48x128x128x16
00004,dec2.1#0,6,-2.550245523452759,99.83297729492188,0.8491308689117432,83.674072265625,3.399376392364502,9.991645374757947,9.147353292927141,0.9155001953968708,0.34022188186866603,torch.bfloat16,torch.float32,1x48x128x128x16
00004,dec2.1#0,7,-5.748658657073975,99.48310089111328,-3.846921682357788,92.5205078125,1.9017369747161865,9.974121559872492,9.618758122153816,0.9643714551115599,0.19066711422158547,torch.bfloat16,torch.float32,1x48x128x128x16
00004,dec2.4#0,0,-8.126092910766602,88.540283203125,-10.565081596374512,56.94596481323242,-2.43898868560791,9.409584645621985,7.546255019096057,0.8019753584561372,0.259202587304712,torch.bfloat16,torch.float32,1x48x128x128x16
00004,dec2.4#0,1,-4.9406633377075195,79.50524139404297,-5.854531288146973,86.4876937866211,-0.9138679504394531,8.916571168001912,9.299876009206848,1.042987919232952,0.10249096129226982,torch.bfloat16,torch.float32,1x48x128x128x16
00004,dec2.4#0,2,-6.893843650817871,108.99655151367188,-8.267670631408691,115.18929290771484,-1.3738269805908203,10.440141355061812,10.732627493196382,1.0280155342908994,0.131590840953962,torch.bfloat16,torch.float32,1x48x128x128x16
00004,dec2.4#0,3,-8.90058708190918,118.09698486328125,-10.745691299438477,98.98450469970703,-1.8451042175292969,10.867243664484626,9.949095672457222,0.9155123396167131,0.16978585136167554,torch.bfloat16,torch.float32,1x48x128x128x16
00004,dec2.4#0,4,-2.4043593406677246,40.72467041015625,-1.9038527011871338,35.31602096557617,0.5005066394805908,6.381588392411112,5.942728410888064,0.9312302902448341,0.07842979031298629,torch.bfloat16,torch.float32,1x48x128x128x16
00004,dec2.4#0,5,-3.92116117477417,98.61306762695312,-5.241306304931641,94.91735076904297,-1.3201451301574707,9.93041125165283,9.742553606167276,0.9810825915740109,0.1329396232142696,torch.bfloat16,torch.float32,1x48x128x128x16
00004,dec2.4#0,6,-6.441204071044922,59.523685455322266,-7.878660202026367,39.51335906982422,-1.4374561309814453,7.715159457543458,6.285965245674225,0.8147550650464074,0.18631580317837498,torch.bfloat16,torch.float32,1x48x128x128x16
00004,dec2.4#0,7,-2.48284912109375,44.88846969604492,-1.5850499868392944,29.981353759765625,0.8977991342544556,6.699885797239004,5.4755231494137275,0.8172561913921232,0.1340021548761973,torch.bfloat16,torch.float32,1x48x128x128x16
00004,dec1.1#0,0,-1.3557713031768799,31.211700439453125,-0.4706230163574219,32.43852615356445,0.885148286819458,5.586743276673193,5.6954829605191915,1.019463876978208,0.1584372581634981,torch.bfloat16,torch.float32,1x24x256x256x32
00004,dec1.1#0,1,-0.9606682658195496,78.33416748046875,-1.0766308307647705,78.37316131591797,-0.11596256494522095,8.850659155140297,8.852861758545536,1.0002488632051727,0.013102138825205133,torch.bfloat16,torch.float32,1x24x256x256x32
00004,dec1.1#0,2,-2.8460617065429688,17.06070899963379,-3.122769832611084,16.284791946411133,-0.27670812606811523,4.130461112228729,4.035441976588331,0.9769955138037536,0.06699206663606816,torch.bfloat16,torch.float32,1x24x256x256x32
00004,dec1.1#0,3,-0.3478173613548279,88.45679473876953,-0.2188105285167694,91.35095977783203,0.12900683283805847,9.405147247054112,9.557769602675721,1.0162275349457621,0.013716620213305655,torch.bfloat16,torch.float32,1x24x256x256x32
00004,dec1.1#0,4,-1.3735684156417847,27.927053451538086,-1.6377900838851929,32.26322555541992,-0.2642216682434082,5.284605325995319,5.680072671667143,1.0748338468582497,0.049998372999339145,torch.bfloat16,torch.float32,1x24x256x256x32
00004,dec1.1#0,5,-2.2363264560699463,96.615234375,-2.2378859519958496,93.60843658447266,-0.0015594959259033203,9.82930487750787,9.675145300432064,0.9843163296899494,0.0001586578039177391,torch.bfloat16,torch.float32,1x24x256x256x32
00004,dec1.1#0,6,-0.7361909747123718,49.767852783203125,-0.479544460773468,50.13724136352539,0.2566465139389038,7.054633426564638,7.080765591623931,1.0037042555550642,0.03637985114470813,torch.bfloat16,torch.float32,1x24x256x256x32
00004,dec1.1#0,7,-0.19130294024944305,147.87258911132812,-0.005514542572200298,150.5368194580078,0.18578839767724276,12.160287377826567,12.26934470369171,1.0089683181389284,0.01527829005225772,torch.bfloat16,torch.float32,1x24x256x256x32
00004,dec1.4#0,0,-0.8401769995689392,13.22594165802002,-0.893988311290741,15.179011344909668,-0.05381131172180176,3.6367487757638717,3.8960250698512797,1.071293429949103,0.01479654357221832,torch.bfloat16,torch.float32,1x24x256x256x32
00004,dec1.4#0,1,-1.5743131637573242,9.059029579162598,-1.470410704612732,10.712604522705078,0.10390245914459229,3.0098221839774184,3.2730115372092836,1.0874434890648808,0.03452112875561549,torch.bfloat16,torch.float32,1x24x256x256x32
00004,dec1.4#0,2,-0.6474504470825195,210.4653778076172,-0.5904721617698669,209.8999481201172,0.05697828531265259,14.50742491993728,14.487924217089112,0.9986558122509138,0.003927525775739043,torch.bfloat16,torch.float32,1x24x256x256x32
00004,dec1.4#0,3,-2.137693405151367,16.082656860351562,-2.1332778930664062,19.44508171081543,0.0044155120849609375,4.010318797845324,4.409657777063367,1.0995778638427949,0.0011010376749432782,torch.bfloat16,torch.float32,1x24x256x256x32
00004,dec1.4#0,4,-1.5728881359100342,7.299533367156982,-1.9025027751922607,6.994999408721924,-0.32961463928222656,2.7017648615593814,2.6448061193066543,0.9789179498693117,0.12199975059709023,torch.bfloat16,torch.float32,1x24x256x256x32
00004,dec1.4#0,5,-0.8580682277679443,292.9378356933594,-0.8847168684005737,291.65283203125,-0.026648640632629395,17.11542683351366,17.07784623514482,0.9978042850619855,0.0015569953873688259,torch.bfloat16,torch.float32,1x24x256x256x32
00004,dec1.4#0,6,-1.1125696897506714,5.360158443450928,-1.0497496128082275,5.952937602996826,0.06282007694244385,2.3152015988787946,2.4398642591334516,1.0538452721849487,0.027133739443194207,torch.bfloat16,torch.float32,1x24x256x256x32
00004,dec1.4#0,7,-1.205904245376587,7.258346080780029,-1.002358317375183,7.507850646972656,0.2035459280014038,2.6941317860824903,2.7400457381169128,1.0170422071672989,0.07555158550628212,torch.bfloat16,torch.float32,1x24x256x256x32
00889,enc1.1#0,0,-0.01604396104812622,0.2821304500102997,-0.017714906483888626,0.3020384609699249,-0.0016709454357624054,0.5311595334833967,0.5495802588975744,1.0346802123523469,0.003145844761185364,torch.bfloat16,torch.float32,1x24x256x256x32
00889,enc1.1#0,1,-0.7331784963607788,0.7814372181892395,-0.7528476119041443,0.8118793964385986,-0.01966911554336548,0.8839893767400372,0.9010435041875606,1.0192922312148314,0.022250398094036998,torch.bfloat16,torch.float32,1x24x256x256x32
00889,enc1.1#0,2,-0.27687621116638184,0.05531768128275871,-0.2860214114189148,0.057626958936452866,-0.009145200252532959,0.23519711155275422,0.24005615788071938,1.0206594642931033,0.038883131651392365,torch.bfloat16,torch.float32,1x24x256x256x32
00889,enc1.1#0,3,0.11759458482265472,0.07173163443803787,0.12056505680084229,0.07390717417001724,0.002970471978187561,0.2678276207526734,0.27185873936663735,1.015051168369548,0.011090984454253343,torch.bfloat16,torch.float32,1x24x256x256x32
00889,enc1.1#0,4,-0.08637750148773193,0.13273008167743683,-0.08783359825611115,0.13789264857769012,-0.0014560967683792114,0.364321398873902,0.37133899415182636,1.0192621001665434,0.003996736872662239,torch.bfloat16,torch.float32,1x24x256x256x32
00889,enc1.1#0,5,-0.46929940581321716,0.1917962282896042,-0.48146581649780273,0.19696049392223358,-0.012166410684585571,0.4379454626886825,0.4438023140118059,1.0133734718637486,0.027780652435333425,torch.bfloat16,torch.float32,1x24x256x256x32
00889,enc1.1#0,6,-0.2616409361362457,0.1039203479886055,-0.2684316039085388,0.1083889976143837,-0.006790667772293091,0.32236679107595045,0.32922484355586484,1.0212740662802906,0.021065035109938453,torch.bfloat16,torch.float32,1x24x256x256x32
00889,enc1.1#0,7,0.06648173183202744,0.07182984799146652,0.06849861145019531,0.07900403439998627,0.002016879618167877,0.26801091020976464,0.28107656323497743,1.0487504520431152,0.007525363861453707,torch.bfloat16,torch.float32,1x24x256x256x32
00889,enc1.4#0,0,-0.08579540252685547,33.11549758911133,-0.0758112296462059,34.595909118652344,0.009984172880649567,5.754606640693291,5.881828722315224,1.0221078675859947,0.0017349878982252582,torch.bfloat16,torch.float32,1x24x256x256x32
00889,enc1.4#0,1,0.022884506732225418,13.229759216308594,0.04851175472140312,14.337543487548828,0.025627247989177704,3.637273596570458,3.7864948814898494,1.0410255871485967,0.007045730080173604,torch.bfloat16,torch.float32,1x24x256x256x32
00889,enc1.4#0,2,0.35447394847869873,28.296663284301758,0.42732858657836914,29.216264724731445,0.07285463809967041,5.319460807666672,5.405207186105954,1.0161193740380041,0.0136958689487229,torch.bfloat16,torch.float32,1x24x256x256x32
00889,enc1.4#0,3,-1.4509552717208862,11.706379890441895,-1.5136878490447998,13.074676513671875,-0.06273257732391357,3.4214587372116436,3.615892215438933,1.0568276554420017,0.018335038397989917,torch.bfloat16,torch.float32,1x24x256x256x32
00889,enc1.4#0,4,-1.4264854192733765,7.2158684730529785,-1.4477500915527344,7.927450180053711,-0.02126467227935791,2.6862368609363134,2.815572797860803,1.0481476294236423,0.007916156832106721,torch.bfloat16,torch.float32,1x24x256x256x32
00889,enc1.4#0,5,-0.5763117671012878,14.948238372802734,-0.5605784058570862,16.30638885498047,0.01573336124420166,3.8662951740397076,4.038116993721265,1.0444409471980456,0.004069363702451777,torch.bfloat16,torch.float32,1x24x256x256x32
00889,enc1.4#0,6,0.1847470998764038,24.890024185180664,0.2181389331817627,26.030179977416992,0.03339183330535889,4.98899029716241,5.101978045563994,1.0226474179486476,0.00669310447934749,torch.bfloat16,torch.float32,1x24x256x256x32
00889,enc1.4#0,7,0.05176010727882385,11.881392478942871,0.09053856134414673,13.341350555419922,0.038778454065322876,3.4469395815625883,3.652581355072043,1.059659233544277,0.011250111337241247,torch.bfloat16,torch.float32,1x24x256x256x32
00889,enc2.1#0,0,-3.148491382598877,124.37102508544922,-3.403175115585327,148.37380981445312,-0.2546837329864502,11.152175800508582,12.180878860511385,1.0922423640376877,0.02283713398553452,torch.bfloat16,torch.float32,1x48x128x128x16
00889,enc2.1#0,1,-1.7698469161987305,123.4791030883789,-1.863059401512146,143.86203002929688,-0.09321248531341553,11.112115149168448,11.994249873555948,1.0793849516987333,0.00838836567675335,torch.bfloat16,torch.float32,1x48x128x128x16
00889,enc2.1#0,2,-2.727952480316162,173.6739959716797,-2.846256971359253,183.4442901611328,-0.11830449104309082,13.178543013993606,13.54416074037564,1.0277434103294882,0.00897705390629825,torch.bfloat16,torch.float32,1x48x128x128x16
00889,enc2.1#0,3,1.425340175628662,149.99972534179688,1.513474702835083,177.4773406982422,0.0881345272064209,12.247437501036568,13.322062178891157,1.0877428178558688,0.007196160600857248,torch.bfloat16,torch.float32,1x48x128x128x16
00889,enc2.1#0,4,-4.1896820068359375,132.8733367919922,-4.501736164093018,161.0418701171875,-0.3120541572570801,11.527069740050687,12.690227346946449,1.100906616609977,0.027071420950360966,torch.bfloat16,torch.float32,1x48x128x128x16
00889,enc2.1#0,5,1.4010785818099976,194.1618194580078,1.5878713130950928,220.1810760498047,0.18679273128509521,13.934196046346118,14.838499791077421,1.0648981643234763,0.013405346864922054,torch.bfloat16,torch.float32,1x48x128x128x16
00889,enc2.1#0,6,-1.3466476202011108,157.2276153564453,-1.3499009609222412,201.60218811035156,-0.003253340721130371,12.539043638030984,14.198668533012226,1.1323565770157775,0.00025945684655430753,torch.bfloat16,torch.float32,1x48x128x128x16
00889,enc2.1#0,7,-2.117527961730957,138.0415496826172,-2.3095006942749023,157.99972534179688,-0.1919727325439453,11.749108463309767,12.569794164655079,1.0698508915725953,0.016339344652697665,torch.bfloat16,torch.float32,1x48x128x128x16
00889,enc2.4#0,0,-1.8256988525390625,23.460187911987305,-1.9435266256332397,21.049793243408203,-0.11782777309417725,4.843571813443805,4.588005366540911,0.9472359538071586,0.02432662870139239,torch.bfloat16,torch.float32,1x48x128x128x16
00889,enc2.4#0,1,-2.773421287536621,17.402029037475586,-2.9994635581970215,14.981689453125,-0.2260422706604004,4.171573928084649,3.8706187429305148,0.9278557229615453,0.05418632740477076,torch.bfloat16,torch.float32,1x48x128x128x16
00889,enc2.4#0,2,-1.7069091796875,24.5742244720459,-1.7745122909545898,21.885839462280273,-0.06760311126708984,4.957239602041231,4.678230377213191,0.9437168167717467,0.013637249093074516,torch.bfloat16,torch.float32,1x48x128x128x16
00889,enc2.4#0,3,-2.2926695346832275,21.618568420410156,-2.3891348838806152,21.392379760742188,-0.0964653491973877,4.649577230287734,4.6251896999736335,0.99475489294914,0.020747122677951098,torch.bfloat16,torch.float32,1x48x128x128x16
00889,enc2.4#0,4,-1.3509877920150757,18.398561477661133,-1.354258418083191,17.382699966430664,-0.0032706260681152344,4.289354436003293,4.169256524421431,0.9720009354848822,0.000762498440479243,torch.bfloat16,torch.float32,1x48x128x128x16
00889,enc2.4#0,5,-2.792426109313965,48.29568099975586,-2.936795949935913,43.35342025756836,-0.14436984062194824,6.949509407127661,6.584331420696285,0.9474526955734692,0.020774105359707473,torch.bfloat16,torch.float32,1x48x128x128x16
00889,enc2.4#0,6,-2.4625139236450195,32.61931228637695,-2.575977325439453,29.33686637878418,-0.1134634017944336,5.711331918771395,5.416351759144173,0.9483517743632246,0.01986636452024688,torch.bfloat16,torch.float32,1x48x128x128x16
00889,enc2.4#0,7,-1.7239521741867065,16.32488250732422,-1.8023185729980469,14.076931953430176,-0.07836639881134033,4.040406230482799,3.7519237670067573,0.9286006289913156,0.019395673192488895,torch.bfloat16,torch.float32,1x48x128x128x16
00889,enc3.1#0,0,-12.504122734069824,363.2838134765625,-14.843887329101562,392.5548400878906,-2.3397645950317383,19.060005600118863,19.812996746779387,1.0395063444606663,0.12275781256943319,torch.bfloat16,torch.float32,1x96x64x64x8
00889,enc3.1#0,1,-9.41273021697998,1176.1248779296875,-10.648043632507324,1470.1639404296875,-1.2353134155273438,34.29467710782079,38.34271691507642,1.1180369710007414,0.03602055828207913,torch.bfloat16,torch.float32,1x96x64x64x8
00889,enc3.1#0,2,-22.634174346923828,1263.1356201171875,-27.29906463623047,1921.6104736328125,-4.664890289306641,35.54061929844762,43.836177680459464,1.2334106311527944,0.13125517735450373,torch.bfloat16,torch.float32,1x96x64x64x8
00889,enc3.1#0,3,-22.48019027709961,556.7114868164062,-26.721654891967773,583.8905639648438,-4.241464614868164,23.59473430272963,24.16382759342658,1.0241195040976203,0.17976318616045942,torch.bfloat16,torch.float32,1x96x64x64x8
00889,enc3.1#0,4,-19.075681686401367,712.5993041992188,-22.696731567382812,797.2045288085938,-3.6210498809814453,26.6945557033493,28.23481058566878,1.0576992140058816,0.1356475051025899,torch.bfloat16,torch.float32,1x96x64x64x8
00889,enc3.1#0,5,-20.90331268310547,820.3250122070312,-25.23212242126465,1289.0789794921875,-4.32880973815918,28.64131652363472,35.903746037038914,1.2535647936229208,0.15113864387438544,torch.bfloat16,torch.float32,1x96x64x64x8
00889,enc3.1#0,6,-13.163419723510742,669.4683837890625,-14.719869613647461,858.2843627929688,-1.5564498901367188,25.874087110254973,29.296490622478466,1.132271469043136,0.06015477506527499,torch.bfloat16,torch.float32,1x96x64x64x8
00889,enc3.1#0,7,-19.957477569580078,815.9817504882812,-24.072866439819336,1097.4442138671875,-4.115388870239258,28.56539428203786,33.1276955713371,1.159714276801285,0.14406903785770764,torch.bfloat16,torch.float32,1x96x64x64x8
00889,enc3.4#0,0,-6.408252716064453,56.69399642944336,-7.943845272064209,70.8034896850586,-1.5355925559997559,7.529541581626558,8.414480951613035,1.117528983722713,0.2039423701101378,torch.bfloat16,torch.float32,1x96x64x64x8
00889,enc3.4#0,1,-3.195920944213867,37.88692092895508,-4.254016399383545,36.06730270385742,-1.0580954551696777,6.15523524562263,6.005605939774722,0.9756907250694734,0.17190170853699785,torch.bfloat16,torch.float32,1x96x64x64x8
00889,enc3.4#0,2,-2.2128512859344482,59.078277587890625,-3.496089458465576,90.98125457763672,-1.283238172531128,7.6862394958712175,9.538409436464589,1.240972186930721,0.16695266563323186,torch.bfloat16,torch.float32,1x96x64x64x8
00889,enc3.4#0,3,-5.497775077819824,61.915069580078125,-6.650820732116699,76.8568344116211,-1.153045654296875,7.868612938763612,8.766802975521983,1.1141484584066355,0.14653734568853402,torch.bfloat16,torch.float32,1x96x64x64x8
00889,enc3.4#0,4,-6.304624080657959,72.72315979003906,-7.239322662353516,104.84830474853516,-0.9346985816955566,8.527787508494749,10.239546120240641,1.2007271651692502,0.10960622327473325,torch.bfloat16,torch.float32,1x96x64x64x8
00889,enc3.4#0,5,-6.246823310852051,73.81011962890625,-7.1780104637146,98.96172332763672,-0.9311871528625488,8.591281605727183,9.947950709952112,1.1579123076725288,0.10838745551557687,torch.bfloat16,torch.float32,1x96x64x64x8
00889,enc3.4#0,6,-5.828971862792969,83.69219207763672,-6.637884140014648,124.34823608398438,-0.8089122772216797,9.148343679466613,11.151154024762835,1.2189260062224723,0.0884217193367229,torch.bfloat16,torch.float32,1x96x64x64x8
00889,enc3.4#0,7,-5.130580425262451,42.4925651550293,-6.718078136444092,50.608516693115234,-1.5874977111816406,6.518632153682956,7.113966312340482,1.0913280799747487,0.2435323352744673,torch.bfloat16,torch.float32,1x96x64x64x8
00889,dec2.1#0,0,-10.64716625213623,55.56178665161133,-12.01977825164795,54.482242584228516,-1.3726119995117188,7.453977907910066,7.381208748181325,0.9902375401929324,0.18414489772704054,torch.bfloat16,torch.float32,1x48x128x128x16
00889,dec2.1#0,1,-7.832383632659912,83.70293426513672,-6.787896156311035,68.0071792602539,1.044487476348877,9.148930771687844,8.246646546339543,0.9013781776401131,0.11416497757105493,torch.bfloat16,torch.float32,1x48x128x128x16
00889,dec2.1#0,2,-7.933011531829834,71.88213348388672,-6.625186920166016,43.271488189697266,1.3078246116638184,8.478333178395781,6.578106732920747,0.7758726384665879,0.15425492064836227,torch.bfloat16,torch.float32,1x48x128x128x16
00889,dec2.1#0,3,-3.0831527709960938,103.41983032226562,-2.320279359817505,125.28558349609375,0.7628734111785889,10.16955408669749,11.193104283267164,1.1006484834874473,0.0750154239482813,torch.bfloat16,torch.float32,1x48x128x128x16
00889,dec2.1#0,4,-7.121987819671631,57.6529541015625,-5.920685768127441,33.54768753051758,1.2013020515441895,7.5929542407130635,5.792036561566024,0.7628172616278124,0.1582127342613056,torch.bfloat16,torch.float32,1x48x128x128x16
00889,dec2.1#0,5,-9.439384460449219,70.70589447021484,-10.021394729614258,65.87399291992188,-0.5820102691650391,8.408679710288343,8.11627949986457,0.9652263826786017,0.06921541659541713,torch.bfloat16,torch.float32,1x48x128x128x16
00889,dec2.1#0,6,-2.390092611312866,87.58380889892578,0.5720548033714294,72.04623413085938,2.9621474146842957,9.358622168830506,8.488005309309095,0.9069716840988563,0.31651533326667664,torch.bfloat16,torch.float32,1x48x128x128x16
00889,dec2.1#0,7,-4.5197038650512695,79.3863296508789,-2.959453582763672,71.45858001708984,1.5602502822875977,8.909900653255283,8.453317692899626,0.9487555497951773,0.17511421765601295,torch.bfloat16,torch.float32,1x48x128x128x16
00889,dec2.4#0,0,-6.729517936706543,65.4725570678711,-9.025615692138672,44.28433609008789,-2.296097755432129,8.091511420486972,6.654647705933643,0.8224233224320341,0.28376623798844525,torch.bfloat16,torch.float32,1x48x128x128x16
00889,dec2.4#0,1,-4.233297824859619,64.9545669555664,-4.975151062011719,72.633056640625,-0.7418532371520996,8.059439617961438,8.522502956328323,1.0574560217977056,0.09204774429958998,torch.bfloat16,torch.float32,1x48x128x128x16
00889,dec2.4#0,2,-5.81309700012207,90.79358673095703,-7.044464111328125,99.10367584228516,-1.2313671112060547,9.528566877078475,9.955082914887507,1.044761824449702,0.129228993939076,torch.bfloat16,torch.float32,1x48x128x128x16
00889,dec2.4#0,3,-7.417741775512695,98.91695404052734,-8.974220275878906,89.18599700927734,-1.556478500366211,9.945700279041558,9.443833808855244,0.9495393530766364,0.1564976277885789,torch.bfloat16,torch.float32,1x48x128x128x16
00889,dec2.4#0,4,-1.9024617671966553,35.02190017700195,-1.3423784971237183,31.952363967895508,0.560083270072937,5.917930396430998,5.652642211204908,0.9551721349433104,0.09464174678544944,torch.bfloat16,torch.float32,1x48x128x128x16
00889,dec2.4#0,5,-3.182796001434326,78.2797622680664,-4.522544860839844,74.78952026367188,-1.3397488594055176,8.847585109399423,8.6480934467472,0.9774524166554455,0.15142537119899602,torch.bfloat16,torch.float32,1x48x128x128x16
00889,dec2.4#0,6,-5.247021198272705,45.16684341430664,-6.525786399841309,32.55758285522461,-1.2787652015686035,6.720628200868327,5.70592524094249,0.8490166499919257,0.19027465340269573,torch.bfloat16,torch.float32,1x48x128x128x16
00889,dec2.4#0,7,-1.653225302696228,39.277305603027344,-0.675301730632782,27.99134063720703,0.977923572063446,6.267160888554509,5.290684325983458,0.8441915597931505,0.15603932776792004,torch.bfloat16,torch.float32,1x48x128x128x16
00889,dec1.1#0,0,-1.8723227977752686,26.12388801574707,-1.0220260620117188,25.814706802368164,0.8502967357635498,5.111153296052376,5.0808175328748195,0.9940647909736954,0.16636103174997324,torch.bfloat16,torch.float32,1x24x256x256x32
00889,dec1.1#0,1,-1.68999183177948,31.37285041809082,-1.7455390691757202,37.05251693725586,-0.055547237396240234,5.601147241243603,6.087077865220377,1.086755552576562,0.009917117869571892,torch.bfloat16,torch.float32,1x24x256x256x32
00889,dec1.1#0,2,-3.7729687690734863,25.09355926513672,-3.9181857109069824,23.103660583496094,-0.1452169418334961,5.009347189518483,4.8066267364437705,0.959531562615807,0.028989194867017173,torch.bfloat16,torch.float32,1x24x256x256x32
00889,dec1.1#0,3,-0.8059052228927612,44.38890075683594,-0.6623152494430542,53.733097076416016,0.14358997344970703,6.662499587755029,7.330286288844114,1.1002306555210009,0.021551967329740664,torch.bfloat16,torch.float32,1x24x256x256x32
00889,dec1.1#0,4,-1.5462713241577148,33.32331848144531,-1.7203834056854248,37.601158142089844,-0.17411208152770996,5.772635315126473,6.1319783220498945,1.0622493865118776,0.030161628445758717,torch.bfloat16,torch.float32,1x24x256x256x32
00889,dec1.1#0,5,-2.318699836730957,19.663660049438477,-2.2594592571258545,21.649147033691406,0.05924057960510254,4.434372565475129,4.652864390210766,1.0492723201556762,0.013359405131254483,torch.bfloat16,torch.float32,1x24x256x256x32
00889,dec1.1#0,6,-1.1398847103118896,12.50678539276123,-0.8344488143920898,14.931305885314941,0.3054358959197998,3.5364933751897842,3.8641047974032667,1.0926373634719169,0.08636687914151932,torch.bfloat16,torch.float32,1x24x256x256x32
00889,dec1.1#0,7,-0.9471980929374695,67.99555206298828,-0.7256869077682495,82.99474334716797,0.22151118516921997,8.245941551029105,9.110145078272243,1.1048034990176816,0.026863055455635027,torch.bfloat16,torch.float32,1x24x256x256x32
00889,dec1.4#0,0,-1.3870534896850586,23.818174362182617,-1.3684171438217163,25.40452003479004,0.018636345863342285,4.880386702115174,5.040289677666358,1.0327644068618338,0.0038186207366037693,torch.bfloat16,torch.float32,1x24x256x256x32
00889,dec1.4#0,1,-2.259843349456787,7.9999098777771,-2.004487991333008,9.042780876159668,0.2553553581237793,2.8284111931925846,3.0071216929415523,1.063184059014859,0.09028226119963326,torch.bfloat16,torch.float32,1x24x256x256x32
00889,dec1.4#0,2,-0.21674641966819763,135.03538513183594,-0.09842722862958908,154.58566284179688,0.11831919103860855,11.620472672479202,12.433248281997624,1.0699434207563105,0.010181960267315479,torch.bfloat16,torch.float32,1x24x256x256x32
00889,dec1.4#0,3,-3.1733815670013428,22.18019676208496,-2.9294517040252686,26.1330623626709,0.24392986297607422,4.709585625305581,5.112050700322807,1.085456578781517,0.051794336568675686,torch.bfloat16,torch.float32,1x24x256x256x32
00889,dec1.4#0,4,-1.482308268547058,11.931419372558594,-1.7683366537094116,11.534698486328125,-0.2860283851623535,3.45418867066618,3.39627715098873,0.9832344074979896,0.08280624263271341,torch.bfloat16,torch.float32,1x24x256x256x32
00889,dec1.4#0,5,-0.1165350079536438,189.0349578857422,-0.11022777855396271,214.68312072753906,0.006307229399681091,13.748998432094687,14.652068820734465,1.065682630854893,0.00045874100799647645,torch.bfloat16,torch.float32,1x24x256x256x32
00889,dec1.4#0,6,-0.9524494409561157,5.44119119644165,-0.8361894488334656,4.973761558532715,0.11625999212265015,2.3326361045910375,2.2301931661927212,0.9560827605314474,0.04984060389609424,torch.bfloat16,torch.float32,1x24x256x256x32
00889,dec1.4#0,7,-0.6197428703308105,15.782299995422363,-0.32630908489227295,14.508679389953613,0.2934337854385376,3.9726942992662253,3.8090260421731976,0.9588016986045823,0.07386266431140603,torch.bfloat16,torch.float32,1x24x256x256x32
01771,enc1.1#0,0,0.015382489189505577,0.15660348534584045,0.014863166026771069,0.16542737185955048,-0.0005193231627345085,0.39573158244678985,0.40672763842595017,1.0277866525364798,0.0013123116419557865,torch.bfloat16,torch.float32,1x24x256x256x32
01771,enc1.1#0,1,-0.7412254810333252,0.7666694521903992,-0.7608844637870789,0.7955441474914551,-0.019658982753753662,0.8755966264156111,0.8919328155704639,1.018657208881363,0.02245209970055586,torch.bfloat16,torch.float32,1x24x256x256x32
01771,enc1.1#0,2,-0.27329033613204956,0.027924897149205208,-0.2820485532283783,0.028201831504702568,-0.008758217096328735,0.1671074419324442,0.1679340093748213,1.0049463233523213,0.05241069455105046,torch.bfloat16,torch.float32,1x24x256x256x32
01771,enc1.1#0,3,0.1180526465177536,0.016416465863585472,0.12077665328979492,0.016767889261245728,0.002724006772041321,0.128126757016579,0.12949088485776028,1.010646705441899,0.02126024911165782,torch.bfloat16,torch.float32,1x24x256x256x32
01771,enc1.1#0,4,-0.06696440279483795,0.0910383090376854,-0.06787886470556259,0.09308811277151108,-0.0009144619107246399,0.3017255525103656,0.30510344601710265,1.0111952517068339,0.003030773837735285,torch.bfloat16,torch.float32,1x24x256x256x32
01771,enc1.1#0,5,-0.4669077396392822,0.1852458268404007,-0.4788900315761566,0.18941503763198853,-0.01198229193687439,0.43040193638086793,0.4352183792442462,1.0111905696890642,0.027839772370984672,torch.bfloat16,torch.float32,1x24x256x256x32
01771,enc1.1#0,6,-0.25515836477279663,0.07656242698431015,-0.2615755796432495,0.07971448451280594,-0.006417214870452881,0.2766991633241961,0.2823375364927695,1.020377268585981,0.023192028459204685,torch.bfloat16,torch.float32,1x24x256x256x32
01771,enc1.1#0,7,0.06945526599884033,0.024789681658148766,0.07119058817625046,0.02706613391637802,0.0017353221774101257,0.15744739330375962,0.1645178832722389,1.044906999221247,0.01102159991980438,torch.bfloat16,torch.float32,1x24x256x256x32
01771,enc1.4#0,0,-0.05998767539858818,21.660131454467773,-0.041808661073446274,23.00493621826172,0.018179014325141907,4.654044633914438,4.796346132032354,1.0305758773951053,0.0039060678947231853,torch.bfloat16,torch.float32,1x24x256x256x32
01771,enc1.4#0,1,0.15251483023166656,9.55573558807373,0.17594806849956512,10.471489906311035,0.02343323826789856,3.0912352851366283,3.235968155948237,1.0468203994395113,0.0075805417920049535,torch.bfloat16,torch.float32,1x24x256x256x32
01771,enc1.4#0,2,0.6661655306816101,9.698792457580566,0.7363322973251343,10.490814208984375,0.07016676664352417,3.114288435193594,3.2389526407442846,1.0400297557997196,0.02253059345775157,torch.bfloat16,torch.float32,1x24x256x256x32
01771,enc1.4#0,3,-1.6344808340072632,16.287513732910156,-1.6954081058502197,17.84227752685547,-0.06092727184295654,4.035779197739906,4.224012017839849,1.0466410105402584,0.015096780288940655,torch.bfloat16,torch.float32,1x24x256x256x32
01771,enc1.4#0,4,-1.6915802955627441,9.543425559997559,-1.705350637435913,10.360753059387207,-0.013770341873168945,3.0892435255249073,3.2188123678442655,1.0419419321425436,0.004457512578529776,torch.bfloat16,torch.float32,1x24x256x256x32
01771,enc1.4#0,5,-0.6942213773727417,19.706554412841797,-0.6789669990539551,21.219167709350586,0.015254378318786621,4.439206507118338,4.606426783239975,1.0376689563446748,0.003436284906846749,torch.bfloat16,torch.float32,1x24x256x256x32
01771,enc1.4#0,6,0.401949018239975,9.845911979675293,0.4543319642543793,10.804142951965332,0.0523829460144043,3.13781962191508,3.2869656146612383,1.0475317292633703,0.016694059036584722,torch.bfloat16,torch.float32,1x24x256x256x32
01771,enc1.4#0,7,0.022403022274374962,16.99629020690918,0.06156419962644577,18.235891342163086,0.03916117735207081,4.122655722578491,4.2703502598924,1.0358250960673314,0.009499017135386138,torch.bfloat16,torch.float32,1x24x256x256x32
01771,enc2.1#0,0,-4.006038665771484,198.75274658203125,-4.1583051681518555,220.34254455566406,-0.1522665023803711,14.097969590761332,14.843939657505485,1.0529132980420812,0.010800598015203142,torch.bfloat16,torch.float32,1x48x128x128x16
01771,enc2.1#0,1,-2.1982650756835938,139.44361877441406,-2.354593276977539,149.0142822265625,-0.1563282012939453,11.808624762198775,12.207140624510004,1.0337478639838686,0.013238476490029214,torch.bfloat16,torch.float32,1x48x128x128x16
01771,enc2.1#0,2,-3.647887706756592,221.91163635253906,-3.7295596599578857,236.45521545410156,-0.08167195320129395,14.896698840768012,15.377100359108722,1.032248857513719,0.005482553824460834,torch.bfloat16,torch.float32,1x48x128x128x16
01771,enc2.1#0,3,1.5763486623764038,239.8826446533203,1.756730079650879,264.8257751464844,0.1803814172744751,15.48814529417,16.273468442421375,1.0507047895881365,0.011646418202337869,torch.bfloat16,torch.float32,1x48x128x128x16
01771,enc2.1#0,4,-5.627554893493652,213.607177734375,-5.886465072631836,237.21942138671875,-0.2589101791381836,14.615306282605747,15.401929144971378,1.0538218527313261,0.017715001939187743,torch.bfloat16,torch.float32,1x48x128x128x16
01771,enc2.1#0,5,1.4808235168457031,279.48175048828125,1.6879088878631592,306.8530578613281,0.20708537101745605,16.717707692392555,17.51722175064665,1.0478243831609713,0.012387186977296589,torch.bfloat16,torch.float32,1x48x128x128x16
01771,enc2.1#0,6,-2.122333288192749,286.1117248535156,-2.0856287479400635,313.8337097167969,0.03670454025268555,16.914837417294784,17.71535237348659,1.0473261986765128,0.002169961161740552,torch.bfloat16,torch.float32,1x48x128x128x16
01771,enc2.1#0,7,-3.0493693351745605,202.63661193847656,-3.1353557109832764,224.6597137451172,-0.08598637580871582,14.235048715704368,14.988652832897198,1.0529400448318411,0.006040469374288412,torch.bfloat16,torch.float32,1x48x128x128x16
01771,enc2.4#0,0,-1.9823931455612183,12.877941131591797,-2.0940206050872803,14.22192096710205,-0.11162745952606201,3.588584836894872,3.7711962249533038,1.0508867412526999,0.031106261827336633,torch.bfloat16,torch.float32,1x48x128x128x16
01771,enc2.4#0,1,-3.08659029006958,10.712218284606934,-3.283048629760742,10.813750267028809,-0.1964583396911621,3.272952533204069,3.288426716080018,1.0047278971262075,0.06002480564508477,torch.bfloat16,torch.float32,1x48x128x128x16
01771,enc2.4#0,2,-1.6809890270233154,14.151360511779785,-1.753166913986206,14.908222198486328,-0.07217788696289062,3.7618294102444074,3.861116703556929,1.0263933534684315,0.019186911231628974,torch.bfloat16,torch.float32,1x48x128x128x16
01771,enc2.4#0,3,-2.5440125465393066,12.093449592590332,-2.6773133277893066,13.316363334655762,-0.13330078125,3.4775637438572327,3.6491592640847785,1.0493436016897324,0.03833165717967426,torch.bfloat16,torch.float32,1x48x128x128x16
01771,enc2.4#0,4,-1.0419502258300781,8.61967945098877,-1.088391900062561,9.087153434753418,-0.04644167423248291,2.935929060959881,3.014490576325197,1.02675865585786,0.015818391135547102,torch.bfloat16,torch.float32,1x48x128x128x16
01771,enc2.4#0,5,-2.9297709465026855,24.543973922729492,-3.07698130607605,26.997671127319336,-0.14721035957336426,4.954187513884541,5.19592832199592,1.0487952479460818,0.029714329375057854,torch.bfloat16,torch.float32,1x48x128x128x16
01771,enc2.4#0,6,-2.4662654399871826,17.558937072753906,-2.602609157562256,19.31626319885254,-0.13634371757507324,4.190338539158132,4.395027098762025,1.0488477381221366,0.03253763778295241,torch.bfloat16,torch.float32,1x48x128x128x16
01771,enc2.4#0,7,-1.7783455848693848,8.506855964660645,-1.8554480075836182,8.535836219787598,-0.0771024227142334,2.9166514986642893,2.9216153442552284,1.0017018987675463,0.026435253834591912,torch.bfloat16,torch.float32,1x48x128x128x16
01771,enc3.1#0,0,-18.375686645507812,435.5349426269531,-19.671751022338867,367.1813659667969,-1.2960643768310547,20.869473942266804,19.16197708919403,0.918182084618118,0.062103356338376325,torch.bfloat16,torch.float32,1x96x64x64x8
01771,enc3.1#0,1,-13.468448638916016,1634.9957275390625,-13.413808822631836,1683.3463134765625,0.05463981628417969,40.43508040722885,41.0286036013482,1.0146784225019927,0.001351297332264272,torch.bfloat16,torch.float32,1x96x64x64x8
01771,enc3.1#0,2,-32.34342956542969,1641.8173828125,-34.9138298034668,1943.3306884765625,-2.5704002380371094,40.519345784606394,44.083224569858345,1.0879549932567247,0.06343637065862065,torch.bfloat16,torch.float32,1x96x64x64x8
01771,enc3.1#0,3,-32.498939514160156,653.4164428710938,-34.679664611816406,583.3814086914062,-2.18072509765625,25.562011714086466,24.15328981094307,0.944890022002177,0.08531116885665603,torch.bfloat16,torch.float32,1x96x64x64x8
01771,enc3.1#0,4,-27.605880737304688,905.648193359375,-29.618858337402344,813.33154296875,-2.0129776000976562,30.093989322776316,28.518968125946458,0.9476632632537747,0.06688968944951926,torch.bfloat16,torch.float32,1x96x64x64x8
01771,enc3.1#0,5,-29.843671798706055,952.9721069335938,-32.2485466003418,1122.8817138671875,-2.404874801635742,30.87024630503608,33.509427238721756,1.0854927073664173,0.0779026761844598,torch.bfloat16,torch.float32,1x96x64x64x8
01771,enc3.1#0,6,-19.364017486572266,804.050537109375,-19.076154708862305,796.70068359375,0.28786277770996094,28.35578489672566,28.225886763638623,0.9954189900381831,0.010151818359406494,torch.bfloat16,torch.float32,1x96x64x64x8
01771,enc3.1#0,7,-28.7517147064209,1064.555419921875,-31.275745391845703,1148.0010986328125,-2.5240306854248047,32.627525494923376,33.88216490475207,1.0384534037073667,0.07735893688344607,torch.bfloat16,torch.float32,1x96x64x64x8
01771,enc3.4#0,0,-7.479364395141602,73.83944702148438,-9.699579238891602,85.6158218383789,-2.22021484375,8.592988247489018,9.252881812623508,1.0767944219320118,0.2583751751782944,torch.bfloat16,torch.float32,1x96x64x64x8
01771,enc3.4#0,1,-3.530714750289917,47.78350830078125,-5.1167073249816895,37.929996490478516,-1.5859925746917725,6.912561630884838,6.158733351142791,0.890948056596849,0.22943630153048755,torch.bfloat16,torch.float32,1x96x64x64x8
01771,enc3.4#0,2,-2.3212509155273438,61.91148376464844,-3.945199728012085,68.3857650756836,-1.6239488124847412,7.868385079839982,8.269568614848273,1.0509867693227402,0.20638908696087446,torch.bfloat16,torch.float32,1x96x64x64x8
01771,enc3.4#0,3,-6.295342922210693,83.47653198242188,-8.00064468383789,101.74945068359375,-1.7053017616271973,9.136549238220187,10.0870932722759,1.1040375320344555,0.18664615241097224,torch.bfloat16,torch.float32,1x96x64x64x8
01771,enc3.4#0,4,-7.481048583984375,97.737548828125,-8.760738372802734,128.77725219726562,-1.2796897888183594,9.886230263762068,11.348006529662626,1.1478598239066606,0.1294416329254495,torch.bfloat16,torch.float32,1x96x64x64x8
01771,enc3.4#0,5,-7.440240383148193,101.04183959960938,-8.767572402954102,129.15428161621094,-1.3273320198059082,10.05195700346999,11.36460653151753,1.1305864646649808,0.13204712468902383,torch.bfloat16,torch.float32,1x96x64x64x8
01771,enc3.4#0,6,-6.943673610687256,111.05927276611328,-7.977756500244141,148.4932403564453,-1.0340828895568848,10.538466338424831,12.185780252263099,1.156314387780688,0.0981246090606622,torch.bfloat16,torch.float32,1x96x64x64x8
01771,enc3.4#0,7,-5.817682266235352,47.6467399597168,-7.937089920043945,41.31447219848633,-2.1194076538085938,6.902661802501757,6.427633483521468,0.9311818639574487,0.3070420823805172,torch.bfloat16,torch.float32,1x96x64x64x8
01771,dec2.1#0,0,-13.512138366699219,68.47227478027344,-14.729411125183105,64.19560241699219,-1.2172727584838867,8.274797567328969,8.01221582441413,0.9682672910390485,0.14710604683430478,torch.bfloat16,torch.float32,1x48x128x128x16
01771,dec2.1#0,1,-9.304410934448242,118.43630981445312,-7.770667552947998,93.42211151123047,1.5337433815002441,10.882844748247267,9.665511445921032,0.8881419949942507,0.14093221184169338,torch.bfloat16,torch.float32,1x48x128x128x16
01771,dec2.1#0,2,-9.357791900634766,98.68862915039062,-7.446122646331787,45.951263427734375,1.9116692543029785,9.934215074699694,6.778736123182136,0.6823625291187944,0.19243284345348918,torch.bfloat16,torch.float32,1x48x128x128x16
01771,dec2.1#0,3,-3.694211959838867,146.1344757080078,-2.5128579139709473,175.47288513183594,1.18135404586792,12.088609337223525,13.246617875210108,1.0957933626344276,0.09772456143737454,torch.bfloat16,torch.float32,1x48x128x128x16
01771,dec2.1#0,4,-9.082895278930664,77.70955657958984,-7.240048885345459,35.61781311035156,1.842846393585205,8.815302409990814,5.968066111426009,0.6770120676361718,0.209050842260002,torch.bfloat16,torch.float32,1x48x128x128x16
01771,dec2.1#0,5,-11.469552993774414,98.61255645751953,-11.926567077636719,82.4212417602539,-0.4570140838623047,9.930385514043225,9.07861452867418,0.9142257887002978,0.046021786688544,torch.bfloat16,torch.float32,1x48x128x128x16
01771,dec2.1#0,6,-2.777857780456543,112.52558135986328,1.1444745063781738,89.6478042602539,3.922332286834717,10.60780756612144,9.468252439613865,0.8925739254408219,0.36975899707698495,torch.bfloat16,torch.float32,1x48x128x128x16
01771,dec2.1#0,7,-5.873776912689209,110.18250274658203,-3.533337354660034,97.21810913085938,2.340439558029175,10.496785352982219,9.85992439782676,0.9393280005507094,0.2229672684851308,torch.bfloat16,torch.float32,1x48x128x128x16
01771,dec2.4#0,0,-8.267718315124512,86.13623809814453,-10.830957412719727,53.17093276977539,-2.563239097595215,9.280961054661555,7.291840149768465,0.7856772705781355,0.2761825076625847,torch.bfloat16,torch.float32,1x48x128x128x16
01771,dec2.4#0,1,-4.900756359100342,80.12652587890625,-5.799409866333008,89.58856964111328,-0.898653507232666,8.951342127240263,9.465123857674197,1.057397172751382,0.10039315830616394,torch.bfloat16,torch.float32,1x48x128x128x16
01771,dec2.4#0,2,-6.9283905029296875,110.3314208984375,-8.335390090942383,120.0498275756836,-1.4069995880126953,10.50387647006749,10.95672522132793,1.0431125358862423,0.13395050789317356,torch.bfloat16,torch.float32,1x48x128x128x16
01771,dec2.4#0,3,-8.907882690429688,115.41842651367188,-10.751986503601074,96.47977447509766,-1.8441038131713867,10.743296817721824,9.822411846135228,0.9142828326154472,0.17165157441516535,torch.bfloat16,torch.float32,1x48x128x128x16
01771,dec2.4#0,4,-2.403590202331543,38.68412780761719,-1.6607178449630737,32.6600227355957,0.7428723573684692,6.21965656669379,5.714894814044761,0.9188441118514445,0.11943944965491256,torch.bfloat16,torch.float32,1x48x128x128x16
01771,dec2.4#0,5,-4.015316009521484,95.42730712890625,-5.428798198699951,91.74615478515625,-1.4134821891784668,9.768690143970494,9.578421309649949,0.9805225847563622,0.14469516059437174,torch.bfloat16,torch.float32,1x48x128x128x16
01771,dec2.4#0,6,-6.4695329666137695,58.104801177978516,-7.866168975830078,38.347110748291016,-1.3966360092163086,7.622650534950328,6.192504400344905,0.8123820411222955,0.18322183377194656,torch.bfloat16,torch.float32,1x48x128x128x16
01771,dec2.4#0,7,-2.4826436042785645,41.16156768798828,-1.1946755647659302,23.710145950317383,1.2879680395126343,6.4157281494767435,4.86930651636528,0.7589639714959576,0.20075165429471617,torch.bfloat16,torch.float32,1x48x128x128x16
01771,dec1.1#0,0,-1.8388727903366089,22.86163902282715,-0.8373696208000183,25.33935546875,1.0015031695365906,4.781384634478505,5.033821159790046,1.0527956950987007,0.2094588170787942,torch.bfloat16,torch.float32,1x24x256x256x32
01771,dec1.1#0,1,-1.5035579204559326,68.07609558105469,-1.632732629776001,72.8589859008789,-0.12917470932006836,8.25082393346596,8.535747530291586,1.0345327447444315,0.015655976949905098,torch.bfloat16,torch.float32,1x24x256x256x32
01771,dec1.1#0,2,-3.7652082443237305,30.265336990356445,-4.051385879516602,28.83307456970215,-0.2861776351928711,5.501394095168646,5.369643802870182,0.9760514716780302,0.05201911192731927,torch.bfloat16,torch.float32,1x24x256x256x32
01771,dec1.1#0,3,-0.5987042784690857,89.46485137939453,-0.4198402166366577,98.07787322998047,0.17886406183242798,9.458586119468096,9.903427347639829,1.047030414752596,0.018910232414576397,torch.bfloat16,torch.float32,1x24x256x256x32
01771,dec1.1#0,4,-1.5499719381332397,60.0174560546875,-1.814164161682129,64.08606719970703,-0.26419222354888916,7.747093393956697,8.005377392709667,1.0333394714144597,0.03410210902517046,torch.bfloat16,torch.float32,1x24x256x256x32
01771,dec1.1#0,5,-2.937642812728882,39.33842849731445,-2.9067115783691406,41.6014289855957,0.03093123435974121,6.272035434953668,6.449916975093222,1.0283610547141093,0.004931610269190021,torch.bfloat16,torch.float32,1x24x256x256x32
01771,dec1.1#0,6,-1.1173064708709717,23.474563598632812,-0.7807269096374512,27.283788681030273,0.3365795612335205,4.845055582615417,5.223388620525021,1.0780864185061372,0.06946866872718743,torch.bfloat16,torch.float32,1x24x256x256x32
01771,dec1.1#0,7,-0.7931152582168579,140.49131774902344,-0.5792984962463379,152.17930603027344,0.21381676197052002,11.852903346818595,12.336097682422649,1.0407659053200453,0.01803918885645094,torch.bfloat16,torch.float32,1x24x256x256x32
01771,dec1.4#0,0,-1.1011767387390137,27.369539260864258,-1.1524572372436523,27.95691680908203,-0.05128049850463867,5.231590509669527,5.287430076046588,1.0106735353758773,0.009802085696473594,torch.bfloat16,torch.float32,1x24x256x256x32
01771,dec1.4#0,1,-1.5678491592407227,7.85948371887207,-1.4593324661254883,8.778494834899902,0.10851669311523438,2.8034770765733166,2.9628524828111003,1.0568491918730392,0.03870789385867712,torch.bfloat16,torch.float32,1x24x256x256x32
01771,dec1.4#0,2,-0.36501461267471313,174.693359375,-0.21337203681468964,181.3694305419922,0.1516425758600235,13.217161547586532,13.467346826379433,1.0189288205256586,0.01147315747893795,torch.bfloat16,torch.float32,1x24x256x256x32
01771,dec1.4#0,3,-2.1813626289367676,28.85078239440918,-2.2143659591674805,30.141855239868164,-0.03300333023071289,5.37129243240481,5.490159855584185,1.022130134353187,0.006144392740861587,torch.bfloat16,torch.float32,1x24x256x256x32
01771,dec1.4#0,4,-1.7742929458618164,8.290958404541016,-2.114164352416992,8.70842456817627,-0.3398714065551758,2.8794024387954207,2.9510039932498007,1.0248668103803975,0.11803539580849934,torch.bfloat16,torch.float32,1x24x256x256x32
01771,dec1.4#0,5,-0.44026631116867065,238.18092346191406,-0.3873072564601898,246.5859832763672,0.052959054708480835,15.433111269666725,15.703056494719975,1.0174913029742627,0.003431521602035626,torch.bfloat16,torch.float32,1x24x256x256x32
01771,dec1.4#0,6,-0.6893181800842285,5.171754360198975,-0.5883036851882935,4.590083599090576,0.10101449489593506,2.2741491508251994,2.142448038830948,0.9420877421577815,0.044418588314350825,torch.bfloat16,torch.float32,1x24x256x256x32
01771,dec1.4#0,7,-0.24377481639385223,11.214862823486328,0.02234189584851265,11.029170989990234,0.2661167122423649,3.3488599289140666,3.3210195708532395,0.9916866161464523,0.07946486801215913,torch.bfloat16,torch.float32,1x24x256x256x32
uniform_256x256x32,enc1.1#0,0,0.03683805465698242,0.08217902481555939,0.0372721366584301,0.08501440286636353,0.0004340820014476776,0.2866688417243133,0.291572294408031,1.0171049377191586,0.0015142280508641053,torch.bfloat16,torch.float32,1x24x256x256x32
uniform_256x256x32,enc1.1#0,1,-0.7442893981933594,0.7625929713249207,-0.7639974355697632,0.7910221219062805,-0.01970803737640381,0.8732656934317989,0.8893942443631399,1.0184692368572938,0.02256820292453523,torch.bfloat16,torch.float32,1x24x256x256x32
uniform_256x256x32,enc1.1#0,2,-0.2685925364494324,0.010024793446063995,-0.2770182490348816,0.009151672013103962,-0.008425712585449219,0.1001238904860573,0.0956643717018199,0.9554599929888022,0.08415286845672998,torch.bfloat16,torch.float32,1x24x256x256x32
uniform_256x256x32,enc1.1#0,3,0.11602538824081421,0.0012232278240844607,0.1184895858168602,0.0007892187568359077,0.00246419757604599,0.03497467403828749,0.02809303751529741,0.8032394379013623,0.07045662736837469,torch.bfloat16,torch.float32,1x24x256x256x32
uniform_256x256x32,enc1.1#0,4,-0.05154871195554733,0.06126171723008156,-0.0517578125,0.060850147157907486,-0.00020910054445266724,0.24751104466282217,0.2466782259501383,0.9966352260610495,0.0008448129849620223,torch.bfloat16,torch.float32,1x24x256x256x32
uniform_256x256x32,enc1.1#0,5,-0.4650765657424927,0.18128865957260132,-0.4768880307674408,0.18493038415908813,-0.01181146502494812,0.4257800600927682,0.4300353289662236,1.0099940539078516,0.027740766024540134,torch.bfloat16,torch.float32,1x24x256x256x32
uniform_256x256x32,enc1.1#0,6,-0.2508695721626282,0.06475911289453506,-0.2569173276424408,0.06714963167905807,-0.006047755479812622,0.2544781186949775,0.2591324597171456,1.018289749413571,0.023765326114586618,torch.bfloat16,torch.float32,1x24x256x256x32
uniform_256x256x32,enc1.1#0,7,0.06648876518011093,0.0016076451865956187,0.0680745467543602,0.0015122125623747706,0.0015857815742492676,0.04009545094640561,0.038887177351599723,0.9698650703188012,0.03955016184676247,torch.bfloat16,torch.float32,1x24x256x256x32
uniform_256x256x32,enc1.4#0,0,-0.2674698531627655,18.66642189025879,-0.2135416716337204,20.974008560180664,0.053928181529045105,4.320465471480913,4.57973891834247,1.0600105355714569,0.012482030439780438,torch.bfloat16,torch.float32,1x24x256x256x32
uniform_256x256x32,enc1.4#0,1,0.7233168482780457,1.686875343322754,0.7552083730697632,1.7816396951675415,0.03189152479171753,1.2987976529555147,1.3347807667057319,1.0277049420811124,0.024554652311809998,torch.bfloat16,torch.float32,1x24x256x256x32
uniform_256x256x32,enc1.4#0,2,1.1607104539871216,0.5466037392616272,1.154296875,0.45845291018486023,-0.006413578987121582,0.7393265444048571,0.6770915079846004,0.915821991119831,0.008674893436004496,torch.bfloat16,torch.float32,1x24x256x256x32
uniform_256x256x32,enc1.4#0,3,-2.3896398544311523,20.499053955078125,-2.5042319297790527,23.061628341674805,-0.11459207534790039,4.527588094678902,4.802252423777285,1.0606646018486499,0.025309739523914732,torch.bfloat16,torch.float32,1x24x256x256x32
uniform_256x256x32,enc1.4#0,4,-2.3810746669769287,0.9078564047813416,-2.4075522422790527,1.0413854122161865,-0.026477575302124023,0.9528149897967294,1.0204829308793884,1.0710189720011594,0.02778878962407242,torch.bfloat16,torch.float32,1x24x256x256x32
uniform_256x256x32,enc1.4#0,5,-1.2628815174102783,7.448967456817627,-1.2239583730697632,8.568412780761719,0.03892314434051514,2.729279658960882,2.9271851292259803,1.0725119793478572,0.014261325039638605,torch.bfloat16,torch.float32,1x24x256x256x32
uniform_256x256x32,enc1.4#0,6,0.8102904558181763,3.895104169845581,0.8014323115348816,4.627381324768066,-0.008858144283294678,1.9736018265713025,2.151134892276183,1.0899538414054395,0.00448831378449003,torch.bfloat16,torch.float32,1x24x256x256x32
uniform_256x256x32,enc1.4#0,7,-0.056766390800476074,3.038770914077759,-0.05078125,2.8651225566864014,0.005985140800476074,1.7432070772222554,1.6926672906056883,0.9710075829332332,0.003433407814069459,torch.bfloat16,torch.float32,1x24x256x256x32
uniform_256x256x32,enc2.1#0,0,-7.061683654785156,98.53619384765625,-7.895833492279053,117.14929962158203,-0.8341498374938965,9.926539872868906,10.823553003592767,1.09036513651404,0.08403228599058815,torch.bfloat16,torch.float32,1x48x128x128x16
uniform_256x256x32,enc2.1#0,1,-4.809554576873779,144.37562561035156,-5.4401044845581055,171.08290100097656,-0.6305499076843262,12.01564087389231,13.079866245530821,1.0885700049467082,0.052477426239859626,torch.bfloat16,torch.float32,1x48x128x128x16
uniform_256x256x32,enc2.1#0,2,-6.61064338684082,220.13990783691406,-7.2955732345581055,266.95440673828125,-0.6849298477172852,14.837112516824629,16.338739447652664,1.101207490953867,0.04616328459736388,torch.bfloat16,torch.float32,1x48x128x128x16
uniform_256x256x32,enc2.1#0,3,4.66738748550415,121.0006103515625,5.4166669845581055,149.93731689453125,0.7492794990539551,11.000027743217855,12.244889419448885,1.1131689578690889,0.06811614629935171,torch.bfloat16,torch.float32,1x48x128x128x16
uniform_256x256x32,enc2.1#0,4,-10.517695426940918,56.76683044433594,-11.75,60.55078125,-1.232304573059082,7.534376579673725,7.781438250734886,1.0327912559783228,0.16355760294535832,torch.bfloat16,torch.float32,1x48x128x128x16
uniform_256x256x32,enc2.1#0,5,4.6264472007751465,231.339599609375,5.2604169845581055,287.1971740722656,0.633969783782959,15.209852057445366,16.94689275567252,1.1142049700198664,0.04168152204167067,torch.bfloat16,torch.float32,1x48x128x128x16
uniform_256x256x32,enc2.1#0,6,-2.845132827758789,17.484397888183594,-2.9869792461395264,13.061495780944824,-0.1418464183807373,4.181434907801817,3.614069144460967,0.8643131422942286,0.033922904818170674,torch.bfloat16,torch.float32,1x48x128x128x16
uniform_256x256x32,enc2.1#0,7,-4.361369609832764,122.0938949584961,-4.895833492279053,150.9126434326172,-0.5344638824462891,11.049610624745837,12.284650724893126,1.1117722734393365,0.048369476590364724,torch.bfloat16,torch.float32,1x48x128x128x16
uniform_256x256x32,enc2.4#0,0,-4.914541721343994,50.5996208190918,-5.390625,55.151607513427734,-0.47608327865600586,7.1133410447617225,7.426412829450551,1.0440119182700196,0.06692822341290587,torch.bfloat16,torch.float32,1x48x128x128x16
uniform_256x256x32,enc2.4#0,1,-7.293630123138428,25.265226364135742,-7.8984375,23.815574645996094,-0.6048073768615723,5.02645266208046,4.880120351589302,0.970887558218724,0.12032489262740638,torch.bfloat16,torch.float32,1x48x128x128x16
uniform_256x256x32,enc2.4#0,2,-4.432597637176514,45.29319381713867,-4.9010419845581055,46.612117767333984,-0.4684443473815918,6.730021828875347,6.827306772610557,1.0144553682304278,0.06960517503401226,torch.bfloat16,torch.float32,1x48x128x128x16
uniform_256x256x32,enc2.4#0,3,-7.514919281005859,26.228517532348633,-8.270833969116211,26.171770095825195,-0.7559146881103516,5.121378479701401,5.11583522954221,0.998917625365678,0.1475998485771793,torch.bfloat16,torch.float32,1x48x128x128x16
uniform_256x256x32,enc2.4#0,4,-3.459181547164917,7.451920032501221,-3.859375,4.4501953125,-0.400193452835083,2.729820512872819,2.109548603967209,0.7727792336600013,0.14660064680000734,torch.bfloat16,torch.float32,1x48x128x128x16
uniform_256x256x32,enc2.4#0,5,-7.565044403076172,73.8584213256836,-8.2421875,80.3851547241211,-0.6771430969238281,8.594092233952553,8.965776861160503,1.0432488524779313,0.07879169532864086,torch.bfloat16,torch.float32,1x48x128x128x16
uniform_256x256x32,enc2.4#0,6,-6.657465934753418,39.51609802246094,-7.2994794845581055,38.63447189331055,-0.6420135498046875,6.286183104433161,6.215663431469769,0.9887817978267831,0.1021309018746089,torch.bfloat16,torch.float32,1x48x128x128x16
uniform_256x256x32,enc2.4#0,7,-4.992592811584473,25.14855194091797,-5.4635419845581055,24.75762176513672,-0.4709491729736328,5.014833191734095,4.975703142786627,0.9921971384787105,0.09391123392696175,torch.bfloat16,torch.float32,1x48x128x128x16
uniform_256x256x32,enc3.1#0,0,-26.137969970703125,538.6524047851562,-28.78125,300.1461486816406,-2.643280029296875,23.20888633228997,17.32472651102004,0.7464695316688487,0.11389086022707356,torch.bfloat16,torch.float32,1x96x64x64x8
uniform_256x256x32,enc3.1#0,1,-18.363773345947266,2040.9046630859375,-18.6640625,2080.027099609375,-0.3002891540527344,45.17637284118699,45.60731410211935,1.0095390850090444,0.006647039927449926,torch.bfloat16,torch.float32,1x96x64x64x8
uniform_256x256x32,enc3.1#0,2,-44.219635009765625,1746.8331298828125,-52.296226501464844,2463.92236328125,-8.076591491699219,41.79513284920641,49.63791255966804,1.1876481584293024,0.19324239309966865,torch.bfloat16,torch.float32,1x96x64x64x8
uniform_256x256x32,enc3.1#0,3,-44.96996307373047,884.2420043945312,-49.79166793823242,622.3992919921875,-4.821704864501953,29.73620696044691,24.94793161751466,0.8389749119885636,0.1621492906245729,torch.bfloat16,torch.float32,1x96x64x64x8
uniform_256x256x32,enc3.1#0,4,-38.4073486328125,1170.4620361328125,-43.328125,841.9317016601562,-4.9207763671875,34.21201596124982,29.016059375114263,0.8481248052724882,0.14383181548731325,torch.bfloat16,torch.float32,1x96x64x64x8
uniform_256x256x32,enc3.1#0,5,-40.8492546081543,770.8245239257812,-48.536460876464844,1052.9781494140625,-7.687206268310547,27.763726765796072,32.44962479619853,1.1687777030054667,0.27687948138795665,torch.bfloat16,torch.float32,1x96x64x64x8
uniform_256x256x32,enc3.1#0,6,-26.808513641357422,676.3724975585938,-26.359375,566.4883422851562,0.4491386413574219,26.00716242804266,23.801015572558164,0.9151715662333973,0.01726980567757483,torch.bfloat16,torch.float32,1x96x64x64x8
uniform_256x256x32,enc3.1#0,7,-39.881832122802734,1183.3504638671875,-47.16666793823242,1331.8367919921875,-7.2848358154296875,34.39986139313918,36.494339177359926,1.0608862274264417,0.21176933628234323,torch.bfloat16,torch.float32,1x96x64x64x8
uniform_256x256x32,enc3.4#0,0,-9.618073463439941,94.71068572998047,-13.776041984558105,117.07125091552734,-4.157968521118164,9.731941519038248,10.819946899847862,1.1117973611618184,0.4272496410900209,torch.bfloat16,torch.float32,1x96x64x64x8
uniform_256x256x32,enc3.4#0,1,-4.4544854164123535,59.64139938354492,-7.141927242279053,33.16615676879883,-2.687441825866699,7.722784432026115,5.759006578290984,0.7457163447950957,0.3479887143712017,torch.bfloat16,torch.float32,1x96x64x64x8
uniform_256x256x32,enc3.4#0,2,-2.9397454261779785,23.9703369140625,-5.657552242279053,3.194598913192749,-2.717806816101074,4.895951073495578,1.787344094793375,0.3650657590246831,0.5551131486615598,torch.bfloat16,torch.float32,1x96x64x64x8
uniform_256x256x32,enc3.4#0,3,-8.07181167602539,119.18778228759766,-11.255208969116211,155.23240661621094,-3.1833972930908203,10.917315708890975,12.459229776202498,1.141235639641327,0.2915915759858705,torch.bfloat16,torch.float32,1x96x64x64x8
uniform_256x256x32,enc3.4#0,4,-9.823307037353516,126.98249053955078,-12.458333969116211,183.94944763183594,-2.6350269317626953,11.268650786121237,13.562796453233233,1.2035865438245301,0.23383695011722813,torch.bfloat16,torch.float32,1x96x64x64x8
uniform_256x256x32,enc3.4#0,5,-9.658312797546387,140.17669677734375,-12.375,198.1746368408203,-2.7166872024536133,11.839624013343656,14.077451361692582,1.189011690390406,0.22945721919816162,torch.bfloat16,torch.float32,1x96x64x64x8
uniform_256x256x32,enc3.4#0,6,-9.020036697387695,142.9821319580078,-11.319010734558105,204.1950225830078,-2.29897403717041,11.95751361939462,14.289682382159787,1.1950379348916218,0.19226187904495162,torch.bfloat16,torch.float32,1x96x64x64x8
uniform_256x256x32,enc3.4#0,7,-7.20612096786499,30.844999313354492,-11.026041984558105,8.351861000061035,-3.8199210166931152,5.5538274472074205,2.889958650233777,0.5203544182286233,0.6877997296465973,torch.bfloat16,torch.float32,1x96x64x64x8
uniform_256x256x32,dec2.1#0,0,-17.607894897460938,97.16271209716797,-18.83200454711914,83.60165405273438,-1.2241096496582031,9.857114795779136,9.143394011675007,0.9275933375139601,0.12418539045343904,torch.bfloat16,torch.float32,1x48x128x128x16
uniform_256x256x32,dec2.1#0,1,-12.38326644897461,181.53538513183594,-10.031627655029297,119.49248504638672,2.3516387939453125,13.473506786721709,10.931261823155948,0.811315271977213,0.17453799008457685,torch.bfloat16,torch.float32,1x48x128x128x16
uniform_256x256x32,dec2.1#0,2,-13.034895896911621,164.53878784179688,-10.41589641571045,57.740108489990234,2.618999481201172,12.827267356759851,7.59869123533719,0.5923858156221208,0.20417438947516622,torch.bfloat16,torch.float32,1x48x128x128x16
uniform_256x256x32,dec2.1#0,3,-5.660035610198975,231.77525329589844,-4.35391902923584,261.40667724609375,1.3061165809631348,15.224166752104972,16.168075867155427,1.0620007078495737,0.08579231968689152,torch.bfloat16,torch.float32,1x48x128x128x16
uniform_256x256x32,dec2.1#0,4,-12.679540634155273,125.90906524658203,-10.214818954467773,59.76456069946289,2.4647216796875,11.22092087337675,7.730754212847728,0.6889589811822,0.21965413601083375,torch.bfloat16,torch.float32,1x48x128x128x16
uniform_256x256x32,dec2.1#0,5,-14.803695678710938,153.61524963378906,-14.873529434204102,132.7332763671875,-0.06983375549316406,12.394161917362103,11.520992855096626,0.9295499713423692,0.0056344072280788025,torch.bfloat16,torch.float32,1x48x128x128x16
uniform_256x256x32,dec2.1#0,6,-5.101548194885254,186.9728240966797,-0.45497679710388184,101.76091766357422,4.646571397781372,13.673800645639078,10.087661654891793,0.7377364871930471,0.33981564586165597,torch.bfloat16,torch.float32,1x48x128x128x16
uniform_256x256x32,dec2.1#0,7,-9.104249000549316,185.5218048095703,-6.532253265380859,137.4474639892578,2.571995735168457,13.620638928096227,11.72379904251424,0.8607378188647785,0.1888307698887036,torch.bfloat16,torch.float32,1x48x128x128x16
uniform_256x256x32,dec2.4#0,0,-9.001591682434082,100.4569091796875,-12.427512168884277,71.54083251953125,-3.4259204864501953,10.022819422681799,8.458181395520626,0.8438924257559333,0.3418120532728828,torch.bfloat16,torch.float32,1x48x128x128x16
uniform_256x256x32,dec2.4#0,1,-5.33038330078125,90.47811126708984,-6.914980888366699,107.07251739501953,-1.5845975875854492,9.511998279388504,10.347585099675166,1.0878455604956627,0.16658934758420899,torch.bfloat16,torch.float32,1x48x128x128x16
uniform_256x256x32,dec2.4#0,2,-7.534724712371826,122.90624237060547,-9.72249984741211,139.5155792236328,-2.187775135040283,11.08630878023003,11.81167131373172,1.0654286785512608,0.1973402670275335,torch.bfloat16,torch.float32,1x48x128x128x16
uniform_256x256x32,dec2.4#0,3,-9.78653335571289,126.62360382080078,-12.989921569824219,106.828125,-3.203388214111328,11.252715397662946,10.33576920214456,0.9185133398371716,0.2846769069425352,torch.bfloat16,torch.float32,1x48x128x128x16
uniform_256x256x32,dec2.4#0,4,-2.8264541625976562,41.16529083251953,-2.8446242809295654,35.3153190612793,-0.01817011833190918,6.416018300513141,5.942669354867331,0.9262238785060896,0.0028319929091311924,torch.bfloat16,torch.float32,1x48x128x128x16
uniform_256x256x32,dec2.4#0,5,-4.3966898918151855,107.29878997802734,-6.093493461608887,119.74800872802734,-1.6968035697937012,10.358512923099886,10.94294333020268,1.0564203000412822,0.16380764134683498,torch.bfloat16,torch.float32,1x48x128x128x16
uniform_256x256x32,dec2.4#0,6,-7.156970024108887,66.4520492553711,-9.52399730682373,46.59785842895508,-2.3670272827148438,8.151812636179214,6.82626240551556,0.8373919654653711,0.29036821482004505,torch.bfloat16,torch.float32,1x48x128x128x16
uniform_256x256x32,dec2.4#0,7,-3.1474127769470215,41.89622116088867,-3.081479549407959,24.118093490600586,0.0659332275390625,6.472729035027549,4.9110175616261635,0.7587244167104643,0.010186310470013654,torch.bfloat16,torch.float32,1x48x128x128x16
uniform_256x256x32,dec1.1#0,0,-5.435634613037109,34.16706466674805,-4.689661979675293,45.95743179321289,0.7459726333618164,5.845260017035003,6.779191086937503,1.1597757956328236,0.1276200940912479,torch.bfloat16,torch.float32,1x24x256x256x32
uniform_256x256x32,dec1.1#0,1,-1.2024891376495361,24.2807674407959,-1.3045920133590698,22.98448944091797,-0.10210287570953369,4.927551870939148,4.794214163021711,0.9729403745694059,0.020720811953639322,torch.bfloat16,torch.float32,1x24x256x256x32
uniform_256x256x32,dec1.1#0,2,-7.817523956298828,46.94990158081055,-8.545462608337402,51.01573181152344,-0.7279386520385742,6.851999823468368,7.142529790734053,1.0424007552175656,0.1062374008746112,torch.bfloat16,torch.float32,1x24x256x256x32
uniform_256x256x32,dec1.1#0,3,0.854188859462738,20.204919815063477,1.2718857526779175,26.19849967956543,0.41769689321517944,4.494988299769364,5.118446998803976,1.138700850248398,0.09292502346148739,torch.bfloat16,torch.float32,1x24x256x256x32
uniform_256x256x32,dec1.1#0,4,-2.792680501937866,39.85704803466797,-3.259782314300537,53.11403274536133,-0.4671018123626709,6.313243859908151,7.287937482262134,1.1543887174299907,0.07398760807086369,torch.bfloat16,torch.float32,1x24x256x256x32
uniform_256x256x32,dec1.1#0,5,-9.447835922241211,51.688053131103516,-10.068045616149902,60.23482131958008,-0.6202096939086914,7.189440390677394,7.761109541784608,1.0795151110576704,0.08626675515842963,torch.bfloat16,torch.float32,1x24x256x256x32
uniform_256x256x32,dec1.1#0,6,-2.404609441757202,49.77786636352539,-2.173809051513672,62.39894485473633,0.23080039024353027,7.055343107427547,7.8993002762736095,1.1196195785230605,0.032712851342488795,torch.bfloat16,torch.float32,1x24x256x256x32
uniform_256x256x32,dec1.1#0,7,-0.6167645454406738,2.7800939083099365,-0.30459505319595337,1.4481793642044067,0.31216949224472046,1.66736136104623,1.2034032425602013,0.7217411118397838,0.1872236574133165,torch.bfloat16,torch.float32,1x24x256x256x32
uniform_256x256x32,dec1.4#0,0,-2.729466199874878,15.130321502685547,-3.125375747680664,21.302953720092773,-0.39590954780578613,3.8897713946561883,4.615512292269708,1.1865767480861602,0.10178221484935879,torch.bfloat16,torch.float32,1x24x256x256x32
uniform_256x256x32,dec1.4#0,1,-2.8828182220458984,17.831193923950195,-3.2728400230407715,17.286561965942383,-0.39002180099487305,4.222699838249245,4.157711145082398,0.9846096820384487,0.09236313636646698,torch.bfloat16,torch.float32,1x24x256x256x32
uniform_256x256x32,dec1.4#0,2,-3.103970527648926,18.70258331298828,-2.010193347930908,7.671995162963867,1.0937771797180176,4.324648345586989,2.7698366671996864,0.6404767384210828,0.2529170217583455,torch.bfloat16,torch.float32,1x24x256x256x32
uniform_256x256x32,dec1.4#0,3,-5.056975841522217,19.21282196044922,-6.05341100692749,17.27979850769043,-0.9964351654052734,4.38324331522324,4.156897702336495,0.9483611571138123,0.22732828039561495,torch.bfloat16,torch.float32,1x24x256x256x32
uniform_256x256x32,dec1.4#0,4,-4.2009596824646,33.92443084716797,-5.434167385101318,44.6247444152832,-1.2332077026367188,5.824468288794091,6.680175477881042,1.1469159323492715,0.2117288036419277,torch.bfloat16,torch.float32,1x24x256x256x32
uniform_256x256x32,dec1.4#0,5,-2.45361590385437,18.18260383605957,-1.3490809202194214,1.1870510578155518,1.1045349836349487,4.264106452242904,1.0895187276112108,0.2555092701867534,0.2590308182981612,torch.bfloat16,torch.float32,1x24x256x256x32
uniform_256x256x32,dec1.4#0,6,-1.513322114944458,7.270498275756836,-0.8266929388046265,10.189255714416504,0.6866291761398315,2.6963861510838605,3.1920613581847865,1.1838294588858056,0.25464793900674376,torch.bfloat16,torch.float32,1x24x256x256x32
uniform_256x256x32,dec1.4#0,7,-1.5190761089324951,24.599769592285156,-1.4059680700302124,36.0186653137207,0.11310803890228271,4.959815479661028,6.001555241245447,1.2100359914307972,0.022804888481458778,torch.bfloat16,torch.float32,1x24x256x256x32
