block,K360-A-D,K360-A-R,K360-B-D,K360-B-R,K360-C0-D,K360-C0-R,K360-C3-D,K360-C3-R,K360-OR-D,K360-OR-R
0,0.10884112107222399,0.028766251293414764,0.10968613265065477,0.0300912597080051,0.07870864689342383,0.017951032738631217,0.08469904557310551,0.018709550429589942,0.10407574728231324,0.026835155847853696
1,0.09957161365211924,0.027872285173420795,0.08745085419484218,0.023455376537852804,0.0887065213756431,0.0205042437349073,0.09424885467759588,0.023378106422538313,0.09042362173835714,0.024762001435765495
2,0.15026711968143866,0.042528862998833794,0.13261654645651605,0.03761253574944965,0.12531813726314708,0.029982668402563983,0.12533685716649953,0.02962594430250807,0.15614558836421297,0.0458326120512028
3,0.1390066464766216,0.0372295804405843,0.14037878779559404,0.0382695273365656,0.08469816234853098,0.017524746765007045,0.11700801522488843,0.027905519967814835,0.14566967524478283,0.03756754974464291
4,0.14309583807775875,0.03892287204093159,0.14803573887503077,0.042206869907893116,0.14871465039210924,0.04127101687319179,0.1193235274043968,0.02680814509444903,0.15840335169389494,0.0456221702842982
5,0.126160204403849,0.03661086698838091,0.11765692396448864,0.033479984371290475,0.08062301682690921,0.01864087755875853,0.08480510076580212,0.021053226630615617,0.11764744122739401,0.030039161340139092
6,0.12873175988530167,0.03971100248700336,0.12001717071798082,0.0369166767486115,0.10496706698090655,0.022514623565614143,0.11736077413763468,0.024819137547659822,0.1293211997047355,0.04049866385460543
7,0.13545891049459247,0.038439770936085256,0.12706443926529182,0.03640265916479036,0.10526914299553289,0.020936124382133457,0.11353245711636606,0.02246558567631268,0.13552089766338657,0.03799600072322192
8,0.11251460726733353,0.029722550905654354,0.10745621386770994,0.02851906018114444,0.10831763232421694,0.023511713109440772,0.11030030253902874,0.02453028462301766,0.11198863207597416,0.028531744097571067
9,0.12644881847946357,0.03545596068109876,0.12648523424362482,0.03588972265115643,0.09939259962400457,0.021699107515619848,0.09610279746778276,0.020730151884678406,0.12938795062667324,0.03734056981869408
10,0.13649731405710594,0.03890131291315753,0.1358755647030934,0.03900257433920965,0.13580896744751708,0.0333646710923077,0.12546264274384064,0.028627520745117385,0.13719596071683704,0.039462569460444935
11,0.1659958862114396,0.051347111436596024,0.1674045352823234,0.05171415386380297,0.1193630332384729,0.026255934069295373,0.1086641537853809,0.022433224862368446,0.16941763501571286,0.053328161136359256
12,0.12712184668152374,0.033673336322095404,0.1251969221679234,0.03253709483268145,0.07255357048238785,0.012009752660326254,0.07548143007829293,0.012636903397846322,0.12279347687536848,0.03205164148738679
13,0.13702378595084636,0.043735226447461355,0.13782509177253846,0.043475521960209006,0.07798599662833837,0.01768640480242958,0.08493069703920578,0.02177646713902933,0.1346508661935936,0.040611944505414214
14,0.12313529912354995,0.03310966500246272,0.12152577744353896,0.03335981774465663,0.1025205284955912,0.023825183286733522,0.11413801262630778,0.027591904736830625,0.12783533687399196,0.03613465346656404
15,0.13613181510408132,0.03704188288059955,0.13646511222776733,0.03857888549268735,0.12349005087481821,0.03135480399331893,0.12228143321955236,0.02957218243592218,0.13762839770818533,0.040058766220901904
16,0.1554424389184274,0.042367415506479655,0.15663050985153754,0.04336553819344209,0.13055095544417847,0.02967578757913263,0.0978429591768712,0.017321882327913315,0.15495614973568023,0.04191807831184312
17,0.1560414631498159,0.05287313731081197,0.1452384844430999,0.051015681025782356,0.11244300363937547,0.024761797225584078,0.09516140988255199,0.015320120040035065,0.1557324250547037,0.045739158592985954
18,0.1536476388417333,0.0467917969397828,0.1522629561356353,0.046078875239136535,0.10035243844103928,0.01601541007097757,0.12161895263818383,0.023629332673010768,0.15481864012585517,0.0481900333530026
19,0.13858698059845967,0.03828335454166925,0.1354276731106642,0.03919352995345651,0.13351505682682333,0.03461141080590465,0.10945618078100124,0.02322938856523369,0.1384948604843254,0.039628225883177715
20,0.15403207243201816,0.04312692039546203,0.1532917734198026,0.04288533794809565,0.15590097961403462,0.034252113663045286,0.13356548741512334,0.024173394288509946,0.16250589826216796,0.04497343583965151
21,0.13741186466784067,0.04035046831944723,0.14461488733876768,0.03932339307691435,0.10325066757798418,0.018072124223491758,0.11579181860142373,0.023204203273514263,0.1394378855707085,0.03861049398641228
22,0.14625207079979258,0.042002821238715723,0.15193811103632096,0.04625199888662412,0.08687768076920076,0.014975108817033072,0.11498105935272014,0.023846315302754908,0.1519983004695607,0.0447332106277352
23,0.13422339258157592,0.0368412437795664,0.125741110338483,0.03184771900732686,0.11295701184624629,0.022079657644028108,0.12128559605185545,0.024066972380932458,0.13611052800168433,0.03504929209970357
24,0.12014029850265547,0.03589468936937032,0.11092853499064723,0.033111072181208304,0.140915441712937,0.04265419608437581,0.14158818512646257,0.04048859342399437,0.1277691942604794,0.03961823080495254
25,0.11135244123496683,0.030198198870009085,0.10546273987728678,0.026821505451939637,0.10665312714553002,0.027175102640365673,0.11217384941193372,0.031686119142684606,0.10897442206486656,0.029085636940964516
26,0.11646904680456269,0.032763121842462085,0.11615977187736375,0.03317604080207859,0.11310796822178312,0.025275277990983003,0.11253058910803657,0.025369216807337752,0.11897830817393204,0.03423789072206863
27,0.13364305284226438,0.03892650829916617,0.12973924749589422,0.03907570832623184,0.09331625194459715,0.019029172169533645,0.09424418185659403,0.01904701571955522,0.13241632433150743,0.03725260468929548
28,0.123860715424484,0.03747642683059283,0.11856300084348174,0.035900450711150625,0.1039864168003524,0.025513948570290396,0.10461646560185996,0.026148424851247753,0.11435288571872775,0.031416619066935804
29,0.11969661951630957,0.030452474749757163,0.12394567623802244,0.03286343434084847,0.09720832615361258,0.02160128046338759,0.07632068130757143,0.014893806230930598,0.12097856612221473,0.030819413416639206
30,0.19075065333690638,0.053569997411120285,0.20213808388824867,0.06370076694130186,0.10751591994733176,0.022683884085847057,0.12000683789659872,0.025667223010830666,0.19782160559113707,0.05592166350367581
31,0.15580839854671352,0.0431330932039662,0.15522841696496842,0.0421391980767937,0.10275730010095796,0.022995470214758805,0.10628642412508846,0.023930318421396875,0.1546529699501811,0.0417694261601538
32,0.13871996937607017,0.03894843523500577,0.1308029759790723,0.036102836987042475,0.07400614559322288,0.017937685717265527,0.07988981266177239,0.020564618469817924,0.13828385757745457,0.03851163049358254
33,0.13923408872551307,0.04228669856526169,0.14079649363655217,0.04157960699486026,0.07913822629450099,0.016844062688266482,0.08369463980792455,0.01889567165506513,0.14526029740546215,0.0423581556377423
34,0.15033725983541674,0.04689472251747338,0.16279134314091176,0.051656380809475835,0.0948432018848706,0.01809070323849584,0.07513702672997018,0.012555151420938401,0.16543294422585134,0.048701201699055875
35,0.14214086260280506,0.03865046291456728,0.14848201613424417,0.039824880082823214,0.1307625481245755,0.026868800822379486,0.1110693355760352,0.019028891585870646,0.14573871102770214,0.03801101729856189
36,0.1370476093008834,0.039365143653342885,0.1404025230041689,0.04155795586357972,0.09973613429952757,0.024997840358349812,0.08100726102929927,0.016828882226056066,0.12760307399153467,0.036307346476021476
37,0.1183450612365327,0.030475964921209058,0.1190125122693693,0.031180059685202332,0.07885130022154149,0.016219305353270406,0.07377655822958958,0.01531463124308682,0.10621490594537311,0.024223326454984106
38,0.10791085414919957,0.028383444165149974,0.10519487065627045,0.028261392308616295,0.0712625897862177,0.015128423649111145,0.07997328490769687,0.016774924854617082,0.1103750989768831,0.028502585141078486
39,0.1510122131251384,0.04148683461951744,0.1483580311057991,0.041439154299453454,0.08172094976864079,0.01782814869446804,0.10571587576161408,0.022978103536539347,0.15041422321953318,0.04081486490190059
40,0.12143879265416717,0.03318853998239578,0.11952417330614154,0.031421905297250245,0.07881963278727705,0.01612451305610115,0.07011847815747724,0.012680980427679867,0.1179041373211033,0.03127704222373594
41,0.11453555989720346,0.03082275525943882,0.10804832741235024,0.028573174725735402,0.06677601975519276,0.01417142088890803,0.07978122038356533,0.017617226566503833,0.10559498255266733,0.027318799243345116
42,0.09886535874817357,0.024970013201869496,0.10058222053267954,0.025431881213306206,0.08833595076245972,0.01971497793757758,0.08936347415280652,0.020303730602204927,0.10031244025808714,0.025953050483594742
43,0.12621325675202338,0.03585627146274403,0.12692721028609438,0.03501310186830092,0.10859737504847378,0.02248308800698483,0.09778694009823596,0.01825507086833713,0.12845537287947079,0.03525729910672322
44,0.11392677653807903,0.029317354193413397,0.11256715429370759,0.02593003242957545,0.08747788626862803,0.015837917340119117,0.07845360444672701,0.013783606645755656,0.10635318139245058,0.023890593468317872
45,0.12311180752047013,0.03571854891645795,0.11974581349807559,0.034674641867209685,0.10336542206260062,0.018780349480530055,0.10129096941641394,0.01873600362454249,0.12021409167373046,0.03244907555902098
46,0.10093408413329825,0.024482573746648355,0.09648660622590152,0.023723953694723347,0.11145071058665748,0.02870002747398509,0.11458021646973664,0.03023528577398164,0.10171851487447818,0.024569813759212192
47,0.106754742418572,0.026502010635067096,0.10090768343375855,0.024673509844066875,0.11777691661583758,0.02787464227171731,0.12279564971949027,0.027636812295373764,0.11038448617730987,0.027083089585388916
48,0.12335232923088904,0.02889696038279358,0.12358736226515028,0.02753539249427353,0.0830888045421749,0.015488043330047241,0.09015256448883249,0.016266655221040927,0.10720073851822873,0.02125575752987215
49,0.1505880791220779,0.04063149412962404,0.14951381630319152,0.04041749446255853,0.12424296610249501,0.02598921758340384,0.1234407219129644,0.02550467453997333,0.1564206719329057,0.04058662406422497
50,0.15526617087193528,0.04260997179135674,0.15238343255435224,0.0431716813727399,0.14168928598457317,0.030188165433418207,0.10366946124230743,0.01765621331378726,0.15904072832669075,0.040294186509737095
51,0.1366205715545739,0.036833604807212365,0.13261686064969552,0.035903662434508946,0.13904983726957937,0.03314980416630461,0.106917533910976,0.018575545349701003,0.13710986511691137,0.035163302025018814
52,0.14185016336279693,0.041192204955475306,0.14507860479423193,0.03936106309361683,0.11670262219858889,0.025373792352688253,0.09153022384866574,0.017438313533271025,0.1438746820866894,0.03660759311027527
53,0.16326697555797517,0.04831829259990626,0.16946662038819946,0.04965272547970707,0.08692667687363338,0.01772444587470883,0.10843958330035526,0.024255945756149432,0.16881755456891806,0.05213693978302667
54,0.11336509886534214,0.028839364335841472,0.09959691929863645,0.022894218558744843,0.09726488138733791,0.02227957469880831,0.07291232364522307,0.015980363626760825,0.11557820737612896,0.029848853275977687
55,0.1415964343341993,0.04274646314359527,0.1426616076664191,0.043043828022375316,0.1278542384626724,0.03445288861396378,0.10115438647995778,0.023644183963294096,0.14146155277223108,0.04128047841995063
56,0.1297846798342652,0.03664219116395977,0.12818752865082034,0.0358299018899851,0.10242511006057564,0.027394840277309825,0.09279683823833611,0.023299910528677168,0.128847650981841,0.0346421382590443
57,0.12731559155068783,0.033437544838561394,0.1300269925188206,0.03466599205307739,0.061674123008885695,0.011664791920111616,0.07146372459890526,0.014278357137689709,0.1301487817495456,0.033829905929435675
58,0.13129723118040826,0.037615465639006675,0.12963478412594398,0.03863556862857972,0.1233701657180265,0.026714244307288783,0.11925194689520639,0.02603639776756637,0.12882099755753645,0.035425356078029685
59,0.12979754881797567,0.039141313617356274,0.12621845180711647,0.03809035744104304,0.11459235597634683,0.02656996727068197,0.10096709518543687,0.019687788693560516,0.13321173349935572,0.03591191965079217
60,0.14918506849594135,0.042179542191010895,0.14760285337575305,0.04137018979950531,0.13031305035044022,0.03451113381776681,0.11283722560109533,0.02721950473770939,0.1439148802210407,0.04089653036837847
61,0.0924669260672639,0.022125624554902124,0.09026126239571843,0.02182451817797454,0.08916279709258926,0.020664904823787498,0.09177391576253034,0.021748802291553883,0.09126669372394439,0.021764450063919034
62,0.12306045811808479,0.033718790589397245,0.12551323588894764,0.03467841013769989,0.09794997929170751,0.01988304805272772,0.09315348155674585,0.0176739912366775,0.12867219088279935,0.03502821345981522
63,0.11138914972628311,0.03096677241391062,0.11489488039646763,0.03088782217851251,0.10119689741513568,0.02049216391095135,0.09762951728061917,0.020421515799353532,0.11567703303179969,0.030066781299211857
64,0.14931998981841238,0.043697046554377575,0.14359605848090803,0.038948901825448384,0.08128382175928014,0.011513270126719719,0.07439917936423532,0.010242091813008312,0.13418314638171763,0.032201364851092804
65,0.12545515426056844,0.0376078345773304,0.12444837647963189,0.038313975755469895,0.08986930083182319,0.01668341503804766,0.0924212649689211,0.01738667599239307,0.12677806306813505,0.037413248265091556
66,0.14615952294368004,0.03849809311829747,0.14712250139630684,0.03747578757188401,0.13049796379017686,0.029120924899207496,0.09699032384556405,0.01617545632712037,0.1448159223993498,0.033686311769307295
67,0.1327237610164223,0.034439394501319845,0.1303047630290129,0.03278547167635855,0.11828141761867246,0.02445593376455577,0.08989522441132802,0.01620431185846863,0.13454158248824583,0.032113936951023936
68,0.1527339734160353,0.04203632743026873,0.1525790413811055,0.04271040521176005,0.11639295483352571,0.02016114477841148,0.07624060887339468,0.011345722997607865,0.1590244954209345,0.04143714118061666
69,0.12765387438846626,0.03564840116043888,0.12478159546203578,0.03556361450055391,0.11159478786563012,0.02105762766938051,0.07997615175125625,0.011832787014922809,0.14263438907622347,0.037946970129390974
70,0.1513754666039173,0.04218771756423341,0.14618080859260468,0.03973618671705008,0.1087793857675327,0.02177249188741365,0.07784794166392592,0.01258236264374237,0.15554846653097823,0.03950885607035819
71,0.13478552447369108,0.040431112157442974,0.14034410845100428,0.03949575785422602,0.08382337422390847,0.016181970150394492,0.08169172738894337,0.016374542335669946,0.12786967470110686,0.030726743294558607
72,0.12089548381830881,0.033181953486510415,0.12283075607221901,0.03390320446366399,0.10839901824076748,0.027696228963781617,0.08618821787804332,0.017049001430156197,0.12006452065001552,0.03040038729817307
73,0.13497709750944892,0.039839710852129034,0.13392126236810026,0.039451022060179156,0.10911884788182016,0.024755300812620572,0.08756125946599358,0.016876943375141888,0.1263818017148441,0.03185417297685726
74,0.1370957973905836,0.03582084926748536,0.13882008592933298,0.03923800941019965,0.12266725193576286,0.02806055671995688,0.11999896741047786,0.02889276318468633,0.1476525824268827,0.037875046679785904
75,0.1792875172642968,0.05007346532871584,0.18058992479516006,0.05208275876744044,0.07700820655169739,0.014208739224064851,0.08453941727362431,0.0148418303949721,0.1568545284450827,0.03666613634495016
76,0.18048334795102242,0.05483872128900199,0.18154002509173933,0.05528272724847723,0.14516749209204957,0.03059612014127036,0.11092476354171021,0.016879723903927998,0.19467925484197218,0.05779464844440195
77,0.13468153619810783,0.037582058662763915,0.12972724142652023,0.03497742743158287,0.10483483320061118,0.024052772623693208,0.07335371269584394,0.012770515192021686,0.12764489017460928,0.034898173040625965
78,0.1520876435196645,0.04674835002734332,0.15140803914092443,0.04414059243188623,0.12443887450235244,0.027839598795289088,0.1021567763589168,0.017449945817955288,0.14230000617535882,0.03419783193943343
79,0.14506292263183135,0.04089943886226383,0.15299627598136173,0.044745901340734015,0.10055639888898078,0.02043784930143296,0.06449290960883244,0.00918888259568187,0.1325789934948048,0.03388698529940895
80,0.14134977093152717,0.04123879902544758,0.1510968449813453,0.04029033900465704,0.13555845284958623,0.030097450245684755,0.08919074605090418,0.012753888924979436,0.1586191216360324,0.042185550322728624
81,0.13634510779208298,0.03634482988414198,0.13404391576891617,0.03336596780001317,0.1262961298010713,0.028306153534285606,0.0777551894718669,0.009678086645278947,0.12529813590687916,0.029236252492843246
82,0.15176218713763084,0.04484906569307373,0.15294164328294296,0.04150932869223772,0.15402392560152303,0.041563754796194986,0.09648066502297112,0.01626348190249129,0.15084138878754752,0.03975386616381218
83,0.12989285644577803,0.04187497937714599,0.1313656653647084,0.03677807986417571,0.11046869914319717,0.023739845818648162,0.0836894990324986,0.011496953283145001,0.13475325516895986,0.032444219987240515
84,0.12652831633922496,0.03888826105343351,0.13050897620695198,0.041327816632088996,0.13074365133351418,0.027150521408908106,0.10119111190337915,0.0135673593490417,0.15068572378033365,0.036591684261677304
85,0.13923402410490357,0.037291247682851345,0.13823866047511266,0.034783351706310674,0.13813820729981702,0.03266270368473507,0.09899337631456565,0.016330508876585978,0.14151862629666823,0.03229636183153141
86,0.15796813756204067,0.04571133910776308,0.1602245997997051,0.0448474772267098,0.1491649842979988,0.037206959115155806,0.11569926237598643,0.017338398192759372,0.16694815269203594,0.041628020225954056
