clip_id,group,unit,B-R_btp,B-R_bfp,B-R_bfn,B-R_oracle_r0_btp,B-R_oracle_r0_bfp,B-R_oracle_r0_bfn,B-R_oracle_r0.4_btp,B-R_oracle_r0.4_bfp,B-R_oracle_r0.4_bfn,B-R_oracle_r0.8_btp,B-R_oracle_r0.8_bfp,B-R_oracle_r0.8_bfn,B-R_oracle_r1.2_btp,B-R_oracle_r1.2_bfp,B-R_oracle_r1.2_bfn,B-R_oracle_r2_btp,B-R_oracle_r2_bfp,B-R_oracle_r2_bfn,B-R_oracle_r4_btp,B-R_oracle_r4_bfp,B-R_oracle_r4_bfn,B-R_morph_r0_btp,B-R_morph_r0_bfp,B-R_morph_r0_bfn,B-R_morph_r0.4_btp,B-R_morph_r0.4_bfp,B-R_morph_r0.4_bfn,B-R_morph_r0.8_btp,B-R_morph_r0.8_bfp,B-R_morph_r0.8_bfn,B-R_morph_r1.2_btp,B-R_morph_r1.2_bfp,B-R_morph_r1.2_bfn,B-R_morph_r2_btp,B-R_morph_r2_bfp,B-R_morph_r2_bfn,B-R_morph_r4_btp,B-R_morph_r4_bfp,B-R_morph_r4_bfn,B-D_btp,B-D_bfp,B-D_bfn,B-D_oracle_r0_btp,B-D_oracle_r0_bfp,B-D_oracle_r0_bfn,B-D_oracle_r0.4_btp,B-D_oracle_r0.4_bfp,B-D_oracle_r0.4_bfn,B-D_oracle_r0.8_btp,B-D_oracle_r0.8_bfp,B-D_oracle_r0.8_bfn,B-D_oracle_r1.2_btp,B-D_oracle_r1.2_bfp,B-D_oracle_r1.2_bfn,B-D_oracle_r2_btp,B-D_oracle_r2_bfp,B-D_oracle_r2_bfn,B-D_oracle_r4_btp,B-D_oracle_r4_bfp,B-D_oracle_r4_bfn,B-D_morph_r0_btp,B-D_morph_r0_bfp,B-D_morph_r0_bfn,B-D_morph_r0.4_btp,B-D_morph_r0.4_bfp,B-D_morph_r0.4_bfn,B-D_morph_r0.8_btp,B-D_morph_r0.8_bfp,B-D_morph_r0.8_bfn,B-D_morph_r1.2_btp,B-D_morph_r1.2_bfp,B-D_morph_r1.2_bfn,B-D_morph_r2_btp,B-D_morph_r2_bfp,B-D_morph_r2_bfn,B-D_morph_r4_btp,B-D_morph_r4_bfp,B-D_morph_r4_bfn
08_000000_000020_s5,08,block000,12281,27984,95436,12281,27984,95436,42797,27984,64920,58775,27984,48942,67574,27984,40143,76603,27984,31114,90612,27984,17105,12281,27984,95436,42797,126632,64920,58775,247196,48942,67574,373306,40143,76603,599532,31114,90612,1017797,17105,52392,184420,55325,52392,184420,55325,62910,184420,44807,69818,184420,37899,74590,184420,33127,81173,184420,26544,93946,184420,13771,52392,184420,55325,62910,296796,44807,69818,415565,37899,74590,534534,33127,81173,738052,26544,93946,1104036,13771
08_000025_000045_s5,08,block000,4470,18670,67046,4470,18670,67046,14413,18670,57103,19597,18670,51919,24077,18670,47439,30131,18670,41385,42374,18670,29142,4470,18670,67046,14413,71989,57103,19597,137505,51919,24077,210615,47439,30131,352100,41385,42374,676329,29142,17557,99660,53959,17557,99660,53959,21548,99660,49968,25560,99660,45956,28690,99660,42826,32871,99660,38645,44414,99660,27102,17557,99660,53959,21548,164606,49968,25560,235285,45956,28690,309864,42826,32871,448786,38645,44414,762336,27102
08_000050_000070_s5,08,block000,3029,22462,125514,3029,22462,125514,30954,22462,97589,43572,22462,84971,50126,22462,78417,59598,22462,68945,76188,22462,52355,3029,22462,125514,30954,88510,97589,43572,168531,84971,50126,253405,78417,59598,407807,68945,76188,784075,52355,39923,122565,88620,39923,122565,88620,46625,122565,81918,52235,122565,76308,57231,122565,71312,64657,122565,63886,79951,122565,48592,39923,122565,88620,46625,200038,81918,52235,280559,76308,57231,360286,71312,64657,513282,63886,79951,885504,48592
08_000075_000095_s5,08,block000,10962,22741,85851,10962,22741,85851,36846,22741,59967,49340,22741,47473,56860,22741,39953,66591,22741,30222,77893,22741,18920,10962,22741,85851,36846,108107,59967,49340,210438,47473,56860,316925,39953,66591,506907,30222,77893,879430,18920,44984,155685,51829,44984,155685,51829,52914,155685,43899,58977,155685,37836,63994,155685,32819,70818,155685,25995,79758,155685,17055,44984,155685,51829,52914,252381,43899,58977,352516,37836,63994,451386,32819,70818,623039,25995,79758,962779,17055
08_000100_000120_s5,08,block000,15541,19392,125249,15541,19392,125249,47386,19392,93404,63846,19392,76944,73745,19392,67045,84447,19392,56343,105496,19392,35294,15541,19392,125249,47386,104181,93404,63846,222071,76944,73745,356935,67045,84447,599374,56343,105496,1025798,35294,57968,160158,82822,57968,160158,82822,68703,160158,72087,76360,160158,64430,82011,160158,58779,90007,160158,50783,110133,160158,30657,57968,160158,82822,68703,277216,72087,76360,405192,64430,82011,532535,58779,90007,744416,50783,110133,1108651,30657
08_000125_000145_s5,08,block000,15951,25295,171555,15951,25295,171555,50270,25295,137236,66682,25295,120824,77716,25295,109790,93103,25295,94403,119008,25295,68498,15951,25295,171555,50270,119140,137236,66682,235509,120824,77716,355785,109790,93103,547493,94403,119008,855832,68498,60390,177383,127116,60390,177383,127116,71783,177383,115723,81109,177383,106397,88906,177383,98600,102577,177383,84929,124581,177383,62925,60390,177383,127116,71783,285970,115723,81109,396091,106397,88906,496856,98600,102577,650529,84929,124581,930156,62925
08_000150_000170_s5,08,block000,5530,14713,169026,5530,14713,169026,46218,14713,128338,84922,14713,89634,106707,14713,67849,134641,14713,39915,163159,14713,11397,5530,14713,169026,46218,68688,128338,84922,163508,89634,106707,289887,67849,134641,538424,39915,163159,1017778,11397,68874,108680,105682,68874,108680,105682,95056,108680,79500,112992,108680,61564,127081,108680,47475,148234,108680,26322,165749,108680,8807,68874,108680,105682,95056,212794,79500,112992,336243,61564,127081,464029,47475,148234,696335,26322,165749,1112731,8807
08_000175_000195_s5,08,block000,13684,19198,131325,13684,19198,131325,57501,19198,87508,85335,19198,59674,96678,19198,48331,107621,19198,37388,125389,19198,19620,13684,19198,131325,57501,93302,87508,85335,203466,59674,96678,331925,48331,107621,558305,37388,125389,978499,19620,75291,140761,69718,75291,140761,69718,91425,140761,53584,99305,140761,45704,104867,140761,40142,113789,140761,31220,128635,140761,16374,75291,140761,69718,91425,254306,53584,99305,373636,45704,104867,490588,40142,113789,692900,31220,128635,1069236,16374
08_000200_000220_s5,08,block000,14767,16199,135578,14767,16199,135578,47044,16199,103301,62566,16199,87779,72075,16199,78270,83535,16199,66810,107725,16199,42620,14767,16199,135578,47044,82132,103301,62566,176210,87779,72075,277876,78270,83535,457640,66810,107725,783768,42620,56434,126779,93911,56434,126779,93911,66929,126779,83416,74577,126779,75768,80492,126779,69853,91191,126779,59154,112859,126779,37486,56434,126779,93911,66929,217390,83416,74577,312567,75768,80492,405674,69853,91191,559672,59154,112859,865295,37486
08_000225_000245_s5,08,block000,16885,15445,138670,16885,15445,138670,46710,15445,108845,61280,15445,94275,72337,15445,83218,89034,15445,66521,116417,15445,39138,16885,15445,138670,46710,77405,108845,61280,172784,94275,72337,283818,83218,89034,490666,66521,116417,897573,39138,55304,119536,100251,55304,119536,100251,66271,119536,89284,75749,119536,79806,84618,119536,70937,98412,119536,57143,121115,119536,34440,55304,119536,100251,66271,215989,89284,75749,321876,79806,84618,430120,70937,98412,618767,57143,121115,991238,34440
08_000250_000270_s5,08,block000,12014,9627,141381,12014,9627,141381,39023,9627,114372,53087,9627,100308,63842,9627,89553,79310,9627,74085,104409,9627,48986,12014,9627,141381,39023,51077,114372,53087,120985,100308,63842,202703,89553,79310,353865,74085,104409,653411,48986,47709,80458,105686,47709,80458,105686,58066,80458,95329,67306,80458,86089,75391,80458,78004,88368,80458,65027,108021,80458,45374,47709,80458,105686,58066,151820,95329,67306,230675,86089,75391,310233,78004,88368,447744,65027,108021,727069,45374
08_000275_000295_s5,08,block000,4393,17570,123971,4393,17570,123971,33431,17570,94933,57021,17570,71343,68914,17570,59450,84558,17570,43806,110489,17570,17875,4393,17570,123971,33431,82939,94933,57021,183962,71343,68914,303884,59450,84558,535957,43806,110489,1011937,17875,48472,128318,79892,48472,128318,79892,62478,128318,65886,72169,128318,56195,80346,128318,48018,93836,128318,34528,114195,128318,14169,48472,128318,79892,62478,232177,65886,72169,346464,56195,80346,465870,48018,93836,688533,34528,114195,1116487,14169
08_000300_000320_s5,08,block000,12456,17661,116582,12456,17661,116582,51404,17661,77634,69481,17661,59557,78714,17661,50324,88778,17661,40260,106356,17661,22682,12456,17661,116582,51404,96518,77634,69481,217572,59557,78714,350429,50324,88778,597091,40260,106356,1054055,22682,62491,150366,66547,62491,150366,66547,73936,150366,55102,80952,150366,48086,86204,150366,42834,94422,150366,34616,109535,150366,19503,62491,150366,66547,73936,268223,55102,80952,395726,48086,86204,523264,42834,94422,746179,34616,109535,1143771,19503
08_000325_000345_s5,08,block000,12672,18160,136163,12672,18160,136163,52085,18160,96750,68644,18160,80191,77668,18160,71167,89223,18160,59612,109615,18160,39220,12672,18160,136163,52085,90535,96750,68644,206942,80191,77668,331841,71167,89223,543988,59612,109615,936817,39220,62589,145376,86246,62589,145376,86246,72961,145376,75874,80230,145376,68605,86249,145376,62586,95378,145376,53457,114349,145376,34486,62589,145376,86246,72961,258433,75874,80230,372867,68605,86249,482902,62586,95378,672410,53457,114349,1016366,34486
08_000350_000370_s5,08,block000,11576,13350,137053,11576,13350,137053,44046,13350,104583,57755,13350,90874,68041,13350,80588,83266,13350,65363,100264,13350,48365,11576,13350,137053,44046,78771,104583,57755,186517,90874,68041,301440,80588,83266,499650,65363,100264,800912,48365,52453,128111,96176,52453,128111,96176,62208,128111,86421,71317,128111,77312,79425,128111,69204,90269,128111,58360,103692,128111,44937,52453,128111,96176,62208,232248,86421,71317,339540,77312,79425,442923,69204,90269,611307,58360,103692,861479,44937
08_000375_000395_s5,08,block000,13091,16347,84592,13091,16347,84592,30330,16347,67353,38653,16347,59030,43873,16347,53810,50194,16347,47489,61548,16347,36135,13091,16347,84592,30330,87527,67353,38653,177047,59030,43873,277268,53810,50194,461820,47489,61548,806732,36135,35415,127749,62268,35415,127749,62268,41249,127749,56434,45243,127749,52440,48379,127749,49304,54383,127749,43300,64281,127749,33402,35415,127749,62268,41249,215555,56434,45243,311531,52440,48379,407667,49304,54383,575596,43300,64281,886838,33402
08_000400_000420_s5,08,block000,9841,20425,136199,9841,20425,136199,25994,20425,120046,34959,20425,111081,42191,20425,103849,54061,20425,91979,83082,20425,62958,9841,20425,136199,25994,84581,120046,34959,173238,111081,42191,277088,103849,54061,485845,91979,83082,893579,62958,31442,126304,114598,31442,126304,114598,38176,126304,107864,44545,126304,101495,50841,126304,95199,62675,126304,83365,91386,126304,54654,31442,126304,114598,38176,214808,107864,44545,315395,101495,50841,425587,95199,62675,624437,83365,91386,978335,54654
08_000425_000445_s5,08,block000,10824,15290,147177,10824,15290,147177,32892,15290,125109,46527,15290,111474,57287,15290,100714,76240,15290,81761,108624,15290,49377,10824,15290,147177,32892,67050,125109,46527,138750,111474,57287,222569,100714,76240,383630,81761,108624,741316,49377,41080,98843,116921,41080,98843,116921,51477,98843,106524,61121,98843,96880,71018,98843,86983,88477,98843,69524,113807,98843,44194,41080,98843,116921,51477,171692,106524,61121,252392,96880,71018,336988,86983,88477,493840,69524,113807,824092,44194
08_000450_000470_s5,08,block000,12957,19270,97834,12957,19270,97834,37138,19270,73653,49657,19270,61134,60265,19270,50526,73692,19270,37099,93327,19270,17464,12957,19270,97834,37138,105119,73653,49657,228701,61134,60265,368393,50526,73692,625135,37099,93327,1045108,17464,44632,164167,66159,44632,164167,66159,54595,164167,56196,63417,164167,47374,70536,164167,40255,80740,164167,30051,95932,164167,14859,44632,164167,66159,54595,285110,56196,63417,418323,47374,70536,553622,40255,80740,773309,30051,95932,1126749,14859
08_000475_000495_s5,08,block000,9951,25773,88021,9951,25773,88021,24112,25773,73860,31739,25773,66233,37812,25773,60160,47697,25773,50275,69693,25773,28279,9951,25773,88021,24112,102277,73860,31739,197607,66233,37812,298328,60160,47697,475932,50275,69693,771231,28279,29371,150379,68601,29371,150379,68601,34592,150379,63380,40141,150379,57831,45444,150379,52528,54220,150379,43752,74421,150379,23551,29371,150379,68601,34592,238168,63380,40141,332405,57831,45444,426111,52528,54220,585479,43752,74421,826848,23551
08_000500_000520_s5,08,block001,8659,18928,96095,8659,18928,96095,26216,18928,78538,39087,18928,65667,50681,18928,54073,63411,18928,41343,80927,18928,23827,8659,18928,96095,26216,71324,78538,39087,132301,65667,50681,197271,54073,63411,320343,41343,80927,569324,23827,32360,96414,72394,32360,96414,72394,44056,96414,60698,53950,96414,50804,60651,96414,44103,69085,96414,35669,84041,96414,20713,32360,96414,72394,44056,155960,60698,53950,218200,50804,60651,281604,44103,69085,401615,35669,84041,617155,20713
08_000525_000545_s5,08,block001,9960,12191,102200,9960,12191,102200,29535,12191,82625,41174,12191,70986,49816,12191,62344,61539,12191,50621,82087,12191,30073,9960,12191,102200,29535,53363,82625,41174,111513,70986,49816,176093,62344,61539,296880,50621,82087,553932,30073,36379,79672,75781,36379,79672,75781,45160,79672,67000,52704,79672,59456,58626,79672,53534,67881,79672,44279,87952,79672,24208,36379,79672,75781,45160,136667,67000,52704,197666,59456,58626,260489,53534,67881,375986,44279,87952,611478,24208
08_000550_000570_s5,08,block001,7877,17570,95698,7877,17570,95698,24225,17570,79350,34611,17570,68964,42621,17570,60954,54075,17570,49500,73806,17570,29769,7877,17570,95698,24225,68036,79350,34611,129063,68964,42621,193229,60954,54075,312112,49500,73806,571756,29769,30142,96994,73433,30142,96994,73433,38286,96994,65289,45069,96994,58506,51093,96994,52482,60121,96994,43454,79434,96994,24141,30142,96994,73433,38286,154848,65289,45069,214930,58506,51093,276388,52482,60121,390400,43454,79434,632243,24141
08_000575_000595_s5,08,block001,10013,12552,89512,10013,12552,89512,26955,12552,72570,37995,12552,61530,46627,12552,52898,57836,12552,41689,70450,12552,29075,10013,12552,89512,26955,53490,72570,37995,102510,61530,46627,152403,52898,57836,243277,41689,70450,451731,29075,32963,76090,66562,32963,76090,66562,41987,76090,57538,49170,76090,50355,55162,76090,44363,62520,76090,37005,72950,76090,26575,32963,76090,66562,41987,121846,57538,49170,168929,50355,55162,216212,44363,62520,304159,37005,72950,501710,26575
08_000600_000620_s5,08,block001,9166,11087,93020,9166,11087,93020,28969,11087,73217,40759,11087,61427,47125,11087,55061,55558,11087,46628,80215,11087,21971,9166,11087,93020,28969,55974,73217,40759,118892,61427,47125,187459,55061,55558,311671,46628,80215,591390,21971,35605,83855,66581,35605,83855,66581,43802,83855,58384,48800,83855,53386,53246,83855,48940,62239,83855,39947,86601,83855,15585,35605,83855,66581,43802,145576,58384,48800,209964,53386,53246,273798,48940,62239,394000,39947,86601,650580,15585
08_000625_000645_s5,08,block001,10754,17418,115013,10754,17418,115013,27638,17418,98129,37662,17418,88105,45930,17418,79837,57161,17418,68606,75046,17418,50721,10754,17418,115013,27638,70906,98129,37662,131773,88105,45930,190501,79837,57161,287709,68606,75046,495625,50721,33571,101416,92196,33571,101416,92196,41621,101416,84146,48359,101416,77408,54109,101416,71658,64154,101416,61613,78240,101416,47527,33571,101416,92196,41621,155866,84146,48359,209188,77408,54109,259801,71658,64154,350159,61613,78240,546403,47527
08_000650_000670_s5,08,block001,7289,15908,116770,7289,15908,116770,24418,15908,99641,34980,15908,89079,42679,15908,81380,53800,15908,70259,73893,15908,50166,7289,15908,116770,24418,64334,99641,34980,123894,89079,42679,190081,81380,53800,320869,70259,73893,610294,50166,30638,90466,93421,30638,90466,93421,38510,90466,85549,45158,90466,78901,50989,90466,73070,60249,90466,63810,77744,90466,46315,30638,90466,93421,38510,148921,85549,45158,212884,78901,50989,280644,73070,60249,407797,63810,77744,673393,46315
08_000675_000695_s5,08,block001,9287,27172,80872,9287,27172,80872,29447,27172,60712,38030,27172,52129,43736,27172,46423,53268,27172,36891,67559,27172,22600,9287,27172,80872,29447,106514,60712,38030,198438,52129,43736,292446,46423,53268,453168,36891,67559,780970,22600,35212,147373,54947,35212,147373,54947,40718,147373,49441,45568,147373,44591,50665,147373,39494,58333,147373,31826,70098,147373,20061,35212,147373,54947,40718,234405,49441,45568,321933,44591,50665,406675,39494,58333,555572,31826,70098,852104,20061
08_000700_000720_s5,08,block001,5664,20349,111260,5664,20349,111260,26793,20349,90131,36114,20349,80810,43825,20349,73099,51262,20349,65662,66718,20349,50206,5664,20349,111260,26793,78670,90131,36114,144662,80810,43825,213359,73099,51262,346213,65662,66718,624811,50206,32943,109472,83981,32943,109472,83981,39615,109472,77309,45771,109472,71153,49597,109472,67327,55696,109472,61228,72080,109472,44844,32943,109472,83981,39615,170987,77309,45771,236393,71153,49597,306174,67327,55696,433441,61228,72080,690534,44844
08_000725_000745_s5,08,block001,13678,21339,127001,13678,21339,127001,40740,21339,99939,51426,21339,89253,58755,21339,81924,70896,21339,69783,91532,21339,49147,13678,21339,127001,40740,81860,99939,51426,157056,89253,58755,237422,81924,70896,389033,69783,91532,715279,49147,47760,114757,92919,47760,114757,92919,54697,114757,85982,61234,114757,79445,67579,114757,73100,78215,114757,62464,95665,114757,45014,47760,114757,92919,54697,187110,85982,61234,263655,79445,67579,342946,73100,78215,487516,62464,95665,787617,45014
08_000750_000770_s5,08,block001,17220,17945,97915,17220,17945,97915,45369,17945,69766,56845,17945,58290,64023,17945,51112,73905,17945,41230,91696,17945,23439,17220,17945,97915,45369,84193,69766,56845,168948,58290,64023,259227,51112,73905,426898,41230,91696,776724,23439,52489,124627,62646,52489,124627,62646,60202,124627,54933,66017,124627,49118,71123,124627,44012,80646,124627,34489,94819,124627,20316,52489,124627,62646,60202,205130,54933,66017,290637,49118,71123,377897,44012,80646,536168,34489,94819,852621,20316
08_000775_000795_s5,08,block001,6125,25915,82434,6125,25915,82434,21439,25915,67120,30910,25915,57649,38438,25915,50121,50282,25915,38277,63919,25915,24640,6125,25915,82434,21439,88979,67120,30910,157772,57649,38438,227820,50121,50282,350330,38277,63919,615184,24640,27962,122852,60597,27962,122852,60597,34484,122852,54075,41159,122852,47400,47743,122852,40816,55575,122852,32984,68196,122852,20363,27962,122852,60597,34484,185254,54075,41159,250352,47400,47743,314947,40816,55575,430914,32984,68196,678855,20363
08_000800_000820_s5,08,block001,10805,8742,86843,10805,8742,86843,26446,8742,71202,34534,8742,63114,41698,8742,55950,52129,8742,45519,74701,8742,22947,10805,8742,86843,26446,44366,71202,34534,94197,63114,41698,151287,55950,52129,269154,45519,74701,524898,22947,30864,65555,66784,30864,65555,66784,37658,65555,59990,44055,65555,53593,49644,65555,48004,58517,65555,39131,80157,65555,17491,30864,65555,66784,37658,115503,59990,44055,171233,53593,49644,232130,48004,58517,353576,39131,80157,576127,17491
08_000825_000845_s5,08,block001,11097,18320,82731,11097,18320,82731,30088,18320,63740,39997,18320,53831,47219,18320,46609,57187,18320,36641,74369,18320,19459,11097,18320,82731,30088,72666,63740,39997,137595,53831,47219,203285,46609,57187,317923,36641,74369,531223,19459,35970,103508,57858,35970,103508,57858,43368,103508,50460,49492,103508,44336,54674,103508,39154,62447,103508,31381,77265,103508,16563,35970,103508,57858,43368,163734,50460,49492,224793,44336,54674,284672,39154,62447,385414,31381,77265,576683,16563
08_000850_000870_s5,08,block001,7071,15994,88824,7071,15994,88824,20041,15994,75854,30564,15994,65331,38573,15994,57322,47723,15994,48172,60105,15994,35790,7071,15994,88824,20041,64214,75854,30564,119625,65331,38573,174745,57322,47723,269887,48172,60105,466811,35790,25464,91002,70431,25464,91002,70431,34248,91002,61647,40911,91002,54984,45777,91002,50118,51392,91002,44503,63134,91002,32761,25464,91002,70431,34248,141931,61647,40911,192667,54984,45777,242067,50118,51392,330527,44503,63134,508795,32761
08_000875_000895_s5,08,block001,8214,16859,85938,8214,16859,85938,23838,16859,70314,34277,16859,59875,44124,16859,50028,54907,16859,39245,70664,16859,23488,8214,16859,85938,23838,68128,70314,34277,127050,59875,44124,187679,50028,54907,301505,39245,70664,528943,23488,29178,94391,64974,29178,94391,64974,38387,94391,55765,47004,94391,47148,52603,94391,41549,60799,94391,33353,73153,94391,20999,29178,94391,64974,38387,150283,55765,47004,207982,47148,52603,267084,41549,60799,375782,33353,73153,576515,20999
08_000900_000920_s5,08,block001,10095,14094,78015,10095,14094,78015,31843,14094,56267,43972,14094,44138,51167,14094,36943,58817,14094,29293,77211,14094,10899,10095,14094,78015,31843,62960,56267,43972,123721,44138,51167,189056,36943,58817,312737,29293,77211,596469,10899,38707,88393,49403,38707,88393,49403,47475,88393,40635,52916,88393,35194,56850,88393,31260,63737,88393,24373,80519,88393,7591,38707,88393,49403,47475,147222,40635,52916,209850,35194,56850,273358,31260,63737,393231,24373,80519,659116,7591
08_000925_000945_s5,08,block001,12471,15522,94591,12471,15522,94591,33557,15522,73505,43825,15522,63237,51048,15522,56014,58770,15522,48292,70363,15522,36699,12471,15522,94591,33557,70742,73505,43825,134799,63237,51048,197161,56014,58770,300742,48292,70363,516654,36699,39859,99557,67203,39859,99557,67203,47063,99557,59999,53052,99557,54010,57174,99557,49888,62197,99557,44865,73007,99557,34055,39859,99557,67203,47063,158949,59999,53052,215572,54010,57174,269282,49888,62197,364099,44865,73007,567729,34055
08_000950_000970_s5,08,block001,11096,15736,114836,11096,15736,114836,32664,15736,93268,44592,15736,81340,52247,15736,73685,60499,15736,65433,73650,15736,52282,11096,15736,114836,32664,69673,93268,44592,140859,81340,52247,217246,73685,60499,359337,65433,73650,636778,52282,39568,104252,86364,39568,104252,86364,48302,104252,77630,54269,104252,71663,58759,104252,67173,64550,104252,61382,77402,104252,48530,39568,104252,86364,48302,171492,77630,54269,243881,71663,58759,318805,67173,64550,447791,61382,77402,696167,48530
08_000975_000995_s5,08,block001,12498,18475,130566,12498,18475,130566,32188,18475,110876,40203,18475,102861,45544,18475,97520,53227,18475,89837,70474,18475,72590,12498,18475,130566,32188,79729,110876,40203,166568,102861,45544,264608,97520,53227,444201,89837,70474,773338,72590,36472,117101,106592,36472,117101,106592,42356,117101,100708,47089,117101,95975,51235,117101,91829,58453,117101,84611,73985,117101,69079,36472,117101,106592,42356,203569,100708,47089,297386,95975,51235,393039,91829,58453,551825,84611,73985,846821,69079
08_001000_001020_s5,08,block002,16038,15348,131556,16038,15348,131556,46500,15348,101094,59157,15348,88437,66892,15348,80702,79930,15348,67664,105819,15348,41775,16038,15348,131556,46500,84304,101094,59157,184814,88437,66892,292895,80702,79930,493864,67664,105819,922897,41775,54742,127105,92852,54742,127105,92852,62716,127105,84878,69473,127105,78121,76212,127105,71382,88200,127105,59394,110319,127105,37275,54742,127105,92852,62716,224779,84878,69473,328258,78121,76212,432745,71382,88200,625658,59394,110319,1022517,37275
08_001025_001045_s5,08,block002,17011,21621,121349,17011,21621,121349,43798,21621,94562,58235,21621,80125,68969,21621,69391,86029,21621,52331,107046,21621,31314,17011,21621,121349,43798,95211,94562,58235,196834,80125,68969,311357,69391,86029,520368,52331,107046,941954,31314,52596,140624,85764,52596,140624,85764,63106,140624,75254,72406,140624,65954,81362,140624,56998,94631,140624,43729,110240,140624,28120,52596,140624,85764,63106,241573,75254,72406,350509,65954,81362,460515,56998,94631,651498,43729,110240,1033786,28120
08_001050_001070_s5,08,block002,9975,20709,92122,9975,20709,92122,32744,20709,69353,41766,20709,60331,48917,20709,53180,59393,20709,42704,76510,20709,25587,9975,20709,92122,32744,83367,69353,41766,170272,60331,48917,271788,53180,59393,462832,42704,76510,794095,25587,37990,120228,64107,37990,120228,64107,44799,120228,57298,51391,120228,50706,57061,120228,45036,64974,120228,37123,79877,120228,22220,37990,120228,64107,44799,209369,57298,51391,306325,50706,57061,405935,45036,64974,582775,37123,79877,850503,22220
08_001075_001095_s5,08,block002,10041,18690,97409,10041,18690,97409,28946,18690,78504,37804,18690,69646,44253,18690,63197,55890,18690,51560,82892,18690,24558,10041,18690,97409,28946,74036,78504,37804,147090,69646,44253,230639,63197,55890,396788,51560,82892,751868,24558,34222,106762,73228,34222,106762,73228,40722,106762,66728,46563,106762,60887,52514,106762,54936,64634,106762,42816,87086,106762,20364,34222,106762,73228,40722,179908,66728,46563,260664,60887,52514,346842,54936,64634,510356,42816,87086,827489,20364
08_001100_001120_s5,08,block002,8975,14770,86068,8975,14770,86068,31053,14770,63990,45004,14770,50039,54802,14770,40241,67069,14770,27974,82991,14770,12052,8975,14770,86068,31053,67922,63990,45004,145759,50039,54802,230943,40241,67069,390960,27974,82991,722641,12052,39062,102543,55981,39062,102543,55981,49479,102543,45564,57760,102543,37283,64172,102543,30871,72862,102543,22181,84606,102543,10437,39062,102543,55981,49479,178758,45564,57760,259695,37283,64172,343050,30871,72862,492753,22181,84606,792301,10437
08_001125_001145_s5,08,block002,5871,12632,92291,5871,12632,92291,31723,12632,66439,49850,12632,48312,60652,12632,37510,76505,12632,21657,92028,12632,6134,5871,12632,92291,31723,61269,66439,49850,128419,48312,60652,204319,37510,76505,341748,21657,92028,647135,6134,43486,89760,54676,43486,89760,54676,55085,89760,43077,64215,89760,33947,72808,89760,25354,83214,89760,14948,93992,89760,4170,43486,89760,54676,55085,157997,43077,64215,229010,33947,72808,299487,25354,83214,432736,14948,93992,712072,4170
08_001150_001170_s5,08,block002,10008,18689,98344,10008,18689,98344,37077,18689,71275,51981,18689,56371,60904,18689,47448,71740,18689,36612,89011,18689,19341,10008,18689,98344,37077,77937,71275,51981,147121,56371,60904,216642,47448,71740,337041,36612,89011,573069,19341,45992,109342,62360,45992,109342,62360,56290,109342,52062,63460,109342,44892,69093,109342,39259,77383,109342,30969,92093,109342,16259,45992,109342,62360,56290,173412,52062,63460,237618,44892,69093,300041,39259,77383,408995,30969,92093,625290,16259
08_001175_001195_s5,08,block002,9194,13160,98609,9194,13160,98609,26863,13160,80940,37320,13160,70483,46114,13160,61689,59760,13160,48043,81521,13160,26282,9194,13160,98609,26863,52751,80940,37320,101015,70483,46114,149904,61689,59760,239485,48043,81521,439182,26282,32646,76632,75157,32646,76632,75157,41204,76632,66599,49001,76632,58802,56068,76632,51735,67138,76632,40665,85760,76632,22043,32646,76632,75157,41204,120701,66599,49001,166304,58802,56068,212681,51735,67138,298432,40665,85760,489986,22043
08_001200_001220_s5,08,block002,8613,15814,95241,8613,15814,95241,23869,15814,79985,35475,15814,68379,45415,15814,58439,56592,15814,47262,73105,15814,30749,8613,15814,95241,23869,64989,79985,35475,125997,68379,45415,187444,58439,56592,294191,47262,73105,497699,30749,29997,96227,73857,29997,96227,73857,39769,96227,64085,48234,96227,55620,54064,96227,49790,61900,96227,41954,75614,96227,28240,29997,96227,73857,39769,152482,64085,48234,208819,55620,54064,264809,49790,61900,359978,41954,75614,543250,28240
08_001225_001245_s5,08,block002,7716,12789,108695,7716,12789,108695,19955,12789,96456,28115,12789,88296,34718,12789,81693,41651,12789,74760,52294,12789,64117,7716,12789,108695,19955,44168,96456,28115,81403,88296,34718,120868,81693,41651,194228,74760,52294,353946,64117,24042,60511,92369,24042,60511,92369,30910,60511,85501,36478,60511,79933,40116,60511,76295,45232,60511,71179,54362,60511,62049,24042,60511,92369,30910,96465,85501,36478,134256,79933,40116,172201,76295,45232,240461,71179,54362,395540,62049
08_001250_001270_s5,08,block002,11039,14612,107565,11039,14612,107565,33553,14612,85051,45937,14612,72667,54151,14612,64453,64029,14612,54575,81697,14612,36907,11039,14612,107565,33553,73235,85051,45937,151266,72667,54151,235794,64453,64029,398757,54575,81697,744764,36907,41232,109680,77372,41232,109680,77372,49755,109680,68849,56502,109680,62102,61652,109680,56952,69566,109680,49038,85862,109680,32742,41232,109680,77372,49755,184942,68849,56502,266198,62102,61652,351045,56952,69566,507249,49038,85862,825609,32742
08_001275_001295_s5,08,block002,11398,28815,90340,11398,28815,90340,36254,28815,65484,47209,28815,54529,55104,28815,46634,63919,28815,37819,76274,28815,25464,11398,28815,90340,36254,119650,65484,47209,225839,54529,55104,336252,46634,63919,524944,37819,76274,870956,25464,42999,168487,58739,42999,168487,58739,50856,168487,50882,57349,168487,44389,62104,168487,39634,68121,168487,33617,79559,168487,22179,42999,168487,58739,50856,269450,50882,57349,372198,44389,62104,471550,39634,68121,638448,33617,79559,946601,22179
08_001300_001320_s5,08,block002,7257,22693,100576,7257,22693,100576,24710,22693,83123,34746,22693,73087,41231,22693,66602,48966,22693,58867,64753,22693,43080,7257,22693,100576,24710,88935,83123,34746,165676,73087,41231,249368,66602,48966,411158,58867,64753,743498,43080,30876,125484,76957,30876,125484,76957,37709,125484,70124,43082,125484,64751,47314,125484,60519,53154,125484,54679,70361,125484,37472,30876,125484,76957,37709,198349,70124,43082,278814,64751,47314,363806,60519,53154,517095,54679,70361,814828,37472
08_001325_001345_s5,08,block002,7726,22015,117659,7726,22015,117659,25509,22015,99876,33265,22015,92120,39366,22015,86019,50614,22015,74771,74770,22015,50615,7726,22015,117659,25509,72475,99876,33265,127553,92120,39366,183369,86019,50614,282846,74771,74770,511133,50615,30172,96423,95213,30172,96423,95213,36057,96423,89328,41383,96423,84002,47137,96423,78248,58084,96423,67301,80655,96423,44730,30172,96423,95213,36057,148412,89328,41383,200801,84002,47137,252618,78248,58084,348544,67301,80655,569206,44730
08_001350_001370_s5,08,block002,7150,15311,124687,7150,15311,124687,25247,15311,106590,36865,15311,94972,46770,15311,85067,62903,15311,68934,88087,15311,43750,7150,15311,124687,25247,61357,106590,36865,116878,94972,46770,176254,85067,62903,291113,68934,88087,585652,43750,31961,86552,99876,31961,86552,99876,41396,86552,90441,50131,86552,81706,58480,86552,73357,72606,86552,59231,92177,86552,39660,31961,86552,99876,41396,139723,90441,50131,195936,81706,58480,254962,73357,72606,372813,59231,92177,660211,39660
08_001375_001395_s5,08,block002,4013,29003,130962,4013,29003,130962,27882,29003,107093,40943,29003,94032,49627,29003,85348,61736,29003,73239,86865,29003,48110,4013,29003,130962,27882,99685,107093,40943,179228,94032,49627,261303,85348,61736,406225,73239,86865,709507,48110,36063,133699,98912,36063,133699,98912,45074,133699,89901,52154,133699,82821,58276,133699,76699,69704,133699,65271,92694,133699,42281,36063,133699,98912,45074,209325,89901,52154,286910,82821,58276,362866,76699,69704,497565,65271,92694,779609,42281
08_001400_001420_s5,08,block002,17506,12268,113954,17506,12268,113954,42498,12268,88962,55769,12268,75691,66091,12268,65369,79994,12268,51466,103793,12268,27667,17506,12268,113954,42498,59123,88962,55769,124591,75691,66091,199126,65369,79994,347837,51466,103793,690557,27667,49614,85876,81846,49614,85876,81846,60113,85876,71347,69198,85876,62262,76381,85876,55079,88442,85876,43018,107130,85876,24330,49614,85876,81846,60113,151364,71347,69198,223644,62262,76381,300433,55079,88442,448608,43018,107130,766900,24330
08_001425_001445_s5,08,block002,2571,29851,125717,2571,29851,125717,24750,29851,103538,38012,29851,90276,47634,29851,80654,61578,29851,66710,79865,29851,48423,2571,29851,125717,24750,101682,103538,38012,177554,90276,47634,255693,80654,61578,399638,66710,79865,707448,48423,33702,136184,94586,33702,136184,94586,42264,136184,86024,50985,136184,77303,58535,136184,69753,67736,136184,60552,83239,136184,45049,33702,136184,94586,42264,207573,86024,50985,281149,77303,58535,355685,69753,67736,492742,60552,83239,779002,45049
08_001450_001470_s5,08,block002,7852,23713,117786,7852,23713,117786,32234,23713,93404,43076,23713,82562,51850,23713,73788,63138,23713,62500,79572,23713,46066,7852,23713,117786,32234,88096,93404,43076,160380,82562,51850,235407,73788,63138,372827,62500,79572,670036,46066,38303,120662,87335,38303,120662,87335,47048,120662,78590,54531,120662,71107,60695,120662,64943,67838,120662,57800,83949,120662,41689,38303,120662,87335,47048,188958,78590,54531,260195,71107,60695,332008,64943,67838,463181,57800,83949,734115,41689
08_001475_001495_s5,08,block002,3994,25821,131767,3994,25821,131767,24917,25821,110844,34915,25821,100846,43186,25821,92575,54522,25821,81239,76360,25821,59401,3994,25821,131767,24917,83133,110844,34915,144166,100846,43186,204866,92575,54522,317117,81239,76360,574575,59401,30488,110916,105273,30488,110916,105273,38599,110916,97162,45556,110916,90205,51187,110916,84574,61873,110916,73888,81331,110916,54430,30488,110916,105273,38599,167204,97162,45556,224211,90205,51187,282893,84574,61873,390918,73888,81331,641802,54430
08_001500_001520_s5,08,block003,5829,12205,124080,5829,12205,124080,20365,12205,109544,28554,12205,101355,34496,12205,95413,42401,12205,87508,59362,12205,70547,5829,12205,124080,20365,47911,109544,28554,86814,101355,34496,126606,95413,42401,200884,87508,59362,371658,70547,24956,65370,104953,24956,65370,104953,31331,65370,98578,36038,65370,93871,40039,65370,89870,47887,65370,82022,63180,65370,66729,24956,65370,104953,31331,102134,98578,36038,139989,93871,40039,178559,89870,47887,250382,82022,63180,419236,66729
08_001525_001545_s5,08,block003,10503,22642,121884,10503,22642,121884,31558,22642,100829,41646,22642,90741,48479,22642,83908,59055,22642,73332,78279,22642,54108,10503,22642,121884,31558,88359,100829,41646,156607,90741,48479,226441,83908,59055,353122,73332,78279,624967,54108,37896,120945,94491,37896,120945,94491,44857,120945,87530,50609,120945,81778,56043,120945,76344,65844,120945,66543,82161,120945,50226,37896,120945,94491,44857,183865,87530,50609,249646,81778,56043,316021,76344,65844,433475,66543,82161,691061,50226
08_001550_001570_s5,08,block003,13450,13648,125164,13450,13648,125164,32445,13648,106169,42235,13648,96379,49377,13648,89237,59360,13648,79254,77699,13648,60915,13450,13648,125164,32445,54349,106169,42235,100807,96379,49377,150686,89237,59360,255390,79254,77699,483282,60915,37953,74519,100661,37953,74519,100661,45495,74519,93119,51371,74519,87243,56552,74519,82062,65918,74519,72696,81319,74519,57295,37953,74519,100661,45495,118511,93119,51371,167706,87243,56552,222753,82062,65918,322142,72696,81319,541205,57295
08_001575_001595_s5,08,block003,15586,11492,117564,15586,11492,117564,37619,11492,95531,45467,11492,87683,50948,11492,82202,59923,11492,73227,75809,11492,57341,15586,11492,117564,37619,55518,95531,45467,124579,87683,50948,205972,82202,59923,368304,73227,75809,758381,57341,41999,83471,91151,41999,83471,91151,47789,83471,85361,52654,83471,80496,57395,83471,75755,65437,83471,67713,78958,83471,54192,41999,83471,91151,47789,154215,85361,52654,233835,80496,57395,318479,75755,65437,482290,67713,78958,858542,54192
08_001600_001620_s5,08,block003,14023,7181,127094,14023,7181,127094,44391,7181,96726,55619,7181,85498,62759,7181,78358,71768,7181,69349,89372,7181,51745,14023,7181,127094,44391,37005,96726,55619,97805,85498,62759,171061,78358,71768,319576,69349,89372,693691,51745,50743,60830,90374,50743,60830,90374,58482,60830,82635,64573,60830,76544,69453,60830,71664,77495,60830,63622,93439,60830,47678,50743,60830,90374,58482,124107,82635,64573,195947,76544,69453,273076,71664,77495,423406,63622,93439,800608,47678
08_001625_001645_s5,08,block003,12259,21299,148380,12259,21299,148380,48011,21299,112628,66205,21299,94434,78133,21299,82506,93845,21299,66794,115937,21299,44702,12259,21299,148380,48011,97010,112628,66205,188029,94434,78133,283841,82506,93845,453682,66794,115937,788578,44702,58355,136026,102284,58355,136026,102284,71283,136026,89356,81564,136026,79075,89642,136026,70997,101215,136026,59424,120881,136026,39758,58355,136026,102284,71283,224291,89356,81564,315695,79075,89642,404868,70997,101215,555781,59424,120881,871524,39758
08_001650_001670_s5,08,block003,16959,19725,159401,16959,19725,159401,53654,19725,122706,71924,19725,104436,83515,19725,92845,97917,19725,78443,119631,19725,56729,16959,19725,159401,53654,90802,122706,71924,182326,104436,83515,281695,92845,97917,456541,78443,119631,798902,56729,63316,128589,113044,63316,128589,113044,77180,128589,99180,86424,128589,89936,93719,128589,82641,105817,128589,70543,123827,128589,52533,63316,128589,113044,77180,219222,99180,86424,312563,89936,93719,403676,82641,105817,560537,70543,123827,881198,52533
08_001675_001695_s5,08,block003,14199,17477,168519,14199,17477,168519,49496,17477,133222,70078,17477,112640,83317,17477,99401,99387,17477,83331,124507,17477,58211,14199,17477,168519,49496,88545,133222,70078,190810,112640,83317,300146,99401,99387,486574,83331,124507,848673,58211,60813,134780,121905,60813,134780,121905,76090,134780,106628,86749,134780,95969,95388,134780,87330,106937,134780,75781,131708,134780,51010,60813,134780,121905,76090,234326,106628,86749,334972,95969,95388,431178,87330,106937,600396,75781,131708,935432,51010
08_001700_001720_s5,08,block003,12588,22694,133117,12588,22694,133117,43110,22694,102595,59750,22694,85955,70008,22694,75697,81761,22694,63944,102330,22694,43375,12588,22694,133117,43110,102053,102595,59750,210439,85955,70008,324333,75697,81761,516463,63944,102330,831973,43375,53111,154564,92594,53111,154564,92594,64510,154564,81195,72818,154564,72887,78838,154564,66867,88073,154564,57632,106201,154564,39504,53111,154564,92594,64510,256882,81195,72818,362388,72887,78838,463754,66867,88073,620928,57632,106201,906415,39504
08_001725_001745_s5,08,block003,14088,12862,112620,14088,12862,112620,41571,12862,85137,53689,12862,73019,61360,12862,65348,71141,12862,55567,88107,12862,38601,14088,12862,112620,41571,75774,85137,53689,161478,73019,61360,255810,65348,71141,428507,55567,88107,763133,38601,48971,113956,77737,48971,113956,77737,57296,113956,69412,63436,113956,63272,68562,113956,58146,76657,113956,50051,91702,113956,35006,48971,113956,77737,57296,197929,69412,63436,288439,63272,68562,379798,58146,76657,531421,50051,91702,842511,35006
08_001750_001770_s5,08,block003,13392,21556,113811,13392,21556,113811,45210,21556,81993,63495,21556,63708,73120,21556,54083,84877,21556,42326,102173,21556,25030,13392,21556,113811,45210,128013,81993,63495,273741,63708,73120,420600,54083,84877,675460,42326,102173,1183033,25030,56585,200224,70618,56585,200224,70618,68275,200224,58928,75658,200224,51545,81780,200224,45423,91115,200224,36088,105623,200224,21580,56585,200224,70618,68275,335106,58928,75658,470368,51545,81780,603194,45423,91115,838134,36088,105623,1290060,21580
08_001775_001795_s5,08,block003,10935,35198,113441,10935,35198,113441,44437,35198,79939,64700,35198,59676,74661,35198,49715,86482,35198,37894,102713,35198,21663,10935,35198,113441,44437,177293,79939,64700,335402,59676,74661,487941,49715,86482,736256,37894,102713,1169709,21663,56805,257457,67571,56805,257457,67571,69975,257457,54401,77412,257457,46964,83801,257457,40575,92214,257457,32162,105678,257457,18698,56805,257457,67571,69975,399745,54401,77412,538042,46964,83801,668409,40575,92214,880083,32162,105678,1259201,18698
08_001800_001820_s5,08,block003,11892,26508,79493,11892,26508,79493,35913,26508,55472,46148,26508,45237,52278,26508,39107,59210,26508,32175,71132,26508,20253,11892,26508,79493,35913,108055,55472,46148,207815,45237,52278,316157,39107,59210,525072,32175,71132,952804,20253,42588,150380,48797,42588,150380,48797,48979,150380,42406,53906,150380,37479,57509,150380,33876,63216,150380,28169,73714,150380,17671,42588,150380,48797,48979,247340,42406,53906,352110,37479,57509,461739,33876,63216,656905,28169,73714,1050850,17671
08_001825_001845_s5,08,block003,8326,26328,74541,8326,26328,74541,25811,26328,57056,35395,26328,47472,41091,26328,41776,47009,26328,35858,60502,26328,22365,8326,26328,74541,25811,99486,57056,35395,188732,47472,41091,283916,41776,47009,452228,35858,60502,777295,22365,31956,139624,50911,31956,139624,50911,38245,139624,44622,42494,139624,40373,45709,139624,37158,49980,139624,32887,63464,139624,19403,31956,139624,50911,38245,224305,44622,42494,314446,40373,45709,402823,37158,49980,558402,32887,63464,848712,19403
08_001850_001870_s5,08,block003,4941,27060,101772,4941,27060,101772,29054,27060,77659,41166,27060,65547,49484,27060,57229,62844,27060,43869,79459,27060,27254,4941,27060,101772,29054,98908,77659,41166,182284,65547,49484,268385,57229,62844,424678,43869,79459,752209,27254,36478,133099,70235,36478,133099,70235,44453,133099,62260,52221,133099,54492,58845,133099,47868,70920,133099,35793,82056,133099,24657,36478,133099,70235,44453,213260,62260,52221,295151,54492,58845,376936,47868,70920,516794,35793,82056,838257,24657
08_001875_001895_s5,08,block003,9425,21538,83943,9425,21538,83943,33526,21538,59842,44017,21538,49351,50642,21538,42726,59787,21538,33581,73647,21538,19721,9425,21538,83943,33526,102582,59842,44017,207751,49351,50642,320213,42726,59787,522022,33581,73647,927148,19721,40071,151976,53297,40071,151976,53297,46963,151976,46405,52587,151976,40781,57425,151976,35943,64857,151976,28511,76387,151976,16981,40071,151976,53297,46963,252953,46405,52587,358263,40781,57425,462573,35943,64857,648985,28511,76387,1010471,16981
08_001900_001920_s5,08,block003,4284,25165,60350,4284,25165,60350,19789,25165,44845,29019,25165,35615,34857,25165,29777,40365,25165,24269,48904,25165,15730,4284,25165,60350,19789,96841,44845,29019,184042,35615,34857,277911,29777,40365,439430,24269,48904,744666,15730,25569,139323,39065,25569,139323,39065,31826,139323,32808,36369,139323,28265,39303,139323,25331,43267,139323,21367,50731,139323,13903,25569,139323,39065,31826,222158,32808,36369,309195,28265,39303,394377,25331,43267,538480,21367,50731,807811,13903
08_001925_001945_s5,08,block003,3154,12195,77064,3154,12195,77064,13414,12195,66804,21236,12195,58982,26667,12195,53551,33353,12195,46865,47657,12195,32561,3154,12195,77064,13414,45859,66804,21236,87766,58982,26667,134427,53551,33353,222833,46865,47657,409781,32561,17778,64732,62440,17778,64732,62440,24010,64732,56208,28277,64732,51941,31594,64732,48624,37690,64732,42528,50234,64732,29984,17778,64732,62440,24010,106104,56208,28277,150842,51941,31594,196733,48624,37690,282271,42528,50234,451590,29984
08_001950_001970_s5,08,block003,6418,5501,86690,6418,5501,86690,15673,5501,77435,21490,5501,71618,26161,5501,66947,32131,5501,60977,47165,5501,45943,6418,5501,86690,15673,25298,77435,21490,55749,71618,26161,91611,66947,32131,161561,60977,47165,310846,45943,18655,38041,74453,18655,38041,74453,23481,38041,69627,27492,38041,65616,30627,38041,62481,36477,38041,56631,50895,38041,42213,18655,38041,74453,23481,69274,69627,27492,103793,65616,30627,140273,62481,36477,209277,56631,50895,344909,42213
08_001975_001995_s5,08,block003,7754,7453,101455,7754,7453,101455,18879,7453,90330,26761,7453,82448,32656,7453,76553,41820,7453,67389,60077,7453,49132,7754,7453,101455,18879,34560,90330,26761,69930,82448,32656,109150,76553,41820,185252,67389,60077,335855,49132,22918,49341,86291,22918,49341,86291,29363,49341,79846,34396,49341,74813,39219,49341,69990,47380,49341,61829,64124,49341,45085,22918,49341,86291,29363,84266,79846,34396,122127,74813,39219,161680,69990,47380,233636,61829,64124,365922,45085
08_002000_002020_s5,08,block004,9222,9034,94571,9222,9034,94571,23649,9034,80144,33106,9034,70687,40480,9034,63313,48990,9034,54803,62265,9034,41528,9222,9034,94571,23649,39826,80144,33106,79142,70687,40480,121408,63313,48990,198391,54803,62265,371044,41528,28583,56529,75210,28583,56529,75210,36435,56529,67358,42462,56529,61331,46828,56529,56965,53188,56529,50605,64724,56529,39069,28583,56529,75210,36435,94516,67358,42462,135005,61331,46828,174908,56965,53188,250255,50605,64724,409221,39069
08_002025_002045_s5,08,block004,8345,10632,89934,8345,10632,89934,21475,10632,76804,29775,10632,68504,36013,10632,62266,43615,10632,54664,56488,10632,41791,8345,10632,89934,21475,42344,76804,29775,82765,68504,36013,128066,62266,43615,217668,54664,56488,404341,41791,25989,59630,72290,25989,59630,72290,32517,59630,65762,37723,59630,60556,41841,59630,56438,47079,59630,51200,59361,59630,38918,25989,59630,72290,32517,99581,65762,37723,143758,60556,41841,190301,56438,47079,274218,51200,59361,447677,38918
08_002050_002070_s5,08,block004,4786,10636,92870,4786,10636,92870,15759,10636,81897,21963,10636,75693,26419,10636,71237,32981,10636,64675,48843,10636,48813,4786,10636,92870,15759,38644,81897,21963,74094,75693,26419,113865,71237,32981,191345,64675,48843,340298,48813,18878,53687,78778,18878,53687,78778,23989,53687,73667,27665,53687,69991,31088,53687,66568,37992,53687,59664,52085,53687,45571,18878,53687,78778,23989,88772,73667,27665,127636,69991,31088,168830,66568,37992,240207,59664,52085,374508,45571
08_002075_002095_s5,08,block004,6525,12074,86998,6525,12074,86998,20048,12074,73475,25863,12074,67660,29131,12074,64392,34292,12074,59231,45969,12074,47554,6525,12074,86998,20048,46399,73475,25863,88945,67660,29131,131829,64392,34292,205518,59231,45969,329339,47554,23721,67576,69802,23721,67576,69802,27402,67576,66121,30172,67576,63351,32779,67576,60744,38094,67576,55429,48774,67576,44749,23721,67576,69802,27402,106739,66121,30172,146157,63351,32779,185437,60744,38094,247117,55429,48774,359168,44749
08_002100_002120_s5,08,block004,5205,5503,75465,5205,5503,75465,15950,5503,64720,23178,5503,57492,27417,5503,53253,33316,5503,47354,45086,5503,35584,5205,5503,75465,15950,27464,64720,23178,61032,57492,27417,99057,53253,33316,172655,47354,45086,330929,35584,20102,44017,60568,20102,44017,60568,25211,44017,55459,28629,44017,52041,31684,44017,48986,37308,44017,43362,47931,44017,32739,20102,44017,60568,25211,76972,55459,28629,112937,52041,31684,151434,48986,37308,224466,43362,47931,369091,32739
08_002125_002145_s5,08,block004,8841,11378,55505,8841,11378,55505,17546,11378,46800,22770,11378,41576,26362,11378,37984,31005,11378,33341,39841,11378,24505,8841,11378,55505,17546,44655,46800,22770,85291,41576,26362,126413,37984,31005,201044,33341,39841,363625,24505,20511,63602,43835,20511,63602,43835,24485,63602,39861,27363,63602,36983,29748,63602,34598,34290,63602,30056,41530,63602,22816,20511,63602,43835,24485,101865,39861,27363,140082,36983,29748,179340,34598,34290,251703,30056,41530,401151,22816
08_002150_002170_s5,08,block004,7350,5246,76229,7350,5246,76229,17753,5246,65826,22499,5246,61080,26642,5246,56937,32941,5246,50638,44262,5246,39317,7350,5246,76229,17753,24589,65826,22499,54663,61080,26642,87859,56937,32941,153981,50638,44262,330653,39317,20670,38700,62909,20670,38700,62909,24304,38700,59275,28028,38700,55551,31305,38700,52274,36990,38700,46589,46670,38700,36909,20670,38700,62909,24304,67834,59275,28028,99691,55551,31305,134466,52274,36990,203823,46589,46670,376435,36909
08_002175_002195_s5,08,block004,4589,11891,72063,4589,11891,72063,13966,11891,62686,19994,11891,56658,24144,11891,52508,29352,11891,47300,39774,11891,36878,4589,11891,72063,13966,46077,62686,19994,87307,56658,24144,134249,52508,29352,233286,47300,39774,455088,36878,17244,64322,59408,17244,64322,59408,21902,64322,54750,25235,64322,51417,27972,64322,48680,32755,64322,43897,42527,64322,34125,17244,64322,59408,21902,104985,54750,25235,151432,51417,27972,203194,48680,32755,304561,43897,42527,504017,34125
08_002200_002220_s5,08,block004,6437,11626,79923,6437,11626,79923,16897,11626,69463,21921,11626,64439,26393,11626,59967,35613,11626,50747,51317,11626,35043,6437,11626,79923,16897,50274,69463,21921,99486,64439,26393,154339,59967,35613,260499,50747,51317,492194,35043,19754,73452,66606,19754,73452,66606,23829,73452,62531,28041,73452,58319,32762,73452,53598,41512,73452,44848,54319,73452,32041,19754,73452,66606,23829,121331,62531,28041,173943,58319,32762,229450,53598,41512,335065,44848,54319,545007,32041
08_002225_002245_s5,08,block004,7823,11876,79354,7823,11876,79354,29039,11876,58138,39519,11876,47658,46027,11876,41150,53758,11876,33419,66986,11876,20191,7823,11876,79354,29039,53577,58138,39519,111391,47658,46027,174414,41150,53758,292007,33419,66986,535402,20191,34923,80574,52254,34923,80574,52254,42563,80574,44614,47942,80574,39235,52006,80574,35171,57275,80574,29902,70626,80574,16551,34923,80574,52254,42563,135971,44614,47942,195948,39235,52006,257316,35171,57275,368380,29902,70626,589625,16551
08_002250_002270_s5,08,block004,8775,10988,79713,8775,10988,79713,21603,10988,66885,28699,10988,59789,34398,10988,54090,42579,10988,45909,55732,10988,32756,8775,10988,79713,21603,47335,66885,28699,91479,59789,34398,138618,54090,42579,224785,45909,55732,422603,32756,25245,65839,63243,25245,65839,63243,31228,65839,57260,36058,65839,52430,40497,65839,47991,46626,65839,41862,59147,65839,29341,25245,65839,63243,31228,108763,57260,36058,153463,52430,40497,197993,47991,46626,283511,41862,59147,471058,29341
08_002275_002295_s5,08,block004,9788,4741,67931,9788,4741,67931,20467,4741,57252,25296,4741,52423,29324,4741,48395,35770,4741,41949,45812,4741,31907,9788,4741,67931,20467,27010,57252,25296,57018,52423,29324,90077,48395,35770,157970,41949,45812,318914,31907,22829,39043,54890,22829,39043,54890,26925,39043,50794,30495,39043,47224,33925,39043,43794,39212,39043,38507,48040,39043,29679,22829,39043,54890,26925,68646,50794,30495,100940,47224,33925,135915,43794,39212,204154,38507,48040,360816,29679
08_002300_002320_s5,08,block004,8970,12543,81129,8970,12543,81129,19764,12543,70335,25974,12543,64125,30894,12543,59205,38432,12543,51667,54481,12543,35618,8970,12543,81129,19764,60097,70335,25974,119549,64125,30894,185411,59205,38432,311999,51667,54481,558253,35618,23451,87145,66648,23451,87145,66648,28265,87145,61834,32425,87145,57674,36203,87145,53896,43448,87145,46651,56796,87145,33303,23451,87145,66648,28265,145140,61834,32425,208166,57674,36203,273600,53896,43448,394164,46651,56796,610827,33303
08_002325_002345_s5,08,block004,5284,14298,81969,5284,14298,81969,15379,14298,71874,22866,14298,64387,29138,14298,58115,37279,14298,49974,51072,14298,36181,5284,14298,81969,15379,55908,71874,22866,108634,64387,29138,166866,58115,37279,274085,49974,51072,473797,36181,19247,78472,68006,19247,78472,68006,25663,78472,61590,31139,78472,56114,35412,78472,51841,41747,78472,45506,53655,78472,33598,19247,78472,68006,25663,130649,61590,31139,186145,56114,35412,241824,51841,41747,338311,45506,53655,514327,33598
08_002350_002370_s5,08,block004,1808,20660,94750,1808,20660,94750,11312,20660,85246,18538,20660,78020,24761,20660,71797,33304,20660,63254,43694,20660,52864,1808,20660,94750,11312,66963,85246,18538,120549,78020,24761,174565,71797,33304,263696,63254,43694,430170,52864,15326,91036,81232,15326,91036,81232,20961,91036,75597,26829,91036,69729,31369,91036,65189,36773,91036,59785,46659,91036,49899,15326,91036,81232,20961,141785,75597,26829,191385,69729,31369,238212,65189,36773,318223,59785,46659,468458,49899
08_002375_002395_s5,08,block004,1676,11918,91401,1676,11918,91401,10674,11918,82403,15736,11918,77341,20018,11918,73059,25914,11918,67163,33692,11918,59385,1676,11918,91401,10674,37433,82403,15736,64712,77341,20018,93576,73059,25914,149128,67163,33692,274373,59385,13704,48375,79373,13704,48375,79373,17318,48375,75759,21422,48375,71655,24563,48375,68514,28772,48375,64305,36238,48375,56839,13704,48375,79373,17318,75263,75759,21422,103164,71655,24563,132027,68514,28772,186569,64305,36238,304889,56839
08_002400_002420_s5,08,block004,5129,8370,98761,5129,8370,98761,16256,8370,87634,23020,8370,80870,28025,8370,75865,35172,8370,68718,48048,8370,55842,5129,8370,98761,16256,38594,87634,23020,80499,80870,28025,128688,75865,35172,222139,68718,48048,423990,55842,20070,58441,83820,20070,58441,83820,25294,58441,78596,29535,58441,74355,33323,58441,70567,38951,58441,64939,51663,58441,52227,20070,58441,83820,25294,99974,78596,29535,146418,74355,33323,195190,70567,38951,285170,64939,51663,474177,52227
08_002425_002445_s5,08,block004,4769,5747,94168,4769,5747,94168,15944,5747,82993,22717,5747,76220,28280,5747,70657,37201,5747,61736,48521,5747,50416,4769,5747,94168,15944,27383,82993,22717,61795,76220,28280,102297,70657,37201,188852,61736,48521,408455,50416,19956,41744,78981,19956,41744,78981,25034,41744,73903,30279,41744,68658,35222,41744,63715,41189,41744,57748,51389,41744,47548,19956,41744,78981,25034,77313,73903,30279,116921,68658,35222,161215,63715,41189,254408,57748,51389,461617,47548
08_002450_002470_s5,08,block004,2645,37016,68601,2645,37016,68601,17817,37016,53429,26930,37016,44316,35038,37016,36208,44229,37016,27017,54936,37016,16310,2645,37016,68601,17817,116989,53429,26930,204549,44316,35038,289143,36208,44229,426146,27017,54936,673920,16310,23144,159883,48102,23144,159883,48102,30843,159883,40403,37216,159883,34030,41875,159883,29371,49185,159883,22061,56895,159883,14351,23144,159883,48102,30843,239675,40403,37216,316106,34030,41875,388341,29371,49185,508678,22061,56895,726225,14351
08_002475_002495_s5,08,block004,12168,15934,70138,12168,15934,70138,29678,15934,52628,39464,15934,42842,45665,15934,36641,52941,15934,29365,62564,15934,19742,12168,15934,70138,29678,72492,52628,39464,146090,42842,45665,222707,36641,52941,352008,29365,62564,581643,19742,35829,107718,46477,35829,107718,46477,42503,107718,39803,47435,107718,34871,51271,107718,31035,56835,107718,25471,64253,107718,18053,35829,107718,46477,42503,175906,39803,47435,247701,34871,51271,316510,31035,56835,429762,25471,64253,632033,18053
08_002500_002520_s5,08,block005,8953,8413,91073,8953,8413,91073,19953,8413,80073,26094,8413,73932,31144,8413,68882,38300,8413,61726,49282,8413,50744,8953,8413,91073,19953,40342,80073,26094,83526,73932,31144,131657,68882,38300,219409,61726,49282,388409,50744,23443,59732,76583,23443,59732,76583,28296,59732,71730,32799,59732,67227,36609,59732,63417,41876,59732,58150,51793,59732,48233,23443,59732,76583,28296,102241,71730,32799,148126,67227,36609,194193,63417,41876,273005,58150,51793,426117,48233
08_002525_002545_s5,08,block005,5772,12891,87928,5772,12891,87928,17220,12891,76480,22969,12891,70731,28034,12891,65666,33574,12891,60126,45996,12891,47704,5772,12891,87928,17220,43487,76480,22969,80152,70731,28034,120331,65666,33574,197341,60126,45996,375280,47704,20365,59386,73335,20365,59386,73335,25301,59386,68399,29357,59386,64343,32239,59386,61461,36739,59386,56961,50362,59386,43338,20365,59386,73335,25301,95253,68399,29357,133998,64343,32239,174125,61461,36739,248679,56961,50362,419900,43338
08_002550_002570_s5,08,block005,3240,17226,109786,3240,17226,109786,17962,17226,95064,25629,17226,87397,33088,17226,79938,42795,17226,70231,61354,17226,51672,3240,17226,109786,17962,63489,95064,25629,117722,87397,33088,172451,79938,42795,268244,70231,61354,453620,51672,21778,87315,91248,21778,87315,91248,28630,87315,84396,35032,87315,77994,40008,87315,73018,48255,87315,64771,65152,87315,47874,21778,87315,91248,28630,138767,84396,35032,189823,77994,40008,239595,73018,48255,327564,64771,65152,493052,47874
08_002575_002595_s5,08,block005,4477,17983,95742,4477,17983,95742,16894,17983,83325,23725,17983,76494,29798,17983,70421,38545,17983,61674,51782,17983,48437,4477,17983,95742,16894,63430,83325,23725,117667,76494,29798,175490,70421,38545,278866,61674,51782,467704,48437,20520,88020,79699,20520,88020,79699,26415,88020,73804,31510,88020,68709,36063,88020,64156,43683,88020,56536,54609,88020,45610,20520,88020,79699,26415,140300,73804,31510,194472,68709,36063,248712,64156,43683,341504,56536,54609,503361,45610
08_002600_002620_s5,08,block005,7586,18476,61734,7586,18476,61734,15157,18476,54163,20093,18476,49227,24161,18476,45159,29412,18476,39908,39197,18476,30123,7586,18476,61734,15157,75651,54163,20093,155488,49227,24161,235012,45159,29412,349333,39908,39197,515995,30123,17882,115215,51438,17882,115215,51438,22017,115215,47303,25369,115215,43951,28116,115215,41204,32737,115215,36583,42093,115215,27227,17882,115215,51438,22017,190105,47303,25369,259861,43951,28116,320866,41204,32737,408308,36583,42093,552967,27227
08_002625_002645_s5,08,block005,9848,6804,140628,9848,6804,140628,23308,6804,127168,30512,6804,119964,36503,6804,113973,46408,6804,104068,73460,6804,77016,9848,6804,140628,23308,40142,127168,30512,88572,119964,36503,144828,113973,46408,252772,104068,73460,489412,77016,27574,60686,122902,27574,60686,122902,33267,60686,117209,38515,60686,111961,43754,60686,106722,54059,60686,96417,81325,60686,69151,27574,60686,122902,33267,109556,117209,38515,163821,111961,43754,220435,106722,54059,322153,96417,81325,551283,69151
08_002650_002670_s5,08,block005,9606,17770,130871,9606,17770,130871,24924,17770,115553,35898,17770,104579,44607,17770,95870,58195,17770,82282,82517,17770,57960,9606,17770,130871,24924,80813,115553,35898,155693,104579,44607,232190,95870,58195,365628,82282,82517,637989,57960,31225,118003,109252,31225,118003,109252,39921,118003,100556,47617,118003,92860,54665,118003,85812,66054,118003,74423,87234,118003,53243,31225,118003,109252,39921,187240,100556,47617,258001,92860,54665,327819,85812,66054,450085,74423,87234,699114,53243
08_002675_002695_s5,08,block005,8287,15596,114929,8287,15596,114929,23481,15596,99735,32797,15596,90419,41029,15596,82187,52689,15596,70527,72592,15596,50624,8287,15596,114929,23481,70862,99735,32797,138400,90419,41029,212442,82187,52689,352215,70527,72592,643823,50624,28829,104209,94387,28829,104209,94387,36407,104209,86809,43736,104209,79480,50043,104209,73173,58934,104209,64282,77776,104209,45440,28829,104209,94387,36407,168549,86809,43736,239336,79480,50043,312741,73173,58934,441973,64282,77776,712564,45440
08_002700_002720_s5,08,block005,8594,13852,105993,8594,13852,105993,27026,13852,87561,38005,13852,76582,44864,13852,69723,55128,13852,59459,73188,13852,41399,8594,13852,105993,27026,70310,87561,38005,142605,76582,44864,221720,69723,55128,376978,59459,73188,733485,41399,33799,104912,80788,33799,104912,80788,41191,104912,73396,47029,104912,67558,52487,104912,62100,61053,104912,53534,76718,104912,37869,33799,104912,80788,41191,173644,73396,47029,249833,67558,52487,330723,62100,61053,484597,53534,76718,818302,37869
08_002725_002745_s5,08,block005,9361,21091,109566,9361,21091,109566,30104,21091,88823,43777,21091,75150,53213,21091,65714,66411,21091,52516,87757,21091,31170,9361,21091,109566,30104,106052,88823,43777,211255,75150,53213,322081,65714,66411,507540,52516,87757,874396,31170,38453,156984,80474,38453,156984,80474,48048,156984,70879,56037,156984,62890,62867,156984,56060,73702,156984,45225,91351,156984,27576,38453,156984,80474,48048,257263,70879,56037,358883,62890,62867,455264,56060,73702,625302,45225,91351,947602,27576
08_002750_002770_s5,08,block005,6703,25588,120060,6703,25588,120060,21003,25588,105760,33231,25588,93532,43798,25588,82965,59264,25588,67499,79295,25588,47468,6703,25588,120060,21003,98296,105760,33231,175466,93532,43798,251800,82965,59264,386326,67499,79295,645966,47468,27894,136493,98869,27894,136493,98869,37913,136493,88850,47401,136493,79362,55485,136493,71278,67319,136493,59444,81811,136493,44952,27894,136493,98869,37913,206423,88850,47401,277076,79362,55485,346752,71278,67319,468825,59444,81811,701912,44952
08_002775_002795_s5,08,block005,6328,18736,115257,6328,18736,115257,22138,18736,99447,34122,18736,87463,43899,18736,77686,56925,18736,64660,78830,18736,42755,6328,18736,115257,22138,81279,99447,34122,154999,87463,43899,231149,77686,56925,369362,64660,78830,679254,42755,28541,115289,93044,28541,115289,93044,38584,115289,83001,46836,115289,74749,53534,115289,68051,64846,115289,56739,83024,115289,38561,28541,115289,93044,38584,185193,83001,46836,256071,74749,53534,327538,68051,64846,462958,56739,83024,751325,38561
08_002800_002820_s5,08,block005,11483,17810,109838,11483,17810,109838,36111,17810,85210,51860,17810,69461,62110,17810,59211,73976,17810,47345,96057,17810,25264,11483,17810,109838,36111,91854,85210,51860,194614,69461,62110,308872,59211,73976,518950,47345,96057,867776,25264,44967,141706,76354,44967,141706,76354,56715,141706,64606,64875,141706,56446,71034,141706,50287,80781,141706,40540,99442,141706,21879,44967,141706,76354,56715,242348,64606,64875,349624,56446,71034,459014,50287,80781,648807,40540,99442,932910,21879
08_002825_002845_s5,08,block005,11971,16105,101781,11971,16105,101781,36675,16105,77077,49162,16105,64590,58211,16105,55541,69878,16105,43874,87707,16105,26045,11971,16105,101781,36675,80009,77077,49162,167052,64590,58211,260346,55541,69878,432893,43874,87707,796689,26045,43941,122902,69811,43941,122902,69811,53435,122902,60317,60863,122902,52889,67030,122902,46722,75639,122902,38113,91076,122902,22676,43941,122902,69811,53435,205382,60317,60863,293729,52889,67030,383951,46722,75639,547826,38113,91076,883283,22676
08_002850_002870_s5,08,block005,11691,12909,102027,11691,12909,102027,35521,12909,78197,48612,12909,65106,57931,12909,55787,69864,12909,43854,83827,12909,29891,11691,12909,102027,35521,68211,78197,48612,153300,65106,57931,252241,55787,69864,449638,43854,83827,851734,29891,43603,105541,70115,43603,105541,70115,52848,105541,60870,60750,105541,52968,67130,105541,46588,75788,105541,37930,85906,105541,27812,43603,105541,70115,52848,191118,60870,60750,287138,52968,67130,389818,46588,75788,581522,37930,85906,941289,27812
08_002875_002895_s5,08,block005,9884,13298,96060,9884,13298,96060,27865,13298,78079,38965,13298,66979,46441,13298,59503,55048,13298,50896,71680,13298,34264,9884,13298,96060,27865,73658,78079,38965,160093,66979,46441,262211,59503,55048,468555,50896,71680,906094,34264,34279,115089,71665,34279,115089,71665,42450,115089,63494,48547,115089,57397,53013,115089,52931,59386,115089,46558,76013,115089,29931,34279,115089,71665,42450,200892,63494,48547,300627,57397,53013,408581,52931,59386,609448,46558,76013,1001997,29931
08_002900_002920_s5,08,block005,9031,14896,93744,9031,14896,93744,25495,14896,77280,37052,14896,65723,44755,14896,58020,53254,14896,49521,68040,14896,34735,9031,14896,93744,25495,75527,77280,37052,159570,65723,44755,253364,58020,53254,444986,49521,68040,846862,34735,32559,117446,70216,32559,117446,70216,40952,117446,61823,46869,117446,55906,51298,117446,51477,57953,117446,44822,71892,117446,30883,32559,117446,70216,40952,198341,61823,46869,288231,55906,51298,387752,51477,57953,582031,44822,71892,930325,30883
08_002925_002945_s5,08,block005,6617,32857,98275,6617,32857,98275,37308,32857,67584,55353,32857,49539,63519,32857,41373,71757,32857,33135,84312,32857,20580,6617,32857,98275,37308,144032,67584,55353,280295,49539,63519,421771,41373,71757,665551,33135,84312,1124695,20580,48973,205593,55919,48973,205593,55919,59605,205593,45287,65538,205593,39354,69930,205593,34962,75748,205593,29144,86408,205593,18484,48973,205593,55919,59605,334680,45287,65538,467459,39354,69930,595027,34962,75748,803366,29144,86408,1234397,18484
08_002950_002970_s5,08,block005,9056,20948,123311,9056,20948,123311,36735,20948,95632,51777,20948,80590,59159,20948,73208,68552,20948,63815,84942,20948,47425,9056,20948,123311,36735,100462,95632,51777,207340,80590,59159,317794,73208,68552,503473,63815,84942,880693,47425,45922,151471,86445,45922,151471,86445,55292,151471,77075,61111,151471,71256,65997,151471,66370,74149,151471,58218,89154,151471,43213,45922,151471,86445,55292,253427,77075,61111,353884,71256,65997,450583,66370,74149,623351,58218,89154,966106,43213
08_002975_002995_s5,08,block005,6659,14198,140108,6659,14198,140108,26302,14198,120465,39183,14198,107584,47605,14198,99162,58042,14198,88725,73706,14198,73061,6659,14198,140108,26302,60793,120465,39183,128770,107584,47605,209933,99162,58042,358468,88725,73706,672679,73061,33611,93316,113156,33611,93316,113156,43050,93316,103717,49987,93316,96780,55412,93316,91355,63494,93316,83273,77526,93316,69241,33611,93316,113156,43050,161927,103717,49987,239748,96780,55412,318178,91355,63494,453119,83273,77526,754323,69241
08_003000_003020_s5,08,block006,9383,14453,148503,9383,14453,148503,32715,14453,125171,47232,14453,110654,56952,14453,100934,70067,14453,87819,97536,14453,60350,9383,14453,148503,32715,64025,125171,47232,142814,110654,56952,237014,100934,70067,414661,87819,97536,790824,60350,40477,98680,117409,40477,98680,117409,51883,98680,106003,59708,98680,98178,66571,98680,91315,77768,98680,80118,105018,98680,52868,40477,98680,117409,51883,179243,106003,59708,269977,98178,66571,363301,91315,77768,527002,80118,105018,887546,52868
08_003025_003045_s5,08,block006,12200,24672,142958,12200,24672,142958,37542,24672,117616,48994,24672,106164,57327,24672,97831,69290,24672,85868,93495,24672,61663,12200,24672,142958,37542,104263,117616,48994,193480,106164,57327,285602,97831,69290,454469,85868,93495,774477,61663,44630,147669,110528,44630,147669,110528,52828,147669,102330,60004,147669,95154,66358,147669,88800,76475,147669,78683,99875,147669,55283,44630,147669,110528,52828,229813,102330,60004,317136,95154,66358,406123,88800,76475,559038,78683,99875,845184,55283
08_003050_003070_s5,08,block006,12095,21676,146905,12095,21676,146905,35956,21676,123044,52269,21676,106731,64333,21676,94667,81199,21676,77801,109310,21676,49690,12095,21676,146905,35956,87162,123044,52269,168735,106731,64333,255556,94667,81199,399824,77801,109310,646340,49690,44528,127893,114472,44528,127893,114472,57674,127893,101326,67924,127893,91076,76768,127893,82232,91028,127893,67972,115198,127893,43802,44528,127893,114472,57674,204588,101326,67924,284681,91076,76768,360855,82232,91028,482263,67972,115198,702994,43802
08_003075_003095_s5,08,block006,12339,9085,141315,12339,9085,141315,31722,9085,121932,45429,9085,108225,56961,9085,96693,72615,9085,81039,96245,9085,57409,12339,9085,141315,31722,46862,121932,45429,100156,108225,56961,160625,96693,72615,266543,81039,96245,455196,57409,38904,72485,114750,38904,72485,114750,50470,72485,103184,60402,72485,93252,68742,72485,84912,80645,72485,73009,101738,72485,51916,38904,72485,114750,50470,124680,103184,60402,181928,93252,68742,238628,84912,80645,326051,73009,101738,504812,51916
08_003100_003120_s5,08,block006,3192,13680,143253,3192,13680,143253,16809,13680,129636,27508,13680,118937,35975,13680,110470,47798,13680,98647,73588,13680,72857,3192,13680,143253,16809,45300,129636,27508,81749,118937,35975,121792,110470,47798,197963,98647,73588,358003,72857,22762,62603,123683,22762,62603,123683,31039,62603,115406,38480,62603,107965,44782,62603,101663,55170,62603,91275,80100,62603,66345,22762,62603,123683,31039,97868,115406,38480,135693,107965,44782,175454,101663,55170,249373,91275,80100,390191,66345
08_003125_003145_s5,08,block006,10226,9048,123176,10226,9048,123176,26745,9048,106657,37704,9048,95698,46099,9048,87303,58721,9048,74681,86099,9048,47303,10226,9048,123176,26745,40201,106657,37704,82284,95698,46099,131426,87303,58721,232297,74681,86099,441610,47303,32508,60126,100894,32508,60126,100894,41375,60126,92027,48578,60126,84824,55388,60126,78014,66765,60126,66637,92784,60126,40618,32508,60126,100894,41375,101542,92027,48578,149184,84824,55388,201707,78014,66765,302363,66637,92784,484652,40618
08_003150_003170_s5,08,block006,9808,12013,124745,9808,12013,124745,24578,12013,109975,33606,12013,100947,40087,12013,94466,49991,12013,84562,71240,12013,63313,9808,12013,124745,24578,51903,109975,33606,103792,100947,40087,163706,94466,49991,280528,84562,71240,503929,63313,29223,75743,105330,29223,75743,105330,36383,75743,98170,42050,75743,92503,47242,75743,87311,56705,75743,77848,76735,75743,57818,29223,75743,105330,36383,126840,98170,42050,185096,92503,47242,247091,87311,56705,354177,77848,76735,553889,57818
08_003175_003195_s5,08,block006,9348,18123,141802,9348,18123,141802,26490,18123,124660,37799,18123,113351,47760,18123,103390,63020,18123,88130,95657,18123,55493,9348,18123,141802,26490,76672,124660,37799,142521,113351,47760,213248,103390,63020,343004,88130,95657,549224,55493,32454,108373,118696,32454,108373,118696,42160,108373,108990,50942,108373,100208,58911,108373,92239,72171,108373,78979,103878,108373,47272,32454,108373,118696,42160,170305,108990,50942,237931,100208,58911,306534,92239,72171,416017,78979,103878,592983,47272
08_003200_003220_s5,08,block006,12641,8594,130878,12641,8594,130878,31658,8594,111861,43274,8594,100245,51596,8594,91923,64135,8594,79384,85607,8594,57912,12641,8594,130878,31658,39604,111861,43274,78881,100245,51596,123505,91923,64135,214009,79384,85607,408794,57912,37537,56784,105982,37537,56784,105982,46808,56784,96711,54015,56784,89504,60555,56784,82964,71276,56784,72243,90562,56784,52957,37537,56784,105982,46808,95557,96711,54015,139067,89504,60555,186210,82964,71276,279193,72243,90562,452719,52957
08_003225_003245_s5,08,block006,8929,8064,126255,8929,8064,126255,20888,8064,114296,29953,8064,105231,38224,8064,96960,51283,8064,83901,77772,8064,57412,8929,8064,126255,20888,37578,114296,29953,77789,105231,38224,125477,96960,51283,221407,83901,77772,415311,57412,25726,57635,109458,25726,57635,109458,33534,57635,101650,40929,57635,94255,47779,57635,87405,59451,57635,75733,83154,57635,52030,25726,57635,109458,33534,97334,101650,40929,143495,94255,47779,193755,87405,59451,285187,75733,83154,458752,52030
08_003250_003270_s5,08,block006,4852,19704,121858,4852,19704,121858,18372,19704,108338,29128,19704,97582,37489,19704,89221,50183,19704,76527,70907,19704,55803,4852,19704,121858,18372,73064,108338,29128,133529,97582,37489,196224,89221,50183,308630,76527,70907,514311,55803,24347,102544,102363,24347,102544,102363,32778,102544,93932,40149,102544,86561,46895,102544,79815,56479,102544,70231,76746,102544,49964,24347,102544,102363,32778,159255,93932,40149,217685,86561,46895,276512,79815,56479,378158,70231,76746,557173,49964
08_003275_003295_s5,08,block006,10119,14140,130786,10119,14140,130786,32328,14140,108577,46420,14140,94485,56322,14140,84583,71521,14140,69384,99651,14140,41254,10119,14140,130786,32328,54891,108577,46420,107043,94485,56322,164823,84583,71521,272528,69384,99651,504890,41254,40632,79160,100273,40632,79160,100273,50988,79160,89917,59445,79160,81460,67437,79160,73468,80338,79160,60567,106030,79160,34875,40632,79160,100273,50988,129947,89917,59445,184666,81460,67437,240551,73468,80338,342773,60567,106030,562978,34875
08_003300_003320_s5,08,block006,11402,9110,131086,11402,9110,131086,33991,9110,108497,47444,9110,95044,57509,9110,84979,71647,9110,70841,95668,9110,46820,11402,9110,131086,33991,43881,108497,47444,88252,95044,57509,136140,84979,71647,230576,70841,95668,447947,46820,41469,64837,101019,41469,64837,101019,51823,64837,90665,60498,64837,81990,67761,64837,74727,79600,64837,62888,100368,64837,42120,41469,64837,101019,51823,107118,90665,60498,153095,81990,67761,202140,74727,79600,296559,62888,100368,496623,42120
08_003325_003345_s5,08,block006,6113,14259,157826,6113,14259,157826,22315,14259,141624,31730,14259,132209,38482,14259,125457,48928,14259,115011,70009,14259,93930,6113,14259,157826,22315,50654,141624,31730,93614,132209,38482,140297,125457,48928,227508,115011,70009,404642,93930,27497,69694,136442,27497,69694,136442,34516,69694,129423,40376,69694,123563,45772,69694,118167,55564,69694,108375,75038,69694,88901,27497,69694,136442,34516,111383,129423,40376,156051,123563,45772,201658,118167,55564,281696,108375,75038,449361,88901
08_003350_003370_s5,08,block006,9158,16378,146883,9158,16378,146883,33569,16378,122472,48886,16378,107155,61278,16378,94763,78949,16378,77092,107871,16378,48170,9158,16378,146883,33569,63846,122472,48886,124228,107155,61278,188132,94763,78949,311010,77092,107871,581080,48170,41692,90499,114349,41692,90499,114349,54343,90499,101698,65079,90499,90962,74243,90499,81798,88923,90499,67118,113722,90499,42319,41692,90499,114349,54343,148524,101698,65079,209302,90962,74243,272957,81798,88923,392623,67118,113722,641807,42319
08_003375_003395_s5,08,block006,13072,7552,105915,13072,7552,105915,31230,7552,87757,41832,7552,77155,50349,7552,68638,61367,7552,57620,76338,7552,42649,13072,7552,105915,31230,30464,87757,41832,60140,77155,50349,92565,68638,61367,157623,57620,76338,306754,42649,37335,43576,81652,37335,43576,81652,45511,43576,73476,52697,43576,66290,58576,43576,60411,67591,43576,51396,78343,43576,40644,37335,43576,81652,45511,72180,73476,52697,103586,66290,58576,137610,60411,67591,201054,51396,78343,347250,40644
08_003400_003420_s5,08,block006,10593,14338,69543,10593,14338,69543,25886,14338,54250,33150,14338,46986,38877,14338,41259,45564,14338,34572,53509,14338,26627,10593,14338,69543,25886,51897,54250,33150,96870,46986,38877,146350,41259,45564,244081,34572,53509,467250,26627,29950,70997,50186,29950,70997,50186,35427,70997,44709,40458,70997,39678,44122,70997,36014,48499,70997,31637,55054,70997,25082,29950,70997,50186,35427,114730,44709,40458,162358,39678,44122,213059,36014,48499,310388,31637,55054,521114,25082
08_003425_003445_s5,08,block006,8419,11133,98626,8419,11133,98626,21621,11133,85424,28423,11133,78622,34241,11133,72804,43149,11133,63896,57857,11133,49188,8419,11133,98626,21621,42396,85424,28423,81706,78622,34241,124157,72804,43149,205582,63896,57857,406452,49188,25522,60539,81523,25522,60539,81523,31033,60539,76012,36098,60539,70947,40811,60539,66234,47950,60539,59095,60611,60539,46434,25522,60539,81523,31033,98268,76012,36098,139230,70947,40811,181701,66234,47950,263019,59095,60611,458350,46434
08_003450_003470_s5,08,block006,6656,10446,100112,6656,10446,100112,22089,10446,84679,31067,10446,75701,37856,10446,68912,48738,10446,58030,65922,10446,40846,6656,10446,100112,22089,41294,84679,31067,88751,75701,37856,145173,68912,48738,265166,58030,65922,555177,40846,26691,62381,80077,26691,62381,80077,33903,62381,72865,40107,62381,66661,45853,62381,60915,55648,62381,51120,68635,62381,38133,26691,62381,80077,33903,110241,72865,40107,165445,66661,45853,227254,60915,55648,353518,51120,68635,617735,38133
08_003475_003495_s5,08,block006,7351,9666,123717,7351,9666,123717,25206,9666,105862,35189,9666,95879,41578,9666,89490,49853,9666,81215,68160,9666,62908,7351,9666,123717,25206,39521,105862,35189,83323,95879,41578,133563,89490,49853,230503,81215,68160,442876,62908,30812,57500,100256,30812,57500,100256,38081,57500,92987,43355,57500,87713,47790,57500,83278,54798,57500,76270,72584,57500,58484,30812,57500,100256,38081,101908,92987,43355,150618,87713,47790,200583,83278,54798,295526,76270,72584,490320,58484
08_003500_003520_s5,08,block007,5698,11341,112560,5698,11341,112560,18770,11341,99488,28447,11341,89811,35304,11341,82954,44456,11341,73802,62347,11341,55911,5698,11341,112560,18770,43198,99488,28447,80538,89811,35304,122229,82954,44456,204888,73802,62347,392008,55911,23715,59659,94543,23715,59659,94543,31433,59659,86825,37366,59659,80892,42125,59659,76133,49445,59659,68813,67712,59659,50546,23715,59659,94543,31433,96355,86825,37366,136855,80892,42125,179989,76133,49445,260648,68813,67712,437445,50546
08_003525_003545_s5,08,block007,3694,10001,127877,3694,10001,127877,14741,10001,116830,22354,10001,109217,28883,10001,102688,40525,10001,91046,60438,10001,71133,3694,10001,127877,14741,41953,116830,22354,82356,109217,28883,127192,102688,40525,214826,91046,60438,394124,71133,19178,60684,112393,19178,60684,112393,25124,60684,106447,31175,60684,100396,37275,60684,94296,46915,60684,84656,65013,60684,66558,19178,60684,112393,25124,100096,106447,31175,143114,100396,37275,188771,94296,46915,274129,84656,65013,436984,66558
08_003550_003570_s5,08,block007,9181,20196,110942,9181,20196,110942,24679,20196,95444,34292,20196,85831,42091,20196,78032,54232,20196,65891,68702,20196,51421,9181,20196,110942,24679,86158,95444,34292,167781,85831,42091,252285,78032,54232,399446,65891,68702,687987,51421,29903,125671,90220,29903,125671,90220,37668,125671,82455,44863,125671,75260,51242,125671,68881,59850,125671,60273,70836,125671,49287,29903,125671,90220,37668,202666,82455,44863,280326,75260,51242,356873,68881,59850,492021,60273,70836,751006,49287
08_003575_003595_s5,08,block007,6882,13649,103718,6882,13649,103718,21601,13649,88999,30297,13649,80303,37332,13649,73268,47974,13649,62626,64632,13649,45968,6882,13649,103718,21601,56406,88999,30297,106212,80303,37332,159566,73268,47974,259913,62626,64632,463591,45968,26630,79043,83970,26630,79043,83970,33426,79043,77174,39680,79043,70920,45290,79043,65310,53590,79043,57010,69838,79043,40762,26630,79043,83970,33426,126992,77174,39680,177641,70920,45290,229777,65310,53590,329587,57010,69838,504859,40762
08_003600_003620_s5,08,block007,6170,8030,92833,6170,8030,92833,21186,8030,77817,27114,8030,71889,31080,8030,67923,37902,8030,61101,50938,8030,48065,6170,8030,92833,21186,37208,77817,27114,81558,71889,31080,127767,67923,37902,215785,61101,50938,404911,48065,24657,57197,74346,24657,57197,74346,28767,57197,70236,32396,57197,66607,36135,57197,62868,41540,57197,57463,54130,57197,44873,24657,57197,74346,28767,99531,70236,32396,143313,66607,36135,188838,62868,41540,274621,57463,54130,449585,44873
08_003625_003645_s5,08,block007,7130,10864,107280,7130,10864,107280,27441,10864,86969,36606,10864,77804,42447,10864,71963,50281,10864,64129,66511,10864,47899,7130,10864,107280,27441,42494,86969,36606,94661,77804,42447,155286,71963,50281,277989,64129,66511,566081,47899,32876,65309,81534,32876,65309,81534,39172,65309,75238,44425,65309,69985,48603,65309,65807,54382,65309,60028,70277,65309,44133,32876,65309,81534,39172,117839,75238,44425,176574,69985,48603,239903,65807,54382,365810,60028,70277,629297,44133
08_003650_003670_s5,08,block007,8463,12437,90010,8463,12437,90010,21126,12437,77347,27804,12437,70669,33243,12437,65230,40494,12437,57979,53575,12437,44898,8463,12437,90010,21126,53779,77347,27804,102554,70669,33243,154036,65230,40494,251262,57979,53575,455621,44898,24836,75270,73637,24836,75270,73637,30142,75270,68331,35010,75270,63463,38846,75270,59627,44532,75270,53941,56072,75270,42401,24836,75270,73637,30142,121957,68331,35010,170929,63463,38846,221664,59627,44532,316449,53941,56072,497317,42401
08_003675_003695_s5,08,block007,5107,11540,109443,5107,11540,109443,17605,11540,96945,26156,11540,88394,32301,11540,82249,40579,11540,73971,55216,11540,59334,5107,11540,109443,17605,47141,96945,26156,93386,88394,32301,145486,82249,40579,249824,73971,55216,482329,59334,21903,68836,92647,21903,68836,92647,28937,68836,85613,33972,68836,80578,38530,68836,76020,44749,68836,69801,59376,68836,55174,21903,68836,92647,28937,114001,85613,33972,164366,80578,38530,218661,76020,44749,324793,69801,59376,533993,55174
08_003700_003720_s5,08,block007,3258,22005,89211,3258,22005,89211,15816,22005,76653,23122,22005,69347,30381,22005,62088,41285,22005,51184,55270,22005,37199,3258,22005,89211,15816,73736,76653,23122,130054,69347,30381,189399,62088,41285,298151,51184,55270,501623,37199,20053,102928,72416,20053,102928,72416,26054,102928,66415,33135,102928,59334,38949,102928,53520,46582,102928,45887,57844,102928,34625,20053,102928,72416,26054,154760,66415,33135,210439,59334,38949,267982,53520,46582,366914,45887,57844,544983,34625
08_003725_003745_s5,08,block007,7349,18144,50558,7349,18144,50558,15610,18144,42297,20980,18144,36927,25828,18144,32079,30924,18144,26983,37232,18144,20675,7349,18144,50558,15610,62920,42297,20980,113403,36927,25828,166303,32079,30924,263591,26983,37232,488187,20675,18573,86568,39334,18573,86568,39334,22959,86568,34948,27073,86568,30834,29806,86568,28101,32967,86568,24940,39218,86568,18689,18573,86568,39334,22959,133529,34948,27073,183671,30834,29806,234963,28101,32967,329334,24940,39218,547770,18689
08_003750_003770_s5,08,block007,8844,9909,84801,8844,9909,84801,20644,9909,73001,28150,9909,65495,35102,9909,58543,42724,9909,50921,53397,9909,40248,8844,9909,84801,20644,43368,73001,28150,85521,65495,35102,130965,58543,42724,215041,50921,53397,412276,40248,24754,62710,68891,24754,62710,68891,31317,62710,62328,37061,62710,56584,41033,62710,52612,46836,62710,46809,55529,62710,38116,24754,62710,68891,31317,103840,62328,37061,146438,56584,41033,190115,52612,46836,274091,46809,55529,463846,38116
08_003775_003795_s5,08,block007,5895,19457,92685,5895,19457,92685,23126,19457,75454,36510,19457,62070,46063,19457,52517,58585,19457,39995,80946,19457,17634,5895,19457,92685,23126,78009,75454,36510,148840,62070,46063,225057,52517,58585,370303,39995,80946,704350,17634,30519,110120,68061,30519,110120,68061,41047,110120,57533,48735,110120,49845,55115,110120,43465,67262,110120,31318,84278,110120,14302,30519,110120,68061,41047,178238,57533,48735,250896,49845,55115,325760,43465,67262,468029,31318,84278,785013,14302
08_003800_003820_s5,08,block007,3671,12270,104485,3671,12270,104485,21730,12270,86426,36847,12270,71309,45923,12270,62233,58215,12270,49941,78188,12270,29968,3671,12270,104485,21730,56507,86426,36847,121342,71309,45923,197820,62233,58215,344741,49941,78188,676801,29968,30829,85862,77327,30829,85862,77327,41353,85862,66803,48555,85862,59601,54651,85862,53505,66357,85862,41799,80974,85862,27182,30829,85862,77327,41353,151964,66803,48555,224305,59601,54651,300303,53505,66357,443935,41799,80974,757851,27182
08_003825_003845_s5,08,block007,7184,17754,109574,7184,17754,109574,30460,17754,86298,45245,17754,71513,55802,17754,60956,69746,17754,47012,88560,17754,28198,7184,17754,109574,30460,97148,86298,45245,205031,71513,55802,311773,60956,69746,492878,47012,88560,861125,28198,39207,153266,77551,39207,153266,77551,50359,153266,66399,59096,153266,57662,66520,153266,50238,75804,153266,40954,92883,153266,23875,39207,153266,77551,50359,250672,66399,59096,347294,57662,66520,441231,50238,75804,608603,40954,92883,941447,23875
08_003850_003870_s5,08,block007,6211,20925,97722,6211,20925,97722,30005,20925,73928,45354,20925,58579,56432,20925,47501,67615,20925,36318,88267,20925,15666,6211,20925,97722,30005,95935,73928,45354,199255,58579,56432,305389,47501,67615,480433,36318,88267,852299,15666,38822,146935,65111,38822,146935,65111,50837,146935,53096,59129,146935,44804,64683,146935,39250,75191,146935,28742,92038,146935,11895,38822,146935,65111,50837,243798,53096,59129,339554,44804,64683,430042,39250,75191,590736,28742,92038,936041,11895
08_003875_003895_s5,08,block007,5813,14552,106051,5813,14552,106051,23905,14552,87959,35106,14552,76758,45004,14552,66860,59867,14552,51997,83588,14552,28276,5813,14552,106051,23905,62256,87959,35106,124969,76758,45004,193545,66860,59867,328654,51997,83588,631544,28276,30216,91490,81648,30216,91490,81648,39259,91490,72605,48392,91490,63472,56327,91490,55537,68837,91490,43027,87241,91490,24623,30216,91490,81648,39259,151810,72605,48392,217475,63472,56327,287363,55537,68837,422292,43027,87241,690908,24623
08_003900_003920_s5,08,block007,6640,11714,114695,6640,11714,114695,23881,11714,97454,36000,11714,85335,44395,11714,76940,57614,11714,63721,77089,11714,44246,6640,11714,114695,23881,53328,97454,36000,109797,85335,44395,171876,76940,57614,283033,63721,77089,533139,44246,30974,80203,90361,30974,80203,90361,39819,80203,81516,47241,80203,74094,54468,80203,66867,63952,80203,57383,81491,80203,39844,30974,80203,90361,39819,134794,81516,47241,192858,74094,54468,250638,66867,63952,356413,57383,81491,591413,39844
08_003925_003945_s5,08,block007,5196,5115,111286,5196,5115,111286,20031,5115,96451,29348,5115,87134,36894,5115,79588,49127,5115,67355,69436,5115,47046,5196,5115,111286,20031,33231,96451,29348,82428,87134,36894,141261,79588,49127,260865,67355,69436,557488,47046,25733,55919,90749,25733,55919,90749,32731,55919,83751,39573,55919,76909,46151,55919,70331,55476,55919,61006,73722,55919,42760,25733,55919,90749,32731,105880,83751,39573,162773,76909,46151,224864,70331,55476,350248,61006,73722,627791,42760
08_003950_003970_s5,08,block007,11414,11105,80126,11414,11105,80126,31418,11105,60122,41232,11105,50308,48727,11105,42813,57351,11105,34189,67331,11105,24209,11414,11105,80126,31418,56794,60122,41232,124435,50308,48727,215298,42813,57351,426499,34189,67331,865274,24209,36900,88357,54640,36900,88357,54640,44520,88357,47020,50877,88357,40663,55702,88357,35838,60831,88357,30709,69642,88357,21898,36900,88357,54640,44520,159956,47020,50877,252796,40663,55702,364436,35838,60831,569249,30709,69642,959127,21898
08_003975_003995_s5,08,block007,7209,23445,85576,7209,23445,85576,28087,23445,64698,37366,23445,55419,43382,23445,49403,50663,23445,42122,64906,23445,27879,7209,23445,85576,28087,90930,64698,37366,179286,55419,43382,285618,49403,50663,498220,42122,64906,965725,27879,33404,130295,59381,33404,130295,59381,39944,130295,52841,45078,130295,47707,48904,130295,43881,55226,130295,37559,68006,130295,24779,33404,130295,59381,39944,219903,52841,45078,323885,47707,48904,434962,43881,55226,642262,37559,68006,1081066,24779
08_004000_004020_s5,08,block007,2251,16087,80927,2251,16087,80927,17816,16087,65362,23770,16087,59408,27301,16087,55877,31758,16087,51420,42913,16087,40265,2251,16087,80927,17816,60129,65362,23770,115048,59408,27301,181843,55877,31758,319046,51420,42913,650600,40265,21663,81059,61515,21663,81059,61515,25174,81059,58004,28301,81059,54877,30639,81059,52539,34634,81059,48544,46292,81059,36886,21663,81059,61515,25174,137395,58004,28301,204393,54877,30639,276348,52539,34634,412328,48544,46292,742097,36886
08_004025_004045_s5,08,block007,1793,21723,79615,1793,21723,79615,22231,21723,59177,30385,21723,51023,34435,21723,46973,39176,21723,42232,49277,21723,32131,1793,21723,79615,22231,81803,59177,30385,155634,51023,34435,239913,46973,39176,408853,42232,49277,808899,32131,27835,113597,53573,27835,113597,53573,32428,113597,48980,35547,113597,45861,38013,113597,43395,42317,113597,39091,51438,113597,29970,27835,113597,53573,32428,187324,48980,35547,269371,45861,38013,357397,43395,42317,526774,39091,51438,911755,29970
08_004050_004070_s5,08,block007,2416,33863,10678,2416,33863,10678,7204,33863,5890,8367,33863,4727,9034,33863,4060,9959,33863,3135,11988,33863,1106,2416,33863,10678,7204,135183,5890,8367,251122,4727,9034,374045,4060,9959,597064,3135,11988,1044453,1106,7965,186680,5129,7965,186680,5129,8694,186680,4400,9186,186680,3908,9477,186680,3617,11086,186680,2008,12294,186680,800,7965,186680,5129,8694,297721,4400,9186,414488,3908,9477,530185,3617,11086,731169,2008,12294,1144282,800
