clip_id,group,scale,n_points,n_raw,n_dil,n_dilation_only
08_000000_000020_s5,08,27.310438992376294,313346,44640,290865,246225
08_000025_000045_s5,08,20.430790122038403,272024,24742,125616,100874
08_000050_000070_s5,08,23.11218525179856,268474,26000,177971,151971
08_000075_000095_s5,08,30.616593595488254,273500,34741,225061,190320
08_000100_000120_s5,08,34.78308244010089,295997,40687,279088,238401
08_000125_000145_s5,08,32.34173233695651,336874,48153,298795,250642
08_000150_000170_s5,08,30.599478420487102,315562,39186,312208,273022
08_000175_000195_s5,08,34.533301999266335,331794,43348,309156,265808
08_000200_000220_s5,08,32.957928856382985,308072,35927,254546,218619
08_000225_000245_s5,08,32.601192650496785,302801,39227,240996,201769
08_000250_000270_s5,08,26.24367156124498,304974,32936,191346,158410
08_000275_000295_s5,08,31.679200504828803,309471,37487,272939,235452
08_000300_000320_s5,08,34.01225809552291,313801,39286,297943,258657
08_000325_000345_s5,08,32.748576895352784,322273,43891,288457,244566
08_000350_000370_s5,08,31.336696068548402,305075,32346,251332,218986
08_000375_000395_s5,08,30.531010005619382,275830,31927,187733,155806
08_000400_000420_s5,08,28.857585447864665,261609,33541,198172,164631
08_000425_000445_s5,08,27.818004348358652,285200,28685,179472,150787
08_000450_000470_s5,08,28.924703512105854,300193,35633,263020,227387
08_000475_000495_s5,08,25.631060243435446,330417,38668,214664,175996
08_000500_000520_s5,08,22.281975302851635,327668,29268,150805,121537
08_000525_000545_s5,08,22.728505721830988,341424,27826,149996,122170
08_000550_000570_s5,08,23.809552389223914,344407,33061,164832,131771
08_000575_000595_s5,08,21.50504018660072,339824,25112,135453,110341
08_000600_000620_s5,08,24.37002383364506,331788,28503,164368,135865
08_000625_000645_s5,08,23.750335200722176,341904,29775,159520,129745
08_000650_000670_s5,08,22.704262462172156,341816,23621,139166,115545
08_000675_000695_s5,08,24.858381153207958,360177,41452,222151,180699
08_000700_000720_s5,08,21.538489060539515,321444,29029,166250,137221
08_000725_000745_s5,08,26.89738292528874,336610,38991,200842,161851
08_000750_000770_s5,08,27.465019985465123,351639,41133,233038,191905
08_000775_000795_s5,08,23.164181495313414,348911,35108,179515,144407
08_000800_000820_s5,08,21.626004509914146,323094,21097,119273,98176
08_000825_000845_s5,08,25.614180883090814,351899,34476,167598,133122
08_000850_000870_s5,08,22.01177651340111,347984,24489,132351,107862
08_000875_000895_s5,08,21.718402701364436,329777,26630,145083,118453
08_000900_000920_s5,08,25.071467282550696,339462,33109,170828,137719
08_000925_000945_s5,08,25.4234813389866,337490,30837,168692,137855
08_000950_000970_s5,08,25.026675988162125,328107,28567,179491,150924
08_000975_000995_s5,08,27.32982823021886,312331,40337,217091,176754
08_001000_001020_s5,08,25.570636967367857,295406,35878,243488,207610
08_001025_001045_s5,08,28.07845000000001,332738,47819,281948,234129
08_001050_001070_s5,08,26.359639557567725,328709,37777,216439,178662
08_001075_001095_s5,08,24.688657688878074,328100,32778,173272,140494
08_001100_001120_s5,08,25.671538194444448,324922,31990,194121,162131
08_001125_001145_s5,08,26.361572000542882,328232,34322,221048,186726
08_001150_001170_s5,08,27.718296834867292,345668,43761,221715,177954
08_001175_001195_s5,08,23.849876693532433,333813,27338,136659,109321
08_001200_001220_s5,08,21.092922453703704,330111,26538,151166,124628
08_001225_001245_s5,08,18.529547614020274,348083,21965,102884,80919
08_001250_001270_s5,08,21.540361845563492,312901,28086,180087,152001
08_001275_001295_s5,08,26.222077235499462,341220,43526,252737,209211
08_001300_001320_s5,08,21.89308785973199,315038,32164,178600,146436
08_001325_001345_s5,08,21.3964058849299,335553,31050,141341,110291
08_001350_001370_s5,08,24.330205157520318,332402,23592,143303,119711
08_001375_001395_s5,08,24.039185496490887,335790,34468,187235,152767
08_001400_001420_s5,08,22.252197265624996,323930,34692,178455,143763
08_001425_001445_s5,08,24.90979521369007,334956,32605,179020,146415
08_001450_001470_s5,08,24.928250170836836,338340,33569,193515,159946
08_001475_001495_s5,08,20.767135876999156,346923,32458,164159,131701
08_001500_001520_s5,08,18.902288334177765,309101,19785,108636,88851
08_001525_001545_s5,08,25.753903369284654,334648,34317,179777,145460
08_001550_001570_s5,08,26.693665957738745,328552,29121,144428,115307
08_001575_001595_s5,08,27.487890905823154,264181,29349,154904,125555
08_001600_001620_s5,08,30.54601720861486,235548,26188,157044,130856
08_001625_001645_s5,08,26.6931554702889,287156,35379,221302,185923
08_001650_001670_s5,08,26.97492362081006,317042,38983,231489,192506
08_001675_001695_s5,08,28.76829679915049,317952,40340,263782,223442
08_001700_001720_s5,08,30.15470443766938,317270,41381,263198,221817
08_001725_001745_s5,08,35.312538640962224,285948,30518,213300,182782
08_001750_001770_s5,08,36.4217212818287,303479,36695,307692,270997
08_001775_001795_s5,08,30.726522487195894,301700,48418,365174,316756
08_001800_001820_s5,08,29.31820837544215,306044,42768,247277,204509
08_001825_001845_s5,08,24.10196428571429,316608,38086,198836,160750
08_001850_001870_s5,08,25.342065379964357,326747,33838,196971,163133
08_001875_001895_s5,08,28.042912228697748,319425,31932,224752,192820
08_001900_001920_s5,08,24.493472166166974,320067,31281,189385,158104
08_001925_001945_s5,08,15.007189990039842,322714,16198,94076,77878
08_001950_001970_s5,08,14.92644411396368,309363,16225,77146,60921
08_001975_001995_s5,08,16.0530814178719,314003,18541,93707,75166
08_002000_002020_s5,08,20.418627361918603,339035,24713,118067,93354
08_002025_002045_s5,08,21.635706271891415,307793,21194,107780,86586
08_002050_002070_s5,08,19.97427471427286,309998,16190,82374,66184
08_002075_002095_s5,08,19.98012492010592,334124,24801,116021,91220
08_002100_002120_s5,08,18.937683945105825,302054,14515,85189,70674
08_002125_002145_s5,08,17.436723497178818,346926,26089,113576,87487
08_002150_002170_s5,08,14.912888662060299,332183,17370,91535,74165
08_002175_002195_s5,08,19.252559039518175,300939,17548,93389,75841
08_002200_002220_s5,08,21.890198178088795,340946,19271,109033,89762
08_002225_002245_s5,08,22.651850905373824,343270,27830,152387,124557
08_002250_002270_s5,08,17.69162270715751,334028,21679,108773,87094
08_002275_002295_s5,08,17.93669514910922,318620,17226,83042,65816
08_002300_002320_s5,08,24.154363121345032,347919,22969,135258,112289
08_002325_002345_s5,08,20.90587297738456,347894,21440,115013,93573
08_002350_002370_s5,08,18.79520488378421,348238,23349,113610,90261
08_002375_002395_s5,08,17.405364299559928,334563,14952,70782,55830
08_002400_002420_s5,08,21.666479920504386,298057,14322,91158,76836
08_002425_002445_s5,08,21.75181465718283,304072,13619,91578,77959
08_002450_002470_s5,08,23.01655292145594,351885,41873,201884,160011
08_002475_002495_s5,08,21.21390296994275,316920,34614,199036,164422
08_002500_002520_s5,08,16.37225867437722,301949,19858,109895,90037
08_002525_002545_s5,08,17.700779408515025,311790,19579,87728,68149
08_002550_002570_s5,08,21.08020213293651,335021,20848,124587,103739
08_002575_002595_s5,08,23.4649962308114,360251,27407,145168,117761
08_002600_002620_s5,08,20.887482566660363,375844,27447,145938,118491
08_002625_002645_s5,08,19.552969398340245,321041,21597,115997,94400
08_002650_002670_s5,08,24.301013166130176,305447,30605,175160,144555
08_002675_002695_s5,08,25.208096590909093,303158,25299,159107,133808
08_002700_002720_s5,08,28.107061772936785,303983,28511,177391,148880
08_002725_002745_s5,08,28.918303414676966,302993,32658,227875,195217
08_002750_002770_s5,08,26.357937731745583,353237,34581,188796,154215
08_002775_002795_s5,08,25.60099142323369,318560,26504,166859,140355
08_002800_002820_s5,08,29.62796819820483,301394,34875,235516,200641
08_002825_002845_s5,08,26.914763453032858,331346,33230,208490,175260
08_002850_002870_s5,08,30.097720015870603,285294,32816,214776,181960
08_002875_002895_s5,08,33.135548642533934,244196,26266,188137,161871
08_002900_002920_s5,08,29.535323241623335,291479,26287,185199,158912
08_002925_002945_s5,08,30.898440151900882,293007,41235,295997,254762
08_002950_002970_s5,08,25.344555824798828,275740,34404,252726,218322
08_002975_002995_s5,08,23.68451900158898,267900,23299,159280,135981
08_003000_003020_s5,08,27.038182959935096,281257,27894,186941,159047
08_003025_003045_s5,08,29.23606034072361,309444,39283,221267,181984
08_003050_003070_s5,08,24.94918817622008,313019,36945,209694,172749
08_003075_003095_s5,08,24.04576871867168,282096,25019,146875,121856
08_003100_003120_s5,08,21.120568307522124,324783,18628,95156,76528
08_003125_003145_s5,08,21.501781141020047,308546,21112,115840,94728
08_003150_003170_s5,08,23.300665794334975,314826,22697,123119,100422
08_003175_003195_s5,08,25.16179125691457,336371,28850,167861,139011
08_003200_003220_s5,08,24.952819165091793,332112,25588,135541,109953
08_003225_003245_s5,08,23.234176612493656,304758,18779,102771,83992
08_003250_003270_s5,08,24.637669121168578,321116,26450,144949,118499
08_003275_003295_s5,08,27.204350344581755,323642,26308,154149,127841
08_003300_003320_s5,08,27.08095040560472,319961,25375,137139,111764
08_003325_003345_s5,08,24.28769193975668,341544,22346,120371,98025
08_003350_003370_s5,08,26.146939453125007,316774,31756,187469,155713
08_003375_003395_s5,08,22.476372839014225,333719,24889,110219,85330
08_003400_003420_s5,08,21.227605447786225,338102,28437,132681,104244
08_003425_003445_s5,08,18.70696752965892,326470,21948,104822,82874
08_003450_003470_s5,08,21.40917252444988,340639,21078,110202,89124
08_003475_003495_s5,08,22.99260848148827,335501,21945,117334,95389
08_003500_003520_s5,08,23.72577711640211,340516,19053,98571,79518
08_003525_003545_s5,08,22.327755401072327,345917,14870,92118,77248
08_003550_003570_s5,08,26.19887219551282,321494,32701,181734,149033
08_003575_003595_s5,08,23.175025510204083,327188,22568,126176,103608
08_003600_003620_s5,08,23.04599544701987,325886,20410,125089,104679
08_003625_003645_s5,08,24.361522916666672,319815,24936,135185,110249
08_003650_003670_s5,08,23.375379276567276,334012,25282,124788,99506
08_003675_003695_s5,08,22.319365332357854,322454,17987,110540,92553
08_003700_003720_s5,08,22.516408661265427,333189,26336,136179,109843
08_003725_003745_s5,08,21.627198215588525,345093,27840,123273,95433
08_003750_003770_s5,08,17.35066272022422,331976,20739,108521,87782
08_003775_003795_s5,08,25.03298413825758,329478,34136,182737,148601
08_003800_003820_s5,08,30.501891360681654,325818,32167,204390,172223
08_003825_003845_s5,08,30.896050741076824,316421,36132,269440,233308
08_003850_003870_s5,08,29.25076588954124,326858,41822,260875,219053
08_003875_003895_s5,08,26.831443093039773,334796,28690,166347,137657
08_003900_003920_s5,08,25.439076531959852,327461,25583,147262,121679
08_003925_003945_s5,08,25.98692674512987,281785,15392,112521,97129
08_003950_003970_s5,08,30.01544092169092,266124,28056,204879,176823
08_003975_003995_s5,08,30.38870169370229,260638,33940,200871,166931
08_004000_004020_s5,08,23.470073460820895,235196,19822,118475,98653
08_004025_004045_s5,08,23.417388630319145,239330,24158,167594,143436
08_004050_004070_s5,08,27.859297791846814,293439,41385,255609,214224
